fecha,producto_id,nombre,categoria,subcategoria,precio_base,es_estrella,unidades_vendidas,ingresos,año,mes,día_mes,día_semana,día_semana_num,es_fin_semana,es_lunes,es_viernes,es_sabado,es_domingo,es_festivo,nombre_festivo,es_black_friday,es_cyber_monday,es_temporada_navidad,es_inicio_año,es_verano,es_cuarentena_pascua,num_semana,trimestre,día_año,días_hasta_fin_año,mes_tiene_31_dias,día_en_mes,es_fin_mes,es_inicio_mes,lag_1_unidades_vendidas,lag_2_unidades_vendidas,lag_3_unidades_vendidas,lag_4_unidades_vendidas,lag_5_unidades_vendidas,lag_6_unidades_vendidas,lag_7_unidades_vendidas,media_movil_7_unidades_vendidas,descuento_porcentaje,ratio_precio
2021-11-01,PROD_001,Nike Air Zoom Pegasus 40,Running,Zapatillas Running,115,True,7,805.49,2021,11,1,Monday,0,False,True,False,False,False,True,Todos los Santos,False,False,True,False,False,False,44,4,305,60,False,1,False,True,9.0,12.0,12.0,7.0,8.0,8.0,6.0,8.857142857142858,-0.06086956521738537,1.2067748024889882
2021-11-02,PROD_001,Nike Air Zoom Pegasus 40,Running,Zapatillas Running,115,True,10,1161.0,2021,11,2,Tuesday,1,False,False,False,False,False,False,,False,False,True,False,False,False,44,4,306,59,False,2,False,True,7.0,9.0,12.0,12.0,7.0,8.0,8.0,9.0,-0.9565217391304299,1.207446439714345
2021-11-03,PROD_001,Nike Air Zoom Pegasus 40,Running,Zapatillas Running,115,True,11,1260.38,2021,11,3,Wednesday,2,False,False,False,False,False,False,,False,False,True,False,False,False,44,4,307,58,False,3,False,True,10.0,7.0,9.0,12.0,12.0,7.0,8.0,9.285714285714286,0.3652173913043493,1.2030659386812261
2021-11-04,PROD_001,Nike Air Zoom Pegasus 40,Running,Zapatillas Running,115,True,12,1346.76,2021,11,4,Thursday,3,False,False,False,False,False,False,,False,False,True,False,False,False,44,4,308,57,False,4,False,False,11.0,10.0,7.0,9.0,12.0,12.0,7.0,9.714285714285714,2.40869565217391,1.1619215239672847
2021-11-05,PROD_001,Nike Air Zoom Pegasus 40,Running,Zapatillas Running,115,True,10,1138.1,2021,11,5,Friday,4,False,False,True,False,False,False,,False,False,True,False,False,False,44,4,309,56,False,5,False,False,12.0,11.0,10.0,7.0,9.0,12.0,12.0,10.428571428571429,1.0347826086956502,1.1834251845689925
2021-11-06,PROD_001,Nike Air Zoom Pegasus 40,Running,Zapatillas Running,115,True,10,1178.0,2021,11,6,Saturday,5,True,False,False,True,False,False,,False,False,True,False,False,False,44,4,310,55,False,6,False,False,10.0,12.0,11.0,10.0,7.0,9.0,12.0,10.142857142857142,-2.4347826086956497,1.234326429394712
2021-11-07,PROD_001,Nike Air Zoom Pegasus 40,Running,Zapatillas Running,115,True,10,1160.4,2021,11,7,Sunday,6,True,False,False,False,True,False,,False,False,True,False,False,False,44,4,311,54,False,7,False,False,10.0,10.0,12.0,11.0,10.0,7.0,9.0,9.857142857142858,-0.904347826086962,1.2068224363863276
2021-11-08,PROD_001,Nike Air Zoom Pegasus 40,Running,Zapatillas Running,115,True,9,1021.14,2021,11,8,Monday,0,False,True,False,False,False,False,,False,False,True,False,False,False,45,4,312,53,False,8,False,False,10.0,10.0,10.0,12.0,11.0,10.0,7.0,10.0,1.339130434782614,1.1696505274732827
2021-11-09,PROD_001,Nike Air Zoom Pegasus 40,Running,Zapatillas Running,115,True,11,1253.78,2021,11,9,Tuesday,1,False,False,False,False,False,False,,False,False,True,False,False,False,45,4,313,52,False,9,False,False,9.0,10.0,10.0,10.0,12.0,11.0,10.0,10.285714285714286,0.886956521739127,1.1758596973865199
2021-11-10,PROD_001,Nike Air Zoom Pegasus 40,Running,Zapatillas Running,115,True,10,1175.7,2021,11,10,Wednesday,2,False,False,False,False,False,False,,False,False,True,False,False,False,45,4,314,51,False,10,False,False,11.0,9.0,10.0,10.0,10.0,12.0,11.0,10.428571428571429,-2.2347826086956464,1.220323149846037
2021-11-11,PROD_001,Nike Air Zoom Pegasus 40,Running,Zapatillas Running,115,True,10,1181.1,2021,11,11,Thursday,3,False,False,False,False,False,False,,False,False,True,False,False,False,45,4,315,50,False,11,False,False,10.0,11.0,9.0,10.0,10.0,10.0,12.0,10.285714285714286,-2.704347826086956,1.2223333793293776
2021-11-12,PROD_001,Nike Air Zoom Pegasus 40,Running,Zapatillas Running,115,True,11,1235.74,2021,11,12,Friday,4,False,False,True,False,False,False,,False,False,True,False,False,False,45,4,316,49,False,12,False,False,10.0,10.0,11.0,9.0,10.0,10.0,10.0,10.0,2.313043478260867,1.1795464090718184
2021-11-13,PROD_001,Nike Air Zoom Pegasus 40,Running,Zapatillas Running,115,True,17,1939.87,2021,11,13,Saturday,5,True,False,False,True,False,False,,False,False,True,False,False,False,45,4,317,48,False,13,False,False,11.0,10.0,10.0,11.0,9.0,10.0,10.0,10.142857142857142,0.7739130434782614,1.175785677485832
2021-11-14,PROD_001,Nike Air Zoom Pegasus 40,Running,Zapatillas Running,115,True,9,1051.29,2021,11,14,Sunday,6,True,False,False,False,True,False,,False,False,True,False,False,False,45,4,318,47,False,14,False,False,17.0,11.0,10.0,10.0,11.0,9.0,10.0,11.142857142857142,-1.5739130434782627,1.2046407700240633
2021-11-15,PROD_001,Nike Air Zoom Pegasus 40,Running,Zapatillas Running,115,True,12,1380.96,2021,11,15,Monday,0,False,True,False,False,False,False,,False,False,True,False,False,False,46,4,319,46,False,15,False,False,9.0,17.0,11.0,10.0,10.0,11.0,9.0,11.0,-0.06956521739130286,1.2054890184713154
2021-11-16,PROD_001,Nike Air Zoom Pegasus 40,Running,Zapatillas Running,115,True,11,1253.56,2021,11,16,Tuesday,1,False,False,False,False,False,False,,False,False,True,False,False,False,46,4,320,45,False,16,False,False,12.0,9.0,17.0,11.0,10.0,10.0,11.0,11.428571428571429,0.904347826086962,1.1977717829240093
2021-11-17,PROD_001,Nike Air Zoom Pegasus 40,Running,Zapatillas Running,115,True,10,1135.1,2021,11,17,Wednesday,2,False,False,False,False,False,False,,False,False,True,False,False,False,46,4,321,44,False,17,False,False,11.0,12.0,9.0,17.0,11.0,10.0,10.0,11.428571428571429,1.295652173913039,1.1818623537986326
2021-11-18,PROD_001,Nike Air Zoom Pegasus 40,Running,Zapatillas Running,115,True,9,1017.09,2021,11,18,Thursday,3,False,False,False,False,False,False,,False,False,True,False,False,False,46,4,322,43,False,18,False,False,10.0,11.0,12.0,9.0,17.0,11.0,10.0,11.428571428571429,1.7304347826086912,1.1609423689346987
2021-11-19,PROD_001,Nike Air Zoom Pegasus 40,Running,Zapatillas Running,115,True,14,1563.38,2021,11,19,Friday,4,False,False,True,False,False,False,,False,False,True,False,False,False,46,4,323,42,False,19,False,False,9.0,10.0,11.0,12.0,9.0,17.0,11.0,11.285714285714286,2.895652173913042,1.1485925875132854
2021-11-20,PROD_001,Nike Air Zoom Pegasus 40,Running,Zapatillas Running,115,True,13,1497.6,2021,11,20,Saturday,5,True,False,False,True,False,False,,False,False,True,False,False,False,46,4,324,41,False,20,False,False,14.0,9.0,10.0,11.0,12.0,9.0,17.0,11.714285714285714,-0.17391304347826333,1.2077581687925913
2021-11-21,PROD_001,Nike Air Zoom Pegasus 40,Running,Zapatillas Running,115,True,10,1159.3,2021,11,21,Sunday,6,True,False,False,False,True,False,,False,False,True,False,False,False,46,4,325,40,False,21,False,False,13.0,14.0,9.0,10.0,11.0,12.0,9.0,11.142857142857142,-0.8086956521739189,1.2085273472791718
2021-11-22,PROD_001,Nike Air Zoom Pegasus 40,Running,Zapatillas Running,115,True,11,1264.78,2021,11,22,Monday,0,False,True,False,False,False,False,,False,False,True,False,False,False,47,4,326,39,False,22,False,False,10.0,13.0,14.0,9.0,10.0,11.0,12.0,11.285714285714286,0.017391304347822628,1.2130398086932057
2021-11-23,PROD_001,Nike Air Zoom Pegasus 40,Running,Zapatillas Running,115,True,12,1345.08,2021,11,23,Tuesday,1,False,False,False,False,False,False,,False,False,True,False,False,False,47,4,327,38,False,23,False,False,11.0,10.0,13.0,14.0,9.0,10.0,11.0,11.142857142857142,2.5304347826086926,1.2549261083743843
2021-11-24,PROD_001,Nike Air Zoom Pegasus 40,Running,Zapatillas Running,115,True,14,1566.74,2021,11,24,Wednesday,2,False,False,False,False,False,False,,False,False,True,False,False,False,47,4,328,37,False,24,False,False,12.0,11.0,10.0,13.0,14.0,9.0,10.0,11.285714285714286,2.6869565217391336,1.272090027280994
2021-11-25,PROD_001,Nike Air Zoom Pegasus 40,Running,Zapatillas Running,115,True,14,1572.62,2021,11,25,Thursday,3,False,False,False,False,False,False,,False,False,True,False,False,False,47,4,329,36,False,25,False,False,14.0,12.0,11.0,10.0,13.0,14.0,9.0,11.857142857142858,2.3217391304347843,1.2444698844122752
2021-11-26,PROD_001,Nike Air Zoom Pegasus 40,Running,Zapatillas Running,115,True,44,4301.0,2021,11,26,Friday,4,False,False,True,False,False,False,,True,False,True,False,False,False,47,4,330,35,False,26,False,False,14.0,14.0,12.0,11.0,10.0,13.0,14.0,12.571428571428571,15.0,1.051687811001031
2021-11-27,PROD_001,Nike Air Zoom Pegasus 40,Running,Zapatillas Running,115,True,49,4958.8,2021,11,27,Saturday,5,True,False,False,True,False,False,,False,False,True,False,False,False,47,4,331,34,False,27,False,False,44.0,14.0,14.0,12.0,11.0,10.0,13.0,16.857142857142858,11.999999999999998,1.0401267611665455
2021-11-28,PROD_001,Nike Air Zoom Pegasus 40,Running,Zapatillas Running,115,True,36,3643.2,2021,11,28,Sunday,6,True,False,False,False,True,False,,False,False,True,False,False,False,47,4,332,33,False,28,True,False,49.0,44.0,14.0,14.0,12.0,11.0,10.0,22.0,11.999999999999998,1.0361774744027303
2021-11-29,PROD_001,Nike Air Zoom Pegasus 40,Running,Zapatillas Running,115,True,36,3519.0,2021,11,29,Monday,0,False,True,False,False,False,False,,False,True,True,False,False,False,48,4,333,32,False,29,True,False,36.0,49.0,44.0,14.0,14.0,12.0,11.0,25.714285714285715,15.0,1.0505104782375068
2021-11-30,PROD_001,Nike Air Zoom Pegasus 40,Running,Zapatillas Running,115,True,35,3703.0,2021,11,30,Tuesday,1,False,False,False,False,False,False,,False,False,True,False,False,False,48,4,334,31,False,30,True,False,36.0,36.0,49.0,44.0,14.0,14.0,12.0,29.285714285714285,8.000000000000004,0.9983879212047339
2022-10-25,PROD_001,Nike Air Zoom Pegasus 40,Running,Zapatillas Running,115,True,10,1151.8,2022,10,25,Tuesday,1,False,False,False,False,False,False,,False,False,False,False,False,False,43,4,298,67,True,25,False,False,35.0,36.0,36.0,49.0,44.0,14.0,14.0,32.57142857142857,-0.1565217391304407,1.1641006636795475
2022-10-26,PROD_001,Nike Air Zoom Pegasus 40,Running,Zapatillas Running,115,True,11,1302.73,2022,10,26,Wednesday,2,False,False,False,False,False,False,,False,False,False,False,False,False,43,4,299,66,True,26,False,False,10.0,35.0,36.0,36.0,49.0,44.0,14.0,32.0,-2.98260869565218,1.1839448165550335
2022-10-27,PROD_001,Nike Air Zoom Pegasus 40,Running,Zapatillas Running,115,True,12,1343.4,2022,10,27,Thursday,3,False,False,False,False,False,False,,False,False,False,False,False,False,43,4,300,65,True,27,False,False,11.0,10.0,35.0,36.0,36.0,49.0,44.0,31.571428571428573,2.652173913043476,1.126899976512432
2022-10-28,PROD_001,Nike Air Zoom Pegasus 40,Running,Zapatillas Running,115,True,12,1385.64,2022,10,28,Friday,4,False,False,True,False,False,False,,False,False,False,False,False,False,43,4,301,64,True,28,True,False,12.0,11.0,10.0,35.0,36.0,36.0,49.0,27.0,-0.40869565217391207,1.1542767651860983
2022-10-29,PROD_001,Nike Air Zoom Pegasus 40,Running,Zapatillas Running,115,True,14,1585.92,2022,10,29,Saturday,5,True,False,False,True,False,False,,False,False,False,False,False,False,43,4,302,63,True,29,True,False,12.0,12.0,11.0,10.0,35.0,36.0,36.0,21.714285714285715,1.4956521739130426,1.1384924623115578
2022-10-30,PROD_001,Nike Air Zoom Pegasus 40,Running,Zapatillas Running,115,True,14,1601.6,2022,10,30,Sunday,6,True,False,False,False,True,False,,False,False,False,False,False,False,43,4,303,62,True,30,True,False,14.0,12.0,12.0,11.0,10.0,35.0,36.0,18.571428571428573,0.5217391304347777,1.1544671689989239
2022-10-31,PROD_001,Nike Air Zoom Pegasus 40,Running,Zapatillas Running,115,True,9,1038.87,2022,10,31,Monday,0,False,True,False,False,False,False,,False,False,False,False,False,False,44,4,304,61,True,31,True,False,14.0,14.0,12.0,12.0,11.0,10.0,35.0,15.428571428571429,-0.3739130434782668,1.1719574928929202
2022-11-01,PROD_001,Nike Air Zoom Pegasus 40,Running,Zapatillas Running,115,True,10,1128.3,2022,11,1,Tuesday,1,False,False,False,False,False,True,Todos los Santos,False,False,True,False,False,False,44,4,305,60,False,1,False,True,9.0,14.0,14.0,12.0,12.0,11.0,10.0,11.714285714285714,1.8869565217391318,1.1411185652159255
2022-11-02,PROD_001,Nike Air Zoom Pegasus 40,Running,Zapatillas Running,115,True,15,1694.25,2022,11,2,Wednesday,2,False,False,False,False,False,False,,False,False,True,False,False,False,44,4,306,59,False,2,False,True,10.0,9.0,14.0,14.0,12.0,12.0,11.0,11.714285714285714,1.7826086956521714,1.143141488428581
2022-11-03,PROD_001,Nike Air Zoom Pegasus 40,Running,Zapatillas Running,115,True,9,1034.82,2022,11,3,Thursday,3,False,False,False,False,False,False,,False,False,True,False,False,False,44,4,307,58,False,3,False,True,15.0,10.0,9.0,14.0,14.0,12.0,12.0,12.285714285714286,0.017391304347822628,1.1450670561678395
2022-11-04,PROD_001,Nike Air Zoom Pegasus 40,Running,Zapatillas Running,115,True,12,1373.88,2022,11,4,Friday,4,False,False,True,False,False,False,,False,False,True,False,False,False,44,4,308,57,False,4,False,False,9.0,15.0,10.0,9.0,14.0,14.0,12.0,11.857142857142858,0.44347826086956965,1.1421208392910585
2022-11-05,PROD_001,Nike Air Zoom Pegasus 40,Running,Zapatillas Running,115,True,18,2027.7,2022,11,5,Saturday,5,True,False,False,True,False,False,,False,False,True,False,False,False,44,4,309,56,False,5,False,False,12.0,9.0,15.0,10.0,9.0,14.0,14.0,11.857142857142858,2.04347826086956,1.1344030076197509
2022-11-06,PROD_001,Nike Air Zoom Pegasus 40,Running,Zapatillas Running,115,True,9,1060.92,2022,11,6,Sunday,6,True,False,False,False,True,False,,False,False,True,False,False,False,44,4,310,55,False,6,False,False,18.0,12.0,9.0,15.0,10.0,9.0,14.0,12.428571428571429,-2.5043478260869523,1.16463033097316
2022-11-07,PROD_001,Nike Air Zoom Pegasus 40,Running,Zapatillas Running,115,True,9,1041.48,2022,11,7,Monday,0,False,True,False,False,False,False,,False,False,True,False,False,False,45,4,311,54,False,7,False,False,9.0,18.0,12.0,9.0,15.0,10.0,9.0,11.714285714285714,-0.6260869565217381,1.1703468968074706
2022-11-08,PROD_001,Nike Air Zoom Pegasus 40,Running,Zapatillas Running,115,True,9,1049.31,2022,11,8,Tuesday,1,False,False,False,False,False,False,,False,False,True,False,False,False,45,4,312,53,False,8,False,False,9.0,9.0,18.0,12.0,9.0,15.0,10.0,11.714285714285714,-1.382608695652177,1.1699558469360447
2022-11-09,PROD_001,Nike Air Zoom Pegasus 40,Running,Zapatillas Running,115,True,9,1050.12,2022,11,9,Wednesday,2,False,False,False,False,False,False,,False,False,True,False,False,False,45,4,313,52,False,9,False,False,9.0,9.0,9.0,18.0,12.0,9.0,15.0,11.571428571428571,-1.4608695652173973,1.177396569122099
2022-11-10,PROD_001,Nike Air Zoom Pegasus 40,Running,Zapatillas Running,115,True,11,1297.89,2022,11,10,Thursday,3,False,False,False,False,False,False,,False,False,True,False,False,False,45,4,314,51,False,10,False,False,9.0,9.0,9.0,9.0,18.0,12.0,9.0,10.714285714285714,-2.5999999999999956,1.18293620292083
2022-11-11,PROD_001,Nike Air Zoom Pegasus 40,Running,Zapatillas Running,115,True,13,1483.04,2022,11,11,Friday,4,False,False,True,False,False,False,,False,False,True,False,False,False,45,4,315,50,False,11,False,False,11.0,9.0,9.0,9.0,9.0,18.0,12.0,11.0,0.8000000000000014,1.1510830082066459
2022-11-12,PROD_001,Nike Air Zoom Pegasus 40,Running,Zapatillas Running,115,True,11,1276.55,2022,11,12,Saturday,5,True,False,False,True,False,False,,False,False,True,False,False,False,45,4,316,49,False,12,False,False,13.0,11.0,9.0,9.0,9.0,9.0,18.0,11.142857142857142,-0.9130434782608671,1.1887526889063407
2022-11-13,PROD_001,Nike Air Zoom Pegasus 40,Running,Zapatillas Running,115,True,13,1469.78,2022,11,13,Sunday,6,True,False,False,False,True,False,,False,False,True,False,False,False,45,4,317,48,False,13,False,False,11.0,13.0,11.0,9.0,9.0,9.0,9.0,10.142857142857142,1.6869565217391285,1.1312410365873995
2022-11-14,PROD_001,Nike Air Zoom Pegasus 40,Running,Zapatillas Running,115,True,10,1167.8,2022,11,14,Monday,0,False,True,False,False,False,False,,False,False,True,False,False,False,46,4,318,47,False,14,False,False,13.0,11.0,13.0,11.0,9.0,9.0,9.0,10.714285714285714,-1.5478260869565228,1.1812664373862027
2022-11-15,PROD_001,Nike Air Zoom Pegasus 40,Running,Zapatillas Running,115,True,11,1296.9,2022,11,15,Tuesday,1,False,False,False,False,False,False,,False,False,True,False,False,False,46,4,319,46,False,15,False,False,10.0,13.0,11.0,13.0,11.0,9.0,9.0,10.857142857142858,-2.5217391304347876,1.1941255908170156
2022-11-16,PROD_001,Nike Air Zoom Pegasus 40,Running,Zapatillas Running,115,True,11,1243.55,2022,11,16,Wednesday,2,False,False,False,False,False,False,,False,False,True,False,False,False,46,4,320,45,False,16,False,False,11.0,10.0,13.0,11.0,13.0,11.0,9.0,11.142857142857142,1.6956521739130461,1.1336363940234648
2022-11-17,PROD_001,Nike Air Zoom Pegasus 40,Running,Zapatillas Running,115,True,11,1259.94,2022,11,17,Thursday,3,False,False,False,False,False,False,,False,False,True,False,False,False,46,4,321,44,False,17,False,False,11.0,11.0,10.0,13.0,11.0,13.0,11.0,11.428571428571429,0.3999999999999945,1.1332739685366577
2022-11-18,PROD_001,Nike Air Zoom Pegasus 40,Running,Zapatillas Running,115,True,13,1486.42,2022,11,18,Friday,4,False,False,True,False,False,False,,False,False,True,False,False,False,46,4,322,43,False,18,False,False,11.0,11.0,11.0,10.0,13.0,11.0,13.0,11.428571428571429,0.5739130434782579,1.1568971332209108
2022-11-19,PROD_001,Nike Air Zoom Pegasus 40,Running,Zapatillas Running,115,True,16,1828.16,2022,11,19,Saturday,5,True,False,False,True,False,False,,False,False,True,False,False,False,46,4,323,42,False,19,False,False,13.0,11.0,11.0,11.0,10.0,13.0,11.0,11.428571428571429,0.6434782608695608,1.1571804739720477
2022-11-20,PROD_001,Nike Air Zoom Pegasus 40,Running,Zapatillas Running,115,True,9,1049.58,2022,11,20,Sunday,6,True,False,False,False,True,False,,False,False,True,False,False,False,46,4,324,41,False,20,False,False,16.0,13.0,11.0,11.0,11.0,10.0,13.0,12.142857142857142,-1.4086956521739171,1.1733968339146768
2022-11-21,PROD_001,Nike Air Zoom Pegasus 40,Running,Zapatillas Running,115,True,11,1234.42,2022,11,21,Monday,0,False,True,False,False,False,False,,False,False,True,False,False,False,47,4,325,40,False,21,False,False,9.0,16.0,13.0,11.0,11.0,11.0,10.0,11.571428571428571,2.4173913043478272,1.129845286438232
2022-11-22,PROD_001,Nike Air Zoom Pegasus 40,Running,Zapatillas Running,115,True,11,1297.78,2022,11,22,Tuesday,1,False,False,False,False,False,False,,False,False,True,False,False,False,47,4,326,39,False,22,False,False,11.0,9.0,16.0,13.0,11.0,11.0,11.0,11.714285714285714,-2.59130434782609,1.2683293915287035
2022-11-23,PROD_001,Nike Air Zoom Pegasus 40,Running,Zapatillas Running,115,True,12,1418.64,2022,11,23,Wednesday,2,False,False,False,False,False,False,,False,False,True,False,False,False,47,4,327,38,False,23,False,False,11.0,11.0,9.0,16.0,13.0,11.0,11.0,11.714285714285714,-2.799999999999999,1.2797604012557284
2022-11-24,PROD_001,Nike Air Zoom Pegasus 40,Running,Zapatillas Running,115,True,11,1294.04,2022,11,24,Thursday,3,False,False,False,False,False,False,,False,False,True,False,False,False,47,4,328,37,False,24,False,False,12.0,11.0,11.0,9.0,16.0,13.0,11.0,11.857142857142858,-2.295652173913044,1.2808768555148262
2022-11-25,PROD_001,Nike Air Zoom Pegasus 40,Running,Zapatillas Running,115,True,58,5669.5,2022,11,25,Friday,4,False,False,True,False,False,False,,True,False,True,False,False,False,47,4,329,36,False,25,False,False,11.0,12.0,11.0,11.0,9.0,16.0,13.0,11.857142857142858,15.0,1.0232030704815072
2022-11-26,PROD_001,Nike Air Zoom Pegasus 40,Running,Zapatillas Running,115,True,57,5768.4,2022,11,26,Saturday,5,True,False,False,True,False,False,,False,False,True,False,False,False,47,4,330,35,False,26,False,False,58.0,11.0,12.0,11.0,11.0,9.0,16.0,18.285714285714285,11.999999999999998,0.9869158878504672
2022-11-27,PROD_001,Nike Air Zoom Pegasus 40,Running,Zapatillas Running,115,True,56,5667.2,2022,11,27,Sunday,6,True,False,False,False,True,False,,False,False,True,False,False,False,47,4,331,34,False,27,False,False,57.0,58.0,11.0,12.0,11.0,11.0,9.0,24.142857142857142,11.999999999999998,0.9833994655437687
2022-11-28,PROD_001,Nike Air Zoom Pegasus 40,Running,Zapatillas Running,115,True,40,3910.0,2022,11,28,Monday,0,False,True,False,False,False,False,,False,True,True,False,False,False,48,4,332,33,False,28,True,False,56.0,57.0,58.0,11.0,12.0,11.0,11.0,30.857142857142858,15.0,1.0146181126200158
2022-11-29,PROD_001,Nike Air Zoom Pegasus 40,Running,Zapatillas Running,115,True,25,2645.0,2022,11,29,Tuesday,1,False,False,False,False,False,False,,False,False,True,False,False,False,48,4,333,32,False,29,True,False,40.0,56.0,57.0,58.0,11.0,12.0,11.0,35.0,8.000000000000004,0.9803104007412555
2022-11-30,PROD_001,Nike Air Zoom Pegasus 40,Running,Zapatillas Running,115,True,38,4020.4,2022,11,30,Wednesday,2,False,False,False,False,False,False,,False,False,True,False,False,False,48,4,334,31,False,30,True,False,25.0,40.0,56.0,57.0,58.0,11.0,12.0,37.0,8.000000000000004,0.9864801864801864
2023-10-25,PROD_001,Nike Air Zoom Pegasus 40,Running,Zapatillas Running,115,True,11,1230.46,2023,10,25,Wednesday,2,False,False,False,False,False,False,,False,False,False,False,False,False,43,4,298,67,True,25,False,False,38.0,25.0,40.0,56.0,57.0,58.0,11.0,40.714285714285715,2.7304347826086963,1.096523330283623
2023-10-26,PROD_001,Nike Air Zoom Pegasus 40,Running,Zapatillas Running,115,True,10,1139.9,2023,10,26,Thursday,3,False,False,False,False,False,False,,False,False,False,False,False,False,43,4,299,66,True,26,False,False,11.0,38.0,25.0,40.0,56.0,57.0,58.0,40.714285714285715,0.8782608695652219,1.1184627964022893
2023-10-27,PROD_001,Nike Air Zoom Pegasus 40,Running,Zapatillas Running,115,True,14,1630.02,2023,10,27,Friday,4,False,False,True,False,False,False,,False,False,False,False,False,False,43,4,300,65,True,27,False,False,10.0,11.0,38.0,25.0,40.0,56.0,57.0,33.857142857142854,-1.2434782608695711,1.1505698662625996
2023-10-28,PROD_001,Nike Air Zoom Pegasus 40,Running,Zapatillas Running,115,True,14,1606.08,2023,10,28,Saturday,5,True,False,False,True,False,False,,False,False,False,False,False,False,43,4,301,64,True,28,True,False,14.0,10.0,11.0,38.0,25.0,40.0,56.0,27.714285714285715,0.2434782608695662,1.1237510611898387
2023-10-29,PROD_001,Nike Air Zoom Pegasus 40,Running,Zapatillas Running,115,True,15,1705.8,2023,10,29,Sunday,6,True,False,False,False,True,False,,False,False,False,False,False,False,43,4,302,63,True,29,True,False,14.0,14.0,10.0,11.0,38.0,25.0,40.0,21.714285714285715,1.1130434782608705,1.0994521430873347
2023-10-30,PROD_001,Nike Air Zoom Pegasus 40,Running,Zapatillas Running,115,True,15,1765.95,2023,10,30,Monday,0,False,True,False,False,False,False,,False,False,False,False,False,False,44,4,303,62,True,30,True,False,15.0,14.0,14.0,10.0,11.0,38.0,25.0,18.142857142857142,-2.3739130434782645,1.1463113822985298
2023-10-31,PROD_001,Nike Air Zoom Pegasus 40,Running,Zapatillas Running,115,True,11,1227.27,2023,10,31,Tuesday,1,False,False,False,False,False,False,,False,False,False,False,False,False,44,4,304,61,True,31,True,False,15.0,15.0,14.0,14.0,10.0,11.0,38.0,16.714285714285715,2.98260869565218,1.084361939935854
2023-11-01,PROD_001,Nike Air Zoom Pegasus 40,Running,Zapatillas Running,115,True,9,1055.88,2023,11,1,Wednesday,2,False,False,False,False,False,True,Todos los Santos,False,False,True,False,False,False,44,4,305,60,False,1,False,True,11.0,15.0,15.0,14.0,14.0,10.0,11.0,12.857142857142858,-2.01739130434782,1.1322502814862472
2023-11-02,PROD_001,Nike Air Zoom Pegasus 40,Running,Zapatillas Running,115,True,11,1231.89,2023,11,2,Thursday,3,False,False,False,False,False,False,,False,False,True,False,False,False,44,4,306,59,False,2,False,True,9.0,11.0,15.0,15.0,14.0,14.0,10.0,12.571428571428571,2.6173913043478305,1.0834596407494599
2023-11-03,PROD_001,Nike Air Zoom Pegasus 40,Running,Zapatillas Running,115,True,14,1608.74,2023,11,3,Friday,4,False,False,True,False,False,False,,False,False,True,False,False,False,44,4,307,58,False,3,False,True,11.0,9.0,11.0,15.0,15.0,14.0,14.0,12.714285714285714,0.07826086956522035,1.131932359218519
2023-11-04,PROD_001,Nike Air Zoom Pegasus 40,Running,Zapatillas Running,115,True,15,1696.05,2023,11,4,Saturday,5,True,False,False,True,False,False,,False,False,True,False,False,False,44,4,308,57,False,4,False,False,14.0,11.0,9.0,11.0,15.0,15.0,14.0,12.714285714285714,1.6782608695652235,1.0736872091919094
2023-11-05,PROD_001,Nike Air Zoom Pegasus 40,Running,Zapatillas Running,115,True,17,1970.81,2023,11,5,Sunday,6,True,False,False,False,True,False,,False,False,True,False,False,False,44,4,309,56,False,5,False,False,15.0,14.0,11.0,9.0,11.0,15.0,15.0,12.857142857142858,-0.8086956521739189,1.1179004210729324
2023-11-06,PROD_001,Nike Air Zoom Pegasus 40,Running,Zapatillas Running,115,True,13,1487.2,2023,11,6,Monday,0,False,True,False,False,False,False,,False,False,True,False,False,False,45,4,310,55,False,6,False,False,17.0,15.0,14.0,11.0,9.0,11.0,15.0,13.142857142857142,0.5217391304347777,1.113743306831089
2023-11-07,PROD_001,Nike Air Zoom Pegasus 40,Running,Zapatillas Running,115,True,12,1398.12,2023,11,7,Tuesday,1,False,False,False,False,False,False,,False,False,True,False,False,False,45,4,311,54,False,7,False,False,13.0,17.0,15.0,14.0,11.0,9.0,11.0,12.857142857142858,-1.313043478260874,1.1408754120834286
2023-11-08,PROD_001,Nike Air Zoom Pegasus 40,Running,Zapatillas Running,115,True,10,1180.6,2023,11,8,Wednesday,2,False,False,False,False,False,False,,False,False,True,False,False,False,45,4,312,53,False,8,False,False,12.0,13.0,17.0,15.0,14.0,11.0,9.0,13.0,-2.6608695652173933,1.1350104149975966
2023-11-09,PROD_001,Nike Air Zoom Pegasus 40,Running,Zapatillas Running,115,True,12,1420.68,2023,11,9,Thursday,3,False,False,False,False,False,False,,False,False,True,False,False,False,45,4,313,52,False,9,False,False,10.0,12.0,13.0,17.0,15.0,14.0,11.0,13.142857142857142,-2.947826086956522,1.162547870773461
2023-11-10,PROD_001,Nike Air Zoom Pegasus 40,Running,Zapatillas Running,115,True,14,1609.3,2023,11,10,Friday,4,False,False,True,False,False,False,,False,False,True,False,False,False,45,4,314,51,False,10,False,False,12.0,10.0,12.0,13.0,17.0,15.0,14.0,13.285714285714286,0.043478260869562746,1.106813878101229
2023-11-11,PROD_001,Nike Air Zoom Pegasus 40,Running,Zapatillas Running,115,True,17,1941.74,2023,11,11,Saturday,5,True,False,False,True,False,False,,False,False,True,False,False,False,45,4,315,50,False,11,False,False,14.0,12.0,10.0,12.0,13.0,17.0,15.0,13.285714285714286,0.6782608695652184,1.1222611600563326
2023-11-12,PROD_001,Nike Air Zoom Pegasus 40,Running,Zapatillas Running,115,True,15,1763.7,2023,11,12,Sunday,6,True,False,False,False,True,False,,False,False,True,False,False,False,45,4,316,49,False,12,False,False,17.0,14.0,12.0,10.0,12.0,13.0,17.0,13.571428571428571,-2.243478260869564,1.14059367522473
2023-11-13,PROD_001,Nike Air Zoom Pegasus 40,Running,Zapatillas Running,115,True,12,1404.6,2023,11,13,Monday,0,False,True,False,False,False,False,,False,False,True,False,False,False,46,4,317,48,False,13,False,False,15.0,17.0,14.0,12.0,10.0,12.0,13.0,13.285714285714286,-1.7826086956521714,1.136591681501861
2023-11-14,PROD_001,Nike Air Zoom Pegasus 40,Running,Zapatillas Running,115,True,10,1125.7,2023,11,14,Tuesday,1,False,False,False,False,False,False,,False,False,True,False,False,False,46,4,318,47,False,14,False,False,12.0,15.0,17.0,14.0,12.0,10.0,12.0,13.142857142857142,2.1130434782608756,1.0937975708502023
2023-11-15,PROD_001,Nike Air Zoom Pegasus 40,Running,Zapatillas Running,115,True,8,941.2,2023,11,15,Wednesday,2,False,False,False,False,False,False,,False,False,True,False,False,False,46,4,319,46,False,15,False,False,10.0,12.0,15.0,17.0,14.0,12.0,10.0,12.857142857142858,-2.3043478260869614,1.1541480003924005
2023-11-16,PROD_001,Nike Air Zoom Pegasus 40,Running,Zapatillas Running,115,True,11,1228.59,2023,11,16,Thursday,3,False,False,False,False,False,False,,False,False,True,False,False,False,46,4,320,45,False,16,False,False,8.0,10.0,12.0,15.0,17.0,14.0,12.0,12.571428571428571,2.8782608695652194,1.0734606266418913
2023-11-17,PROD_001,Nike Air Zoom Pegasus 40,Running,Zapatillas Running,115,True,19,2150.23,2023,11,17,Friday,4,False,False,True,False,False,False,,False,False,True,False,False,False,46,4,321,44,False,17,False,False,11.0,8.0,10.0,12.0,15.0,17.0,14.0,12.428571428571429,1.5913043478260855,1.0857371282379276
2023-11-18,PROD_001,Nike Air Zoom Pegasus 40,Running,Zapatillas Running,115,True,22,2552.22,2023,11,18,Saturday,5,True,False,False,True,False,False,,False,False,True,False,False,False,46,4,322,43,False,18,False,False,19.0,11.0,8.0,10.0,12.0,15.0,17.0,13.142857142857142,-0.8782608695652219,1.1249272739026441
2023-11-19,PROD_001,Nike Air Zoom Pegasus 40,Running,Zapatillas Running,115,True,17,1919.13,2023,11,19,Sunday,6,True,False,False,False,True,False,,False,False,True,False,False,False,46,4,323,42,False,19,False,False,22.0,19.0,11.0,8.0,10.0,12.0,15.0,13.857142857142858,1.8347826086956516,1.079736019894153
2023-11-20,PROD_001,Nike Air Zoom Pegasus 40,Running,Zapatillas Running,115,True,12,1345.08,2023,11,20,Monday,0,False,True,False,False,False,False,,False,False,True,False,False,False,47,4,324,41,False,20,False,False,17.0,22.0,19.0,11.0,8.0,10.0,12.0,14.142857142857142,2.5304347826086926,1.096020338320133
2023-11-21,PROD_001,Nike Air Zoom Pegasus 40,Running,Zapatillas Running,115,True,14,1587.74,2023,11,21,Tuesday,1,False,False,False,False,False,False,,False,False,True,False,False,False,47,4,325,40,False,21,False,False,12.0,17.0,22.0,19.0,11.0,8.0,10.0,14.142857142857142,1.382608695652177,1.200190489628898
2023-11-22,PROD_001,Nike Air Zoom Pegasus 40,Running,Zapatillas Running,115,True,14,1626.94,2023,11,22,Wednesday,2,False,False,False,False,False,False,,False,False,True,False,False,False,47,4,326,39,False,22,False,False,14.0,12.0,17.0,22.0,19.0,11.0,8.0,14.714285714285714,-1.0521739130434729,1.2249393907452302
2023-11-23,PROD_001,Nike Air Zoom Pegasus 40,Running,Zapatillas Running,115,True,18,2037.24,2023,11,23,Thursday,3,False,False,False,False,False,False,,False,False,True,False,False,False,47,4,327,38,False,23,False,False,14.0,14.0,12.0,17.0,22.0,19.0,11.0,15.571428571428571,1.582608695652168,1.1791630491404756
2023-11-24,PROD_001,Nike Air Zoom Pegasus 40,Running,Zapatillas Running,115,True,44,4301.0,2023,11,24,Friday,4,False,False,True,False,False,False,,True,False,True,False,False,False,47,4,328,37,False,24,False,False,18.0,14.0,14.0,12.0,17.0,22.0,19.0,16.571428571428573,15.0,0.9734439834024896
2023-11-25,PROD_001,Nike Air Zoom Pegasus 40,Running,Zapatillas Running,115,True,58,5869.6,2023,11,25,Saturday,5,True,False,False,True,False,False,,False,False,True,False,False,False,47,4,329,36,False,25,False,False,44.0,18.0,14.0,14.0,12.0,17.0,22.0,20.142857142857142,11.999999999999998,0.9492320318911948
2023-11-26,PROD_001,Nike Air Zoom Pegasus 40,Running,Zapatillas Running,115,True,65,6578.0,2023,11,26,Sunday,6,True,False,False,False,True,False,,False,False,True,False,False,False,47,4,330,35,False,26,False,False,58.0,44.0,18.0,14.0,14.0,12.0,17.0,25.285714285714285,11.999999999999998,0.9493804479537192
2023-11-27,PROD_001,Nike Air Zoom Pegasus 40,Running,Zapatillas Running,115,True,53,5180.75,2023,11,27,Monday,0,False,True,False,False,False,False,,False,True,True,False,False,False,48,4,331,34,False,27,False,False,65.0,58.0,44.0,18.0,14.0,14.0,12.0,32.142857142857146,15.0,0.9728384822724445
2023-11-28,PROD_001,Nike Air Zoom Pegasus 40,Running,Zapatillas Running,115,True,41,4337.8,2023,11,28,Tuesday,1,False,False,False,False,False,False,,False,False,True,False,False,False,48,4,332,33,False,28,True,False,53.0,65.0,58.0,44.0,18.0,14.0,14.0,38.0,8.000000000000004,0.9330834527615477
2023-11-29,PROD_001,Nike Air Zoom Pegasus 40,Running,Zapatillas Running,115,True,36,3808.8,2023,11,29,Wednesday,2,False,False,False,False,False,False,,False,False,True,False,False,False,48,4,333,32,False,29,True,False,41.0,53.0,65.0,58.0,44.0,18.0,14.0,41.857142857142854,8.000000000000004,0.9326379196356424
2023-11-30,PROD_001,Nike Air Zoom Pegasus 40,Running,Zapatillas Running,115,True,13,1490.84,2023,11,30,Thursday,3,False,False,False,False,False,False,,False,False,True,False,False,False,48,4,334,31,False,30,True,False,36.0,41.0,53.0,65.0,58.0,44.0,18.0,45.0,0.27826086956521145,1.1131819064259367
2024-10-25,PROD_001,Nike Air Zoom Pegasus 40,Running,Zapatillas Running,115,True,16,1876.96,2024,10,25,Friday,4,False,False,True,False,False,False,,False,False,False,False,False,False,43,4,299,67,True,25,False,False,13.0,36.0,41.0,53.0,65.0,58.0,44.0,44.285714285714285,-2.008695652173915,1.1096641967523255
2024-10-26,PROD_001,Nike Air Zoom Pegasus 40,Running,Zapatillas Running,115,True,20,2296.2,2024,10,26,Saturday,5,True,False,False,True,False,False,,False,False,False,False,False,False,43,4,300,66,True,26,False,False,16.0,13.0,36.0,41.0,53.0,65.0,58.0,40.285714285714285,0.16521739130434585,1.0839312688821752
2024-10-27,PROD_001,Nike Air Zoom Pegasus 40,Running,Zapatillas Running,115,True,13,1474.98,2024,10,27,Sunday,6,True,False,False,False,True,False,,False,False,False,False,False,False,43,4,301,65,True,27,False,False,20.0,16.0,13.0,36.0,41.0,53.0,65.0,34.857142857142854,1.339130434782614,1.064119798668209
2024-10-28,PROD_001,Nike Air Zoom Pegasus 40,Running,Zapatillas Running,115,True,15,1742.1,2024,10,28,Monday,0,False,True,False,False,False,False,,False,False,False,False,False,False,44,4,302,64,True,28,True,False,13.0,20.0,16.0,13.0,36.0,41.0,53.0,27.428571428571427,-0.9913043478260876,1.0845758754863815
2024-10-29,PROD_001,Nike Air Zoom Pegasus 40,Running,Zapatillas Running,115,True,14,1574.44,2024,10,29,Tuesday,1,False,False,False,False,False,False,,False,False,False,False,False,False,44,4,303,63,True,29,True,False,15.0,13.0,20.0,16.0,13.0,36.0,41.0,22.0,2.2086956521739185,1.061176988645299
2024-10-30,PROD_001,Nike Air Zoom Pegasus 40,Running,Zapatillas Running,115,True,14,1588.16,2024,10,30,Wednesday,2,False,False,False,False,False,False,,False,False,False,False,False,False,44,4,304,62,True,30,True,False,14.0,15.0,13.0,20.0,16.0,13.0,36.0,18.142857142857142,1.3565217391304367,1.056730321378668
2024-10-31,PROD_001,Nike Air Zoom Pegasus 40,Running,Zapatillas Running,115,True,16,1858.56,2024,10,31,Thursday,3,False,False,False,False,False,False,,False,False,False,False,False,False,44,4,305,61,True,31,True,False,14.0,14.0,15.0,13.0,20.0,16.0,13.0,15.0,-1.00869565217391,1.0906359539308963
2024-11-01,PROD_001,Nike Air Zoom Pegasus 40,Running,Zapatillas Running,115,True,15,1774.8,2024,11,1,Friday,4,False,False,True,False,False,True,Todos los Santos,False,False,True,False,False,False,44,4,306,60,False,1,False,True,16.0,14.0,14.0,15.0,13.0,20.0,16.0,15.428571428571429,-2.8869565217391244,1.1235400246890133
2024-11-02,PROD_001,Nike Air Zoom Pegasus 40,Running,Zapatillas Running,115,True,21,2387.49,2024,11,2,Saturday,5,True,False,False,True,False,False,,False,False,True,False,False,False,44,4,307,59,False,2,False,True,15.0,16.0,14.0,14.0,15.0,13.0,20.0,15.285714285714286,1.1391304347826106,1.0593881037428172
2024-11-03,PROD_001,Nike Air Zoom Pegasus 40,Running,Zapatillas Running,115,True,16,1868.16,2024,11,3,Sunday,6,True,False,False,False,True,False,,False,False,True,False,False,False,44,4,308,58,False,3,False,True,21.0,15.0,16.0,14.0,14.0,15.0,13.0,15.428571428571429,-1.5304347826087001,1.0886713286713288
2024-11-04,PROD_001,Nike Air Zoom Pegasus 40,Running,Zapatillas Running,115,True,14,1612.1,2024,11,4,Monday,0,False,True,False,False,False,False,,False,False,True,False,False,False,45,4,309,57,False,4,False,False,16.0,21.0,15.0,16.0,14.0,14.0,15.0,15.857142857142858,-0.1304347826087006,1.0886486827177613
2024-11-05,PROD_001,Nike Air Zoom Pegasus 40,Running,Zapatillas Running,115,True,15,1737.6,2024,11,5,Tuesday,1,False,False,False,False,False,False,,False,False,True,False,False,False,45,4,310,56,False,5,False,False,14.0,16.0,21.0,15.0,16.0,14.0,14.0,15.714285714285714,-0.7304347826086987,1.0804290377739778
2024-11-06,PROD_001,Nike Air Zoom Pegasus 40,Running,Zapatillas Running,115,True,19,2188.23,2024,11,6,Wednesday,2,False,False,False,False,False,False,,False,False,True,False,False,False,45,4,311,55,False,6,False,False,15.0,14.0,16.0,21.0,15.0,16.0,14.0,15.857142857142858,-0.14782608695652322,1.0699222741770664
2024-11-07,PROD_001,Nike Air Zoom Pegasus 40,Running,Zapatillas Running,115,True,17,1921.34,2024,11,7,Thursday,3,False,False,False,False,False,False,,False,False,True,False,False,False,45,4,312,54,False,7,False,False,19.0,15.0,14.0,16.0,21.0,15.0,16.0,16.571428571428573,1.7217391304347862,1.0548486451171328
2024-11-08,PROD_001,Nike Air Zoom Pegasus 40,Running,Zapatillas Running,115,True,16,1823.2,2024,11,8,Friday,4,False,False,True,False,False,False,,False,False,True,False,False,False,45,4,313,53,False,8,False,False,17.0,19.0,15.0,14.0,16.0,21.0,15.0,16.714285714285715,0.9130434782608671,1.0608881854575922
2024-11-09,PROD_001,Nike Air Zoom Pegasus 40,Running,Zapatillas Running,115,True,15,1747.35,2024,11,9,Saturday,5,True,False,False,True,False,False,,False,False,True,False,False,False,45,4,314,52,False,9,False,False,16.0,17.0,19.0,15.0,14.0,16.0,21.0,16.857142857142858,-1.295652173913039,1.1029509231497552
2024-11-10,PROD_001,Nike Air Zoom Pegasus 40,Running,Zapatillas Running,115,True,18,2057.76,2024,11,10,Sunday,6,True,False,False,False,True,False,,False,False,True,False,False,False,45,4,315,51,False,10,False,False,15.0,16.0,17.0,19.0,15.0,14.0,16.0,16.0,0.5913043478260929,1.079950876972006
2024-11-11,PROD_001,Nike Air Zoom Pegasus 40,Running,Zapatillas Running,115,True,18,2069.28,2024,11,11,Monday,0,False,True,False,False,False,False,,False,False,True,False,False,False,46,4,316,50,False,11,False,False,18.0,15.0,16.0,17.0,19.0,15.0,14.0,16.285714285714285,0.034782608695657614,1.0872978341057409
2024-11-12,PROD_001,Nike Air Zoom Pegasus 40,Running,Zapatillas Running,115,True,16,1870.4,2024,11,12,Tuesday,1,False,False,False,False,False,False,,False,False,True,False,False,False,46,4,317,49,False,12,False,False,18.0,18.0,15.0,16.0,17.0,19.0,15.0,16.857142857142858,-1.6521739130434834,1.093954707093393
2024-11-13,PROD_001,Nike Air Zoom Pegasus 40,Running,Zapatillas Running,115,True,15,1701.45,2024,11,13,Wednesday,2,False,False,False,False,False,False,,False,False,True,False,False,False,46,4,318,48,False,13,False,False,16.0,18.0,18.0,15.0,16.0,17.0,19.0,17.0,1.365217391304342,1.0601595114960434
2024-11-14,PROD_001,Nike Air Zoom Pegasus 40,Running,Zapatillas Running,115,True,12,1421.28,2024,11,14,Thursday,3,False,False,False,False,False,False,,False,False,True,False,False,False,46,4,319,47,False,14,False,False,15.0,16.0,18.0,18.0,15.0,16.0,17.0,16.428571428571427,-2.9913043478260852,1.1194001638208053
2024-11-15,PROD_001,Nike Air Zoom Pegasus 40,Running,Zapatillas Running,115,True,19,2134.08,2024,11,15,Friday,4,False,False,True,False,False,False,,False,False,True,False,False,False,46,4,320,46,False,15,False,False,12.0,15.0,16.0,18.0,18.0,15.0,16.0,15.714285714285714,2.3304347826087013,1.062228106676754
2024-11-16,PROD_001,Nike Air Zoom Pegasus 40,Running,Zapatillas Running,115,True,16,1857.76,2024,11,16,Saturday,5,True,False,False,True,False,False,,False,False,True,False,False,False,46,4,321,45,False,16,False,False,19.0,12.0,15.0,16.0,18.0,18.0,15.0,16.142857142857142,-0.9652173913043474,1.0940356166965044
2024-11-17,PROD_001,Nike Air Zoom Pegasus 40,Running,Zapatillas Running,115,True,16,1836.64,2024,11,17,Sunday,6,True,False,False,False,True,False,,False,False,True,False,False,False,46,4,322,44,False,17,False,False,16.0,19.0,12.0,15.0,16.0,18.0,18.0,16.285714285714285,0.18260869565216847,1.092613744526937
2024-11-18,PROD_001,Nike Air Zoom Pegasus 40,Running,Zapatillas Running,115,True,17,1976.08,2024,11,18,Monday,0,False,True,False,False,False,False,,False,False,True,False,False,False,47,4,323,43,False,18,False,False,16.0,16.0,19.0,12.0,15.0,16.0,18.0,16.0,-1.078260869565213,1.0792943361188487
2024-11-19,PROD_001,Nike Air Zoom Pegasus 40,Running,Zapatillas Running,115,True,12,1418.4,2024,11,19,Tuesday,1,False,False,False,False,False,False,,False,False,True,False,False,False,47,4,324,42,False,19,False,False,17.0,16.0,16.0,19.0,12.0,15.0,16.0,15.857142857142858,-2.7826086956521765,1.1090954585262105
2024-11-20,PROD_001,Nike Air Zoom Pegasus 40,Running,Zapatillas Running,115,True,18,2087.28,2024,11,20,Wednesday,2,False,False,False,False,False,False,,False,False,True,False,False,False,47,4,325,41,False,20,False,False,12.0,17.0,16.0,16.0,19.0,12.0,15.0,15.285714285714286,-0.8347826086956467,1.085971155647125
2024-11-21,PROD_001,Nike Air Zoom Pegasus 40,Running,Zapatillas Running,115,True,18,2018.34,2024,11,21,Thursday,3,False,False,False,False,False,False,,False,False,True,False,False,False,47,4,326,40,False,21,False,False,18.0,12.0,17.0,16.0,16.0,19.0,12.0,15.714285714285714,2.4956521739130473,1.0369605425400739
2024-11-22,PROD_001,Nike Air Zoom Pegasus 40,Running,Zapatillas Running,115,True,18,2125.08,2024,11,22,Friday,4,False,False,True,False,False,False,,False,False,True,False,False,False,47,4,327,39,False,22,False,False,18.0,18.0,12.0,17.0,16.0,16.0,19.0,16.571428571428573,-2.6608695652173933,1.09915277907085
2024-11-23,PROD_001,Nike Air Zoom Pegasus 40,Running,Zapatillas Running,115,True,16,1827.84,2024,11,23,Saturday,5,True,False,False,True,False,False,,False,False,True,False,False,False,47,4,328,38,False,23,False,False,18.0,18.0,18.0,12.0,17.0,16.0,16.0,16.428571428571427,0.6608695652173957,1.0716362840436509
2024-11-24,PROD_001,Nike Air Zoom Pegasus 40,Running,Zapatillas Running,115,True,16,1812.48,2024,11,24,Sunday,6,True,False,False,False,True,False,,False,False,True,False,False,False,47,4,329,37,False,24,False,False,16.0,18.0,18.0,18.0,12.0,17.0,16.0,16.428571428571427,1.4956521739130426,1.0556987978006274
2024-11-25,PROD_001,Nike Air Zoom Pegasus 40,Running,Zapatillas Running,115,True,12,1401.36,2024,11,25,Monday,0,False,True,False,False,False,False,,False,False,True,False,False,False,48,4,330,36,False,25,False,False,16.0,16.0,18.0,18.0,18.0,12.0,17.0,16.428571428571427,-1.5478260869565228,1.0966974487400218
2024-11-26,PROD_001,Nike Air Zoom Pegasus 40,Running,Zapatillas Running,115,True,18,2127.96,2024,11,26,Tuesday,1,False,False,False,False,False,False,,False,False,True,False,False,False,48,4,331,35,False,26,False,False,12.0,16.0,16.0,18.0,18.0,18.0,12.0,15.714285714285714,-2.799999999999999,1.194744820616473
2024-11-27,PROD_001,Nike Air Zoom Pegasus 40,Running,Zapatillas Running,115,True,13,1515.8,2024,11,27,Wednesday,2,False,False,False,False,False,False,,False,False,True,False,False,False,48,4,332,34,False,27,False,False,18.0,12.0,16.0,16.0,18.0,18.0,18.0,16.571428571428573,-1.391304347826082,1.1885426930787264
2024-11-28,PROD_001,Nike Air Zoom Pegasus 40,Running,Zapatillas Running,115,True,15,1763.7,2024,11,28,Thursday,3,False,False,False,False,False,False,,False,False,True,False,False,False,48,4,333,33,False,28,True,False,13.0,18.0,12.0,16.0,16.0,18.0,18.0,15.857142857142858,-2.243478260869564,1.1841283695323777
2024-11-29,PROD_001,Nike Air Zoom Pegasus 40,Running,Zapatillas Running,115,True,66,6451.5,2024,11,29,Friday,4,False,False,True,False,False,False,,True,False,True,False,False,False,48,4,334,32,False,29,True,False,15.0,13.0,18.0,12.0,16.0,16.0,18.0,15.428571428571429,15.0,0.947840491293281
2024-11-30,PROD_001,Nike Air Zoom Pegasus 40,Running,Zapatillas Running,115,True,80,8096.0,2024,11,30,Saturday,5,True,False,False,True,False,False,,False,False,True,False,False,False,48,4,335,31,False,30,True,False,66.0,15.0,13.0,18.0,12.0,16.0,16.0,22.285714285714285,11.999999999999998,0.927306047648137
2021-11-01,PROD_002,Adidas Ultraboost 23,Running,Zapatillas Running,135,True,10,1360.0,2021,11,1,Monday,0,False,True,False,False,False,True,Todos los Santos,False,False,True,False,False,False,44,4,305,60,False,1,False,True,10.0,12.0,9.0,8.0,8.0,10.0,10.0,9.571428571428571,-0.7407407407407408,1.199365042036569
2021-11-02,PROD_002,Adidas Ultraboost 23,Running,Zapatillas Running,135,True,10,1359.2,2021,11,2,Tuesday,1,False,False,False,False,False,False,,False,False,True,False,False,False,44,4,306,59,False,2,False,True,10.0,10.0,12.0,9.0,8.0,8.0,10.0,9.571428571428571,-0.6814814814814723,1.2024062278839347
2021-11-03,PROD_002,Adidas Ultraboost 23,Running,Zapatillas Running,135,True,9,1196.1,2021,11,3,Wednesday,2,False,False,False,False,False,False,,False,False,True,False,False,False,44,4,307,58,False,3,False,True,10.0,10.0,10.0,12.0,9.0,8.0,8.0,9.571428571428571,1.5555555555555514,1.156892899631489
2021-11-04,PROD_002,Adidas Ultraboost 23,Running,Zapatillas Running,135,True,9,1193.4,2021,11,4,Thursday,3,False,False,False,False,False,False,,False,False,True,False,False,False,44,4,308,57,False,4,False,False,9.0,10.0,10.0,10.0,12.0,9.0,8.0,9.714285714285714,1.777777777777782,1.168213320803477
2021-11-05,PROD_002,Adidas Ultraboost 23,Running,Zapatillas Running,135,True,12,1592.88,2021,11,5,Friday,4,False,False,True,False,False,False,,False,False,True,False,False,False,44,4,309,56,False,5,False,False,9.0,9.0,10.0,10.0,10.0,12.0,9.0,9.857142857142858,1.6740740740740674,1.1653400444808615
2021-11-06,PROD_002,Adidas Ultraboost 23,Running,Zapatillas Running,135,True,11,1508.1,2021,11,6,Saturday,5,True,False,False,True,False,False,,False,False,True,False,False,False,44,4,310,55,False,6,False,False,12.0,9.0,9.0,10.0,10.0,10.0,12.0,10.285714285714286,-1.5555555555555514,1.2128807761493319
2021-11-07,PROD_002,Adidas Ultraboost 23,Running,Zapatillas Running,135,True,10,1351.0,2021,11,7,Sunday,6,True,False,False,False,True,False,,False,False,True,False,False,False,44,4,311,54,False,7,False,False,11.0,12.0,9.0,9.0,10.0,10.0,10.0,10.142857142857142,-0.07407407407406986,1.1792603799935988
2021-11-08,PROD_002,Adidas Ultraboost 23,Running,Zapatillas Running,135,True,9,1243.71,2021,11,8,Monday,0,False,True,False,False,False,False,,False,False,True,False,False,False,45,4,312,53,False,8,False,False,10.0,11.0,12.0,9.0,9.0,10.0,10.0,10.142857142857142,-2.3629629629629614,1.2272646536412077
2021-11-09,PROD_002,Adidas Ultraboost 23,Running,Zapatillas Running,135,True,11,1527.68,2021,11,9,Tuesday,1,False,False,False,False,False,False,,False,False,True,False,False,False,45,4,313,52,False,9,False,False,9.0,10.0,11.0,12.0,9.0,9.0,10.0,10.0,-2.8740740740740707,1.2095804906372476
2021-11-10,PROD_002,Adidas Ultraboost 23,Running,Zapatillas Running,135,True,8,1082.64,2021,11,10,Wednesday,2,False,False,False,False,False,False,,False,False,True,False,False,False,45,4,314,51,False,10,False,False,11.0,9.0,10.0,11.0,12.0,9.0,9.0,10.142857142857142,-0.24444444444445373,1.2007275523482788
2021-11-11,PROD_002,Adidas Ultraboost 23,Running,Zapatillas Running,135,True,11,1485.55,2021,11,11,Thursday,3,False,False,False,False,False,False,,False,False,True,False,False,False,45,4,315,50,False,11,False,False,8.0,11.0,9.0,10.0,11.0,12.0,9.0,10.0,-0.03703703703704546,1.1933023091423187
2021-11-12,PROD_002,Adidas Ultraboost 23,Running,Zapatillas Running,135,True,9,1205.46,2021,11,12,Friday,4,False,False,True,False,False,False,,False,False,True,False,False,False,45,4,316,49,False,12,False,False,11.0,8.0,11.0,9.0,10.0,11.0,12.0,10.285714285714286,0.7851851851851869,1.1889924545051043
2021-11-13,PROD_002,Adidas Ultraboost 23,Running,Zapatillas Running,135,True,14,1911.42,2021,11,13,Saturday,5,True,False,False,True,False,False,,False,False,True,False,False,False,45,4,317,48,False,13,False,False,9.0,11.0,8.0,11.0,9.0,10.0,11.0,9.857142857142858,-1.1333333333333342,1.2018838580944275
2021-11-14,PROD_002,Adidas Ultraboost 23,Running,Zapatillas Running,135,True,12,1600.8,2021,11,14,Sunday,6,True,False,False,False,True,False,,False,False,True,False,False,False,45,4,318,47,False,14,False,False,14.0,9.0,11.0,8.0,11.0,9.0,10.0,10.285714285714286,1.185185185185181,1.1715113726178976
2021-11-15,PROD_002,Adidas Ultraboost 23,Running,Zapatillas Running,135,True,8,1103.68,2021,11,15,Monday,0,False,True,False,False,False,False,,False,False,True,False,False,False,46,4,319,46,False,15,False,False,12.0,14.0,9.0,11.0,8.0,11.0,9.0,10.571428571428571,-2.1925925925925984,1.2121247620442233
2021-11-16,PROD_002,Adidas Ultraboost 23,Running,Zapatillas Running,135,True,10,1386.3,2021,11,16,Tuesday,1,False,False,False,False,False,False,,False,False,True,False,False,False,46,4,320,45,False,16,False,False,8.0,12.0,14.0,9.0,11.0,8.0,11.0,10.428571428571429,-2.6888888888888856,1.209404443410492
2021-11-17,PROD_002,Adidas Ultraboost 23,Running,Zapatillas Running,135,True,9,1182.51,2021,11,17,Wednesday,2,False,False,False,False,False,False,,False,False,True,False,False,False,46,4,321,44,False,17,False,False,10.0,8.0,12.0,14.0,9.0,11.0,8.0,10.285714285714286,2.6740740740740843,1.163876339799805
2021-11-18,PROD_002,Adidas Ultraboost 23,Running,Zapatillas Running,135,True,11,1518.88,2021,11,18,Thursday,3,False,False,False,False,False,False,,False,False,True,False,False,False,46,4,322,43,False,18,False,False,9.0,10.0,8.0,12.0,14.0,9.0,11.0,10.428571428571429,-2.2814814814814905,1.2078024316995657
2021-11-19,PROD_002,Adidas Ultraboost 23,Running,Zapatillas Running,135,True,9,1216.35,2021,11,19,Friday,4,False,False,True,False,False,False,,False,False,True,False,False,False,46,4,323,42,False,19,False,False,11.0,9.0,10.0,8.0,12.0,14.0,9.0,10.428571428571429,-0.11111111111111532,1.1888634764250527
2021-11-20,PROD_002,Adidas Ultraboost 23,Running,Zapatillas Running,135,True,10,1364.5,2021,11,20,Saturday,5,True,False,False,True,False,False,,False,False,True,False,False,False,46,4,324,41,False,20,False,False,9.0,11.0,9.0,10.0,8.0,12.0,14.0,10.428571428571429,-1.0740740740740657,1.206738989446377
2021-11-21,PROD_002,Adidas Ultraboost 23,Running,Zapatillas Running,135,True,9,1240.38,2021,11,21,Sunday,6,True,False,False,False,True,False,,False,False,True,False,False,False,46,4,325,40,False,21,False,False,10.0,9.0,11.0,9.0,10.0,8.0,12.0,9.857142857142858,-2.0888888888888837,1.2178856520074228
2021-11-22,PROD_002,Adidas Ultraboost 23,Running,Zapatillas Running,135,True,8,1059.68,2021,11,22,Monday,0,False,True,False,False,False,False,,False,False,True,False,False,False,47,4,326,39,False,22,False,False,9.0,10.0,9.0,11.0,9.0,10.0,8.0,9.428571428571429,1.8814814814814755,1.1709343784070485
2021-11-23,PROD_002,Adidas Ultraboost 23,Running,Zapatillas Running,135,True,12,1587.72,2021,11,23,Tuesday,1,False,False,False,False,False,False,,False,False,True,False,False,False,47,4,327,38,False,23,False,False,8.0,9.0,10.0,9.0,11.0,9.0,10.0,9.428571428571429,1.992592592592591,1.2479720807394834
2021-11-24,PROD_002,Adidas Ultraboost 23,Running,Zapatillas Running,135,True,9,1241.46,2021,11,24,Wednesday,2,False,False,False,False,False,False,,False,False,True,False,False,False,47,4,328,37,False,24,False,False,12.0,8.0,9.0,10.0,9.0,11.0,9.0,9.714285714285714,-2.1777777777777763,1.3030417532590213
2021-11-25,PROD_002,Adidas Ultraboost 23,Running,Zapatillas Running,135,True,9,1229.94,2021,11,25,Thursday,3,False,False,False,False,False,False,,False,False,True,False,False,False,47,4,329,36,False,25,False,False,9.0,12.0,8.0,9.0,10.0,9.0,11.0,9.714285714285714,-1.229629629629627,1.2846399699191577
2021-11-26,PROD_002,Adidas Ultraboost 23,Running,Zapatillas Running,135,True,40,4590.0,2021,11,26,Friday,4,False,False,True,False,False,False,,True,False,True,False,False,False,47,4,330,35,False,26,False,False,9.0,9.0,12.0,8.0,9.0,10.0,9.0,9.428571428571429,15.0,1.0455580865603644
2021-11-27,PROD_002,Adidas Ultraboost 23,Running,Zapatillas Running,135,True,47,5583.6,2021,11,27,Saturday,5,True,False,False,True,False,False,,False,False,True,False,False,False,47,4,331,34,False,27,False,False,40.0,9.0,9.0,12.0,8.0,9.0,10.0,13.857142857142858,12.000000000000002,1.023623177999569
2021-11-28,PROD_002,Adidas Ultraboost 23,Running,Zapatillas Running,135,True,50,5940.0,2021,11,28,Sunday,6,True,False,False,False,True,False,,False,False,True,False,False,False,47,4,332,33,False,28,True,False,47.0,40.0,9.0,9.0,12.0,8.0,9.0,19.142857142857142,12.000000000000002,1.0321459600347522
2021-11-29,PROD_002,Adidas Ultraboost 23,Running,Zapatillas Running,135,True,31,3557.25,2021,11,29,Monday,0,False,True,False,False,False,False,,False,True,True,False,False,False,48,4,333,32,False,29,True,False,50.0,47.0,40.0,9.0,9.0,12.0,8.0,25.0,15.0,1.0476262933657943
2021-11-30,PROD_002,Adidas Ultraboost 23,Running,Zapatillas Running,135,True,23,2856.6,2021,11,30,Tuesday,1,False,False,False,False,False,False,,False,False,True,False,False,False,48,4,334,31,False,30,True,False,31.0,50.0,47.0,40.0,9.0,9.0,12.0,28.285714285714285,7.999999999999997,1.00107469102633
2022-10-25,PROD_002,Adidas Ultraboost 23,Running,Zapatillas Running,135,True,11,1441.99,2022,10,25,Tuesday,1,False,False,False,False,False,False,,False,False,False,False,False,False,43,4,298,67,True,25,False,False,23.0,31.0,50.0,47.0,40.0,9.0,9.0,29.857142857142858,2.8962962962962937,1.1161662030992792
2022-10-26,PROD_002,Adidas Ultraboost 23,Running,Zapatillas Running,135,True,8,1083.36,2022,10,26,Wednesday,2,False,False,False,False,False,False,,False,False,False,False,False,False,43,4,299,66,True,26,False,False,11.0,23.0,31.0,50.0,47.0,40.0,9.0,30.142857142857142,-0.31111111111110185,1.1506500127453478
2022-10-27,PROD_002,Adidas Ultraboost 23,Running,Zapatillas Running,135,True,10,1366.1,2022,10,27,Thursday,3,False,False,False,False,False,False,,False,False,False,False,False,False,43,4,300,65,True,27,False,False,8.0,11.0,23.0,31.0,50.0,47.0,40.0,30.0,-1.1925925925926026,1.1483048472961617
2022-10-28,PROD_002,Adidas Ultraboost 23,Running,Zapatillas Running,135,True,11,1473.23,2022,10,28,Friday,4,False,False,True,False,False,False,,False,False,False,False,False,False,43,4,301,64,True,28,True,False,10.0,8.0,11.0,23.0,31.0,50.0,47.0,25.714285714285715,0.7925925925925876,1.1356737047401002
2022-10-29,PROD_002,Adidas Ultraboost 23,Running,Zapatillas Running,135,True,11,1509.31,2022,10,29,Saturday,5,True,False,False,True,False,False,,False,False,False,False,False,False,43,4,302,63,True,29,True,False,11.0,10.0,8.0,11.0,23.0,31.0,50.0,20.571428571428573,-1.637037037037043,1.1726682240328188
2022-10-30,PROD_002,Adidas Ultraboost 23,Running,Zapatillas Running,135,True,9,1232.55,2022,10,30,Sunday,6,True,False,False,False,True,False,,False,False,False,False,False,False,43,4,303,62,True,30,True,False,11.0,11.0,10.0,8.0,11.0,23.0,31.0,15.0,-1.444444444444436,1.176950842213819
2022-10-31,PROD_002,Adidas Ultraboost 23,Running,Zapatillas Running,135,True,9,1195.02,2022,10,31,Monday,0,False,True,False,False,False,False,,False,False,False,False,False,False,44,4,304,61,True,31,True,False,9.0,11.0,11.0,10.0,8.0,11.0,23.0,11.857142857142858,1.6444444444444435,1.1286017849553762
2022-11-01,PROD_002,Adidas Ultraboost 23,Running,Zapatillas Running,135,True,10,1364.1,2022,11,1,Tuesday,1,False,False,False,False,False,True,Todos los Santos,False,False,True,False,False,False,44,4,305,60,False,1,False,True,9.0,9.0,11.0,11.0,10.0,8.0,11.0,9.857142857142858,-1.0444444444444418,1.1632130979790227
2022-11-02,PROD_002,Adidas Ultraboost 23,Running,Zapatillas Running,135,True,10,1353.0,2022,11,2,Wednesday,2,False,False,False,False,False,False,,False,False,True,False,False,False,44,4,306,59,False,2,False,True,10.0,9.0,9.0,11.0,11.0,10.0,8.0,9.714285714285714,-0.22222222222223065,1.149012059106607
2022-11-03,PROD_002,Adidas Ultraboost 23,Running,Zapatillas Running,135,True,10,1350.0,2022,11,3,Thursday,3,False,False,False,False,False,False,,False,False,True,False,False,False,44,4,307,58,False,3,False,True,10.0,10.0,9.0,9.0,11.0,11.0,10.0,10.0,0.0,1.1460750466919463
2022-11-04,PROD_002,Adidas Ultraboost 23,Running,Zapatillas Running,135,True,13,1756.17,2022,11,4,Friday,4,False,False,True,False,False,False,,False,False,True,False,False,False,44,4,308,57,False,4,False,False,10.0,10.0,10.0,9.0,9.0,11.0,11.0,10.0,-0.06666666666666919,1.1587419585418157
2022-11-05,PROD_002,Adidas Ultraboost 23,Running,Zapatillas Running,135,True,14,1930.74,2022,11,5,Saturday,5,True,False,False,True,False,False,,False,False,True,False,False,False,44,4,309,56,False,5,False,False,13.0,10.0,10.0,10.0,9.0,9.0,11.0,10.285714285714286,-2.155555555555553,1.1807699991438112
2022-11-06,PROD_002,Adidas Ultraboost 23,Running,Zapatillas Running,135,True,12,1581.72,2022,11,6,Sunday,6,True,False,False,False,True,False,,False,False,True,False,False,False,44,4,310,55,False,6,False,False,14.0,13.0,10.0,10.0,10.0,9.0,9.0,10.714285714285714,2.3629629629629614,1.1195956850420454
2022-11-07,PROD_002,Adidas Ultraboost 23,Running,Zapatillas Running,135,True,10,1390.2,2022,11,7,Monday,0,False,True,False,False,False,False,,False,False,True,False,False,False,45,4,311,54,False,7,False,False,12.0,14.0,13.0,10.0,10.0,10.0,9.0,11.142857142857142,-2.9777777777777854,1.175876846735085
2022-11-08,PROD_002,Adidas Ultraboost 23,Running,Zapatillas Running,135,True,9,1226.88,2022,11,8,Tuesday,1,False,False,False,False,False,False,,False,False,True,False,False,False,45,4,312,53,False,8,False,False,10.0,12.0,14.0,13.0,10.0,10.0,10.0,11.285714285714286,-0.9777777777777727,1.1610924990063027
2022-11-09,PROD_002,Adidas Ultraboost 23,Running,Zapatillas Running,135,True,13,1762.67,2022,11,9,Wednesday,2,False,False,False,False,False,False,,False,False,True,False,False,False,45,4,313,52,False,9,False,False,9.0,10.0,12.0,14.0,13.0,10.0,10.0,11.142857142857142,-0.4370370370370396,1.1675038029907294
2022-11-10,PROD_002,Adidas Ultraboost 23,Running,Zapatillas Running,135,True,12,1639.68,2022,11,10,Thursday,3,False,False,False,False,False,False,,False,False,True,False,False,False,45,4,314,51,False,10,False,False,13.0,9.0,10.0,12.0,14.0,13.0,10.0,11.571428571428571,-1.2148148148148046,1.1745895297859537
2022-11-11,PROD_002,Adidas Ultraboost 23,Running,Zapatillas Running,135,True,8,1099.92,2022,11,11,Friday,4,False,False,True,False,False,False,,False,False,True,False,False,False,45,4,315,50,False,11,False,False,12.0,13.0,9.0,10.0,12.0,14.0,13.0,11.857142857142858,-1.8444444444444512,1.1749943026435736
2022-11-12,PROD_002,Adidas Ultraboost 23,Running,Zapatillas Running,135,True,16,2104.32,2022,11,12,Saturday,5,True,False,False,True,False,False,,False,False,True,False,False,False,45,4,316,49,False,12,False,False,8.0,12.0,13.0,9.0,10.0,12.0,14.0,11.142857142857142,2.57777777777777,1.122407760361847
2022-11-13,PROD_002,Adidas Ultraboost 23,Running,Zapatillas Running,135,True,10,1377.1,2022,11,13,Sunday,6,True,False,False,False,True,False,,False,False,True,False,False,False,45,4,317,48,False,13,False,False,16.0,8.0,12.0,13.0,9.0,10.0,12.0,11.428571428571429,-2.0074074074074133,1.1585899377418813
2022-11-14,PROD_002,Adidas Ultraboost 23,Running,Zapatillas Running,135,True,10,1388.0,2022,11,14,Monday,0,False,True,False,False,False,False,,False,False,True,False,False,False,46,4,318,47,False,14,False,False,10.0,16.0,8.0,12.0,13.0,9.0,10.0,11.142857142857142,-2.8148148148148233,1.189646305925376
2022-11-15,PROD_002,Adidas Ultraboost 23,Running,Zapatillas Running,135,True,12,1575.96,2022,11,15,Tuesday,1,False,False,False,False,False,False,,False,False,True,False,False,False,46,4,319,46,False,15,False,False,10.0,10.0,16.0,8.0,12.0,13.0,9.0,11.142857142857142,2.7185185185185095,1.1217116501537412
2022-11-16,PROD_002,Adidas Ultraboost 23,Running,Zapatillas Running,135,True,11,1453.54,2022,11,16,Wednesday,2,False,False,False,False,False,False,,False,False,True,False,False,False,46,4,320,45,False,16,False,False,12.0,10.0,10.0,16.0,8.0,12.0,13.0,11.571428571428571,2.1185185185185285,1.1187875709084751
2022-11-17,PROD_002,Adidas Ultraboost 23,Running,Zapatillas Running,135,True,10,1348.9,2022,11,17,Thursday,3,False,False,False,False,False,False,,False,False,True,False,False,False,46,4,321,44,False,17,False,False,11.0,12.0,10.0,10.0,16.0,8.0,12.0,11.285714285714286,0.08148148148149159,1.1509385665529008
2022-11-18,PROD_002,Adidas Ultraboost 23,Running,Zapatillas Running,135,True,14,1848.42,2022,11,18,Friday,4,False,False,True,False,False,False,,False,False,True,False,False,False,46,4,322,43,False,18,False,False,10.0,11.0,12.0,10.0,10.0,16.0,8.0,11.0,2.1999999999999993,1.1233408961996596
2022-11-19,PROD_002,Adidas Ultraboost 23,Running,Zapatillas Running,135,True,15,2042.7,2022,11,19,Saturday,5,True,False,False,True,False,False,,False,False,True,False,False,False,46,4,323,42,False,19,False,False,14.0,10.0,11.0,12.0,10.0,10.0,16.0,11.857142857142858,-0.8740740740740792,1.16201149098356
2022-11-20,PROD_002,Adidas Ultraboost 23,Running,Zapatillas Running,135,True,14,1868.44,2022,11,20,Sunday,6,True,False,False,False,True,False,,False,False,True,False,False,False,46,4,324,41,False,20,False,False,15.0,14.0,10.0,11.0,12.0,10.0,10.0,11.714285714285714,1.1407407407407348,1.126498227449215
2022-11-21,PROD_002,Adidas Ultraboost 23,Running,Zapatillas Running,135,True,10,1342.3,2022,11,21,Monday,0,False,True,False,False,False,False,,False,False,True,False,False,False,47,4,325,40,False,21,False,False,14.0,15.0,14.0,10.0,11.0,12.0,10.0,12.285714285714286,0.570370370370378,1.1407002436122597
2022-11-22,PROD_002,Adidas Ultraboost 23,Running,Zapatillas Running,135,True,14,1848.84,2022,11,22,Tuesday,1,False,False,False,False,False,False,,False,False,True,False,False,False,47,4,326,39,False,22,False,False,10.0,14.0,15.0,14.0,10.0,11.0,12.0,12.285714285714286,2.1777777777777763,1.217142857142857
2022-11-23,PROD_002,Adidas Ultraboost 23,Running,Zapatillas Running,135,True,9,1251.0,2022,11,23,Wednesday,2,False,False,False,False,False,False,,False,False,True,False,False,False,47,4,327,38,False,23,False,False,14.0,10.0,14.0,15.0,14.0,10.0,11.0,12.571428571428571,-2.9629629629629632,1.2683639018158592
2022-11-24,PROD_002,Adidas Ultraboost 23,Running,Zapatillas Running,135,True,11,1476.2,2022,11,24,Thursday,3,False,False,False,False,False,False,,False,False,True,False,False,False,47,4,328,37,False,24,False,False,9.0,14.0,10.0,14.0,15.0,14.0,10.0,12.285714285714286,0.592592592592601,1.2399137665537419
2022-11-25,PROD_002,Adidas Ultraboost 23,Running,Zapatillas Running,135,True,52,5967.0,2022,11,25,Friday,4,False,False,True,False,False,False,,True,False,True,False,False,False,47,4,329,36,False,25,False,False,11.0,9.0,14.0,10.0,14.0,15.0,14.0,12.428571428571429,15.0,1.0036808921607931
2022-11-26,PROD_002,Adidas Ultraboost 23,Running,Zapatillas Running,135,True,79,9385.2,2022,11,26,Saturday,5,True,False,False,True,False,False,,False,False,True,False,False,False,47,4,330,35,False,26,False,False,52.0,11.0,9.0,14.0,10.0,14.0,15.0,17.857142857142858,12.000000000000002,0.9652650822669103
2022-11-27,PROD_002,Adidas Ultraboost 23,Running,Zapatillas Running,135,True,43,5108.4,2022,11,27,Sunday,6,True,False,False,False,True,False,,False,False,True,False,False,False,47,4,331,34,False,27,False,False,79.0,52.0,11.0,9.0,14.0,10.0,14.0,27.0,12.000000000000002,0.9716797873428075
2022-11-28,PROD_002,Adidas Ultraboost 23,Running,Zapatillas Running,135,True,52,5967.0,2022,11,28,Monday,0,False,True,False,False,False,False,,False,True,True,False,False,False,48,4,332,33,False,28,True,False,43.0,79.0,52.0,11.0,9.0,14.0,10.0,31.142857142857142,15.0,0.9972118622587537
2022-11-29,PROD_002,Adidas Ultraboost 23,Running,Zapatillas Running,135,True,33,4098.6,2022,11,29,Tuesday,1,False,False,False,False,False,False,,False,False,True,False,False,False,48,4,333,32,False,29,True,False,52.0,43.0,79.0,52.0,11.0,9.0,14.0,37.142857142857146,7.999999999999997,0.9646289764085305
2022-11-30,PROD_002,Adidas Ultraboost 23,Running,Zapatillas Running,135,True,22,2732.4,2022,11,30,Wednesday,2,False,False,False,False,False,False,,False,False,True,False,False,False,48,4,334,31,False,30,True,False,33.0,52.0,43.0,79.0,52.0,11.0,9.0,39.857142857142854,7.999999999999997,0.9569488587113552
2023-10-25,PROD_002,Adidas Ultraboost 23,Running,Zapatillas Running,135,True,14,1883.7,2023,10,25,Wednesday,2,False,False,False,False,False,False,,False,False,False,False,False,False,43,4,298,67,True,25,False,False,22.0,33.0,52.0,43.0,79.0,52.0,11.0,41.714285714285715,0.3333333333333249,1.1074377897884717
2023-10-26,PROD_002,Adidas Ultraboost 23,Running,Zapatillas Running,135,True,13,1741.87,2023,10,26,Thursday,3,False,False,False,False,False,False,,False,False,False,False,False,False,43,4,299,66,True,26,False,False,14.0,22.0,33.0,52.0,43.0,79.0,52.0,42.142857142857146,0.7481481481481415,1.10857694429123
2023-10-27,PROD_002,Adidas Ultraboost 23,Running,Zapatillas Running,135,True,16,2108.96,2023,10,27,Friday,4,False,False,True,False,False,False,,False,False,False,False,False,False,43,4,300,65,True,27,False,False,13.0,14.0,22.0,33.0,52.0,43.0,79.0,36.57142857142857,2.3629629629629614,1.0774365821094793
2023-10-28,PROD_002,Adidas Ultraboost 23,Running,Zapatillas Running,135,True,18,2424.6,2023,10,28,Saturday,5,True,False,False,True,False,False,,False,False,False,False,False,False,43,4,301,64,True,28,True,False,16.0,13.0,14.0,22.0,33.0,52.0,43.0,27.571428571428573,0.22222222222223065,1.1061837891106183
2023-10-29,PROD_002,Adidas Ultraboost 23,Running,Zapatillas Running,135,True,16,2120.32,2023,10,29,Sunday,6,True,False,False,False,True,False,,False,False,False,False,False,False,43,4,302,63,True,29,True,False,18.0,16.0,13.0,14.0,22.0,33.0,52.0,24.0,1.8370370370370295,1.090280824923212
2023-10-30,PROD_002,Adidas Ultraboost 23,Running,Zapatillas Running,135,True,10,1388.8,2023,10,30,Monday,0,False,True,False,False,False,False,,False,False,False,False,False,False,44,4,303,62,True,30,True,False,16.0,18.0,16.0,13.0,14.0,22.0,33.0,18.857142857142858,-2.8740740740740707,1.1429198441871948
2023-10-31,PROD_002,Adidas Ultraboost 23,Running,Zapatillas Running,135,True,11,1496.66,2023,10,31,Tuesday,1,False,False,False,False,False,False,,False,False,False,False,False,False,44,4,304,61,True,31,True,False,10.0,16.0,18.0,16.0,13.0,14.0,22.0,15.571428571428571,-0.7851851851851869,1.1229469861619301
2023-11-01,PROD_002,Adidas Ultraboost 23,Running,Zapatillas Running,135,True,11,1495.23,2023,11,1,Wednesday,2,False,False,False,False,False,True,Todos los Santos,False,False,True,False,False,False,44,4,305,60,False,1,False,True,11.0,10.0,16.0,18.0,16.0,13.0,14.0,14.0,-0.6888888888888939,1.1120534496863923
2023-11-02,PROD_002,Adidas Ultraboost 23,Running,Zapatillas Running,135,True,10,1376.4,2023,11,2,Thursday,3,False,False,False,False,False,False,,False,False,True,False,False,False,44,4,306,59,False,2,False,True,11.0,11.0,10.0,16.0,18.0,16.0,13.0,13.571428571428571,-1.9555555555555455,1.1497466169181931
2023-11-03,PROD_002,Adidas Ultraboost 23,Running,Zapatillas Running,135,True,16,2138.88,2023,11,3,Friday,4,False,False,True,False,False,False,,False,False,True,False,False,False,44,4,307,58,False,3,False,True,10.0,11.0,11.0,10.0,16.0,18.0,16.0,13.142857142857142,0.9777777777777727,1.0966365873666941
2023-11-04,PROD_002,Adidas Ultraboost 23,Running,Zapatillas Running,135,True,15,2045.1,2023,11,4,Saturday,5,True,False,False,True,False,False,,False,False,True,False,False,False,44,4,308,57,False,4,False,False,16.0,10.0,11.0,11.0,10.0,16.0,18.0,13.142857142857142,-0.9925925925925951,1.0961863157612628
2023-11-05,PROD_002,Adidas Ultraboost 23,Running,Zapatillas Running,135,True,12,1664.04,2023,11,5,Sunday,6,True,False,False,False,True,False,,False,False,True,False,False,False,44,4,309,56,False,5,False,False,15.0,16.0,10.0,11.0,11.0,10.0,16.0,12.714285714285714,-2.7185185185185095,1.1273983739837397
2023-11-06,PROD_002,Adidas Ultraboost 23,Running,Zapatillas Running,135,True,14,1854.16,2023,11,6,Monday,0,False,True,False,False,False,False,,False,False,True,False,False,False,45,4,310,55,False,6,False,False,12.0,15.0,16.0,10.0,11.0,11.0,10.0,12.142857142857142,1.896296296296298,1.0963273640352087
2023-11-07,PROD_002,Adidas Ultraboost 23,Running,Zapatillas Running,135,True,10,1388.0,2023,11,7,Tuesday,1,False,False,False,False,False,False,,False,False,True,False,False,False,45,4,311,54,False,7,False,False,14.0,12.0,15.0,16.0,10.0,11.0,11.0,12.714285714285714,-2.8148148148148233,1.14376751084986
2023-11-08,PROD_002,Adidas Ultraboost 23,Running,Zapatillas Running,135,True,12,1579.56,2023,11,8,Wednesday,2,False,False,False,False,False,False,,False,False,True,False,False,False,45,4,312,53,False,8,False,False,10.0,14.0,12.0,15.0,16.0,10.0,11.0,12.571428571428571,2.4962962962962996,1.0918516880028755
2023-11-09,PROD_002,Adidas Ultraboost 23,Running,Zapatillas Running,135,True,13,1707.03,2023,11,9,Thursday,3,False,False,False,False,False,False,,False,False,True,False,False,False,45,4,313,52,False,9,False,False,12.0,10.0,14.0,12.0,15.0,16.0,10.0,12.714285714285714,2.7333333333333316,1.0724144502218713
2023-11-10,PROD_002,Adidas Ultraboost 23,Running,Zapatillas Running,135,True,15,2080.95,2023,11,10,Friday,4,False,False,True,False,False,False,,False,False,True,False,False,False,45,4,314,51,False,10,False,False,13.0,12.0,10.0,14.0,12.0,15.0,16.0,13.142857142857142,-2.762962962962955,1.1212619214397328
2023-11-11,PROD_002,Adidas Ultraboost 23,Running,Zapatillas Running,135,True,16,2154.72,2023,11,11,Saturday,5,True,False,False,True,False,False,,False,False,True,False,False,False,45,4,315,50,False,11,False,False,15.0,13.0,12.0,10.0,14.0,12.0,15.0,13.0,0.24444444444445373,1.0954718004338393
2023-11-12,PROD_002,Adidas Ultraboost 23,Running,Zapatillas Running,135,True,15,1998.75,2023,11,12,Sunday,6,True,False,False,False,True,False,,False,False,True,False,False,False,45,4,316,49,False,12,False,False,16.0,15.0,13.0,12.0,10.0,14.0,12.0,13.142857142857142,1.2962962962962963,1.0996038950321836
2023-11-13,PROD_002,Adidas Ultraboost 23,Running,Zapatillas Running,135,True,11,1518.0,2023,11,13,Monday,0,False,True,False,False,False,False,,False,False,True,False,False,False,46,4,317,48,False,13,False,False,15.0,16.0,15.0,13.0,12.0,10.0,14.0,13.571428571428571,-2.2222222222222223,1.1326019752140728
2023-11-14,PROD_002,Adidas Ultraboost 23,Running,Zapatillas Running,135,True,11,1475.1,2023,11,14,Tuesday,1,False,False,False,False,False,False,,False,False,True,False,False,False,46,4,318,47,False,14,False,False,11.0,15.0,16.0,15.0,13.0,12.0,10.0,13.142857142857142,0.6666666666666708,1.0965438290449192
2023-11-15,PROD_002,Adidas Ultraboost 23,Running,Zapatillas Running,135,True,11,1522.07,2023,11,15,Wednesday,2,False,False,False,False,False,False,,False,False,True,False,False,False,46,4,319,46,False,15,False,False,11.0,11.0,15.0,16.0,15.0,13.0,12.0,13.285714285714286,-2.4962962962962996,1.1354522826116686
2023-11-16,PROD_002,Adidas Ultraboost 23,Running,Zapatillas Running,135,True,13,1783.86,2023,11,16,Thursday,3,False,False,False,False,False,False,,False,False,True,False,False,False,46,4,320,45,False,16,False,False,11.0,11.0,11.0,15.0,16.0,15.0,13.0,13.142857142857142,-1.6444444444444435,1.117608731063691
2023-11-17,PROD_002,Adidas Ultraboost 23,Running,Zapatillas Running,135,True,19,2498.12,2023,11,17,Friday,4,False,False,True,False,False,False,,False,False,True,False,False,False,46,4,321,44,False,17,False,False,13.0,11.0,11.0,11.0,15.0,16.0,15.0,13.142857142857142,2.6074074074074147,1.0777932617427657
2023-11-18,PROD_002,Adidas Ultraboost 23,Running,Zapatillas Running,135,True,13,1781.0,2023,11,18,Saturday,5,True,False,False,True,False,False,,False,False,True,False,False,False,46,4,322,43,False,18,False,False,19.0,13.0,11.0,11.0,11.0,15.0,16.0,13.714285714285714,-1.4814814814814816,1.1179110567115462
2023-11-19,PROD_002,Adidas Ultraboost 23,Running,Zapatillas Running,135,True,13,1779.31,2023,11,19,Sunday,6,True,False,False,False,True,False,,False,False,True,False,False,False,46,4,323,42,False,19,False,False,13.0,19.0,13.0,11.0,11.0,11.0,15.0,13.285714285714286,-1.3851851851851886,1.117245319982586
2023-11-20,PROD_002,Adidas Ultraboost 23,Running,Zapatillas Running,135,True,12,1636.92,2023,11,20,Monday,0,False,True,False,False,False,False,,False,False,True,False,False,False,47,4,324,41,False,20,False,False,13.0,13.0,19.0,13.0,11.0,11.0,11.0,13.0,-1.0444444444444418,1.1338209625135067
2023-11-21,PROD_002,Adidas Ultraboost 23,Running,Zapatillas Running,135,True,15,2055.75,2023,11,21,Tuesday,1,False,False,False,False,False,False,,False,False,True,False,False,False,47,4,325,40,False,21,False,False,12.0,13.0,13.0,19.0,13.0,11.0,11.0,13.142857142857142,-1.518518518518527,1.2131539346729219
2023-11-22,PROD_002,Adidas Ultraboost 23,Running,Zapatillas Running,135,True,14,1929.2,2023,11,22,Wednesday,2,False,False,False,False,False,False,,False,False,True,False,False,False,47,4,326,39,False,22,False,False,15.0,12.0,13.0,13.0,19.0,13.0,11.0,13.714285714285714,-2.0740740740740824,1.240361246962105
2023-11-23,PROD_002,Adidas Ultraboost 23,Running,Zapatillas Running,135,True,16,2144.8,2023,11,23,Thursday,3,False,False,False,False,False,False,,False,False,True,False,False,False,47,4,327,38,False,23,False,False,14.0,15.0,12.0,13.0,13.0,19.0,13.0,14.142857142857142,0.7037037037036953,1.1973739057940809
2023-11-24,PROD_002,Adidas Ultraboost 23,Running,Zapatillas Running,135,True,85,9753.75,2023,11,24,Friday,4,False,False,True,False,False,False,,True,False,True,False,False,False,47,4,328,37,False,24,False,False,16.0,14.0,15.0,12.0,13.0,13.0,19.0,14.571428571428571,15.0,0.9641169263084194
2023-11-25,PROD_002,Adidas Ultraboost 23,Running,Zapatillas Running,135,True,76,9028.8,2023,11,25,Saturday,5,True,False,False,True,False,False,,False,False,True,False,False,False,47,4,329,36,False,25,False,False,85.0,16.0,14.0,15.0,12.0,13.0,13.0,24.0,12.000000000000002,0.9682151589242053
2023-11-26,PROD_002,Adidas Ultraboost 23,Running,Zapatillas Running,135,True,63,7484.4,2023,11,26,Sunday,6,True,False,False,False,True,False,,False,False,True,False,False,False,47,4,330,35,False,26,False,False,76.0,85.0,16.0,14.0,15.0,12.0,13.0,33.0,12.000000000000002,0.9503366442237184
2023-11-27,PROD_002,Adidas Ultraboost 23,Running,Zapatillas Running,135,True,49,5622.75,2023,11,27,Monday,0,False,True,False,False,False,False,,False,True,True,False,False,False,48,4,331,34,False,27,False,False,63.0,76.0,85.0,16.0,14.0,15.0,12.0,40.142857142857146,15.0,0.9656720081349277
2023-11-28,PROD_002,Adidas Ultraboost 23,Running,Zapatillas Running,135,True,32,3974.4,2023,11,28,Tuesday,1,False,False,False,False,False,False,,False,False,True,False,False,False,48,4,332,33,False,28,True,False,49.0,63.0,76.0,85.0,16.0,14.0,15.0,45.42857142857143,7.999999999999997,0.9378303548955449
2023-11-29,PROD_002,Adidas Ultraboost 23,Running,Zapatillas Running,135,True,52,6458.4,2023,11,29,Wednesday,2,False,False,False,False,False,False,,False,False,True,False,False,False,48,4,333,32,False,29,True,False,32.0,49.0,63.0,76.0,85.0,16.0,14.0,47.857142857142854,7.999999999999997,0.9251396648044693
2023-11-30,PROD_002,Adidas Ultraboost 23,Running,Zapatillas Running,135,True,12,1589.88,2023,11,30,Thursday,3,False,False,False,False,False,False,,False,False,True,False,False,False,48,4,334,31,False,30,True,False,52.0,32.0,49.0,63.0,76.0,85.0,16.0,53.285714285714285,1.8592592592592525,1.0925208213078257
2024-10-25,PROD_002,Adidas Ultraboost 23,Running,Zapatillas Running,135,True,15,2001.15,2024,10,25,Friday,4,False,False,True,False,False,False,,False,False,False,False,False,False,43,4,299,67,True,25,False,False,12.0,52.0,32.0,49.0,63.0,76.0,85.0,52.714285714285715,1.1777777777777803,1.0633950633684939
2024-10-26,PROD_002,Adidas Ultraboost 23,Running,Zapatillas Running,135,True,16,2185.44,2024,10,26,Saturday,5,True,False,False,True,False,False,,False,False,False,False,False,False,43,4,300,66,True,26,False,False,15.0,12.0,52.0,32.0,49.0,63.0,76.0,42.714285714285715,-1.1777777777777803,1.0823868138834594
2024-10-27,PROD_002,Adidas Ultraboost 23,Running,Zapatillas Running,135,True,14,1859.06,2024,10,27,Sunday,6,True,False,False,False,True,False,,False,False,False,False,False,False,43,4,301,65,True,27,False,False,16.0,15.0,12.0,52.0,32.0,49.0,63.0,34.142857142857146,1.637037037037043,1.064448897795591
2024-10-28,PROD_002,Adidas Ultraboost 23,Running,Zapatillas Running,135,True,9,1199.16,2024,10,28,Monday,0,False,True,False,False,False,False,,False,False,False,False,False,False,44,4,302,64,True,28,True,False,14.0,16.0,15.0,12.0,52.0,32.0,49.0,27.142857142857142,1.303703703703697,1.0658063139931742
2024-10-29,PROD_002,Adidas Ultraboost 23,Running,Zapatillas Running,135,True,15,2016.0,2024,10,29,Tuesday,1,False,False,False,False,False,False,,False,False,False,False,False,False,44,4,303,63,True,29,True,False,9.0,14.0,16.0,15.0,12.0,52.0,32.0,21.428571428571427,0.4444444444444402,1.0752000000000002
2024-10-30,PROD_002,Adidas Ultraboost 23,Running,Zapatillas Running,135,True,11,1493.58,2024,10,30,Wednesday,2,False,False,False,False,False,False,,False,False,False,False,False,False,44,4,304,62,True,30,True,False,15.0,9.0,14.0,16.0,15.0,12.0,52.0,19.0,-0.5777777777777786,1.0857477943332356
2024-10-31,PROD_002,Adidas Ultraboost 23,Running,Zapatillas Running,135,True,14,1889.02,2024,10,31,Thursday,3,False,False,False,False,False,False,,False,False,False,False,False,False,44,4,305,61,True,31,True,False,11.0,15.0,9.0,14.0,16.0,15.0,12.0,13.142857142857142,0.0518518518518468,1.0712414322386006
2024-11-01,PROD_002,Adidas Ultraboost 23,Running,Zapatillas Running,135,True,19,2525.1,2024,11,1,Friday,4,False,False,True,False,False,True,Todos los Santos,False,False,True,False,False,False,44,4,306,60,False,1,False,True,14.0,11.0,15.0,9.0,14.0,16.0,15.0,13.428571428571429,1.5555555555555514,1.0433076017270706
2024-11-02,PROD_002,Adidas Ultraboost 23,Running,Zapatillas Running,135,True,16,2216.16,2024,11,2,Saturday,5,True,False,False,True,False,False,,False,False,True,False,False,False,44,4,307,59,False,2,False,True,19.0,14.0,11.0,15.0,9.0,14.0,16.0,14.0,-2.5999999999999934,1.1048978940650924
2024-11-03,PROD_002,Adidas Ultraboost 23,Running,Zapatillas Running,135,True,18,2466.9,2024,11,3,Sunday,6,True,False,False,False,True,False,,False,False,True,False,False,False,44,4,308,58,False,3,False,True,16.0,19.0,14.0,11.0,15.0,9.0,14.0,14.0,-1.518518518518527,1.0914520838863817
2024-11-04,PROD_002,Adidas Ultraboost 23,Running,Zapatillas Running,135,True,16,2145.92,2024,11,4,Monday,0,False,True,False,False,False,False,,False,False,True,False,False,False,45,4,309,57,False,4,False,False,18.0,16.0,19.0,14.0,11.0,15.0,9.0,14.571428571428571,0.6518518518518485,1.063206849170278
2024-11-05,PROD_002,Adidas Ultraboost 23,Running,Zapatillas Running,135,True,18,2397.24,2024,11,5,Tuesday,1,False,False,False,False,False,False,,False,False,True,False,False,False,45,4,310,56,False,5,False,False,16.0,18.0,16.0,19.0,14.0,11.0,15.0,15.571428571428571,1.3481481481481432,1.0670619341398928
2024-11-06,PROD_002,Adidas Ultraboost 23,Running,Zapatillas Running,135,True,17,2324.75,2024,11,6,Wednesday,2,False,False,False,False,False,False,,False,False,True,False,False,False,45,4,311,55,False,6,False,False,18.0,16.0,18.0,16.0,19.0,14.0,11.0,16.0,-1.2962962962962963,1.0820826629388336
2024-11-07,PROD_002,Adidas Ultraboost 23,Running,Zapatillas Running,135,True,15,1980.45,2024,11,7,Thursday,3,False,False,False,False,False,False,,False,False,True,False,False,False,45,4,312,54,False,7,False,False,17.0,18.0,16.0,18.0,16.0,19.0,14.0,16.857142857142858,2.1999999999999993,1.047746270235954
2024-11-08,PROD_002,Adidas Ultraboost 23,Running,Zapatillas Running,135,True,18,2370.42,2024,11,8,Friday,4,False,False,True,False,False,False,,False,False,True,False,False,False,45,4,313,53,False,8,False,False,15.0,17.0,18.0,16.0,18.0,16.0,19.0,17.0,2.4518518518518535,1.0482925146602275
2024-11-09,PROD_002,Adidas Ultraboost 23,Running,Zapatillas Running,135,True,20,2675.0,2024,11,9,Saturday,5,True,False,False,True,False,False,,False,False,True,False,False,False,45,4,314,52,False,9,False,False,18.0,15.0,17.0,18.0,16.0,18.0,16.0,16.857142857142858,0.9259259259259258,1.0550603455076122
2024-11-10,PROD_002,Adidas Ultraboost 23,Running,Zapatillas Running,135,True,14,1895.18,2024,11,10,Sunday,6,True,False,False,False,True,False,,False,False,True,False,False,False,45,4,315,51,False,10,False,False,20.0,18.0,15.0,17.0,18.0,16.0,18.0,17.428571428571427,-0.27407407407407747,1.0636163637316014
2024-11-11,PROD_002,Adidas Ultraboost 23,Running,Zapatillas Running,135,True,17,2315.57,2024,11,11,Monday,0,False,True,False,False,False,False,,False,False,True,False,False,False,46,4,316,50,False,11,False,False,14.0,20.0,18.0,15.0,17.0,18.0,16.0,16.857142857142858,-0.8962962962963021,1.0657225569204287
2024-11-12,PROD_002,Adidas Ultraboost 23,Running,Zapatillas Running,135,True,12,1638.12,2024,11,12,Tuesday,1,False,False,False,False,False,False,,False,False,True,False,False,False,46,4,317,49,False,12,False,False,17.0,14.0,20.0,18.0,15.0,17.0,18.0,17.0,-1.1185185185185118,1.0818385946374323
2024-11-13,PROD_002,Adidas Ultraboost 23,Running,Zapatillas Running,135,True,14,1855.0,2024,11,13,Wednesday,2,False,False,False,False,False,False,,False,False,True,False,False,False,46,4,318,48,False,13,False,False,12.0,17.0,14.0,20.0,18.0,15.0,17.0,16.142857142857142,1.8518518518518516,1.0529801324503312
2024-11-14,PROD_002,Adidas Ultraboost 23,Running,Zapatillas Running,135,True,15,2014.65,2024,11,14,Thursday,3,False,False,False,False,False,False,,False,False,True,False,False,False,46,4,319,47,False,14,False,False,14.0,12.0,17.0,14.0,20.0,18.0,15.0,15.714285714285714,0.5111111111111094,1.0514051613913316
2024-11-15,PROD_002,Adidas Ultraboost 23,Running,Zapatillas Running,135,True,17,2233.8,2024,11,15,Friday,4,False,False,True,False,False,False,,False,False,True,False,False,False,46,4,320,46,False,15,False,False,15.0,14.0,12.0,17.0,14.0,20.0,18.0,15.714285714285714,2.6666666666666625,1.0559022848418291
2024-11-16,PROD_002,Adidas Ultraboost 23,Running,Zapatillas Running,135,True,20,2717.6,2024,11,16,Saturday,5,True,False,False,True,False,False,,False,False,True,False,False,False,46,4,321,45,False,16,False,False,17.0,15.0,14.0,12.0,17.0,14.0,20.0,15.571428571428571,-0.6518518518518485,1.0714116750335112
2024-11-17,PROD_002,Adidas Ultraboost 23,Running,Zapatillas Running,135,True,16,2216.64,2024,11,17,Sunday,6,True,False,False,False,True,False,,False,False,True,False,False,False,46,4,322,44,False,17,False,False,20.0,17.0,15.0,14.0,12.0,17.0,14.0,15.571428571428571,-2.6222222222222165,1.0904654457679592
2024-11-18,PROD_002,Adidas Ultraboost 23,Running,Zapatillas Running,135,True,14,1942.64,2024,11,18,Monday,0,False,True,False,False,False,False,,False,False,True,False,False,False,47,4,323,43,False,18,False,False,16.0,20.0,17.0,15.0,14.0,12.0,17.0,15.857142857142858,-2.7851851851851785,1.1062744160089293
2024-11-19,PROD_002,Adidas Ultraboost 23,Running,Zapatillas Running,135,True,18,2478.24,2024,11,19,Tuesday,1,False,False,False,False,False,False,,False,False,True,False,False,False,47,4,324,42,False,19,False,False,14.0,16.0,20.0,17.0,15.0,14.0,12.0,15.428571428571429,-1.9851851851851903,1.1029399983978212
2024-11-20,PROD_002,Adidas Ultraboost 23,Running,Zapatillas Running,135,True,16,2097.6,2024,11,20,Wednesday,2,False,False,False,False,False,False,,False,False,True,False,False,False,47,4,325,41,False,20,False,False,18.0,14.0,16.0,20.0,17.0,15.0,14.0,16.285714285714285,2.8888888888888933,1.035
2024-11-21,PROD_002,Adidas Ultraboost 23,Running,Zapatillas Running,135,True,14,1939.84,2024,11,21,Thursday,3,False,False,False,False,False,False,,False,False,True,False,False,False,47,4,326,40,False,21,False,False,16.0,18.0,14.0,16.0,20.0,17.0,15.0,16.571428571428573,-2.6370370370370386,1.109219479653102
2024-11-22,PROD_002,Adidas Ultraboost 23,Running,Zapatillas Running,135,True,16,2192.64,2024,11,22,Friday,4,False,False,True,False,False,False,,False,False,True,False,False,False,47,4,327,39,False,22,False,False,14.0,16.0,18.0,14.0,16.0,20.0,17.0,16.428571428571427,-1.5111111111111053,1.103648224208746
2024-11-23,PROD_002,Adidas Ultraboost 23,Running,Zapatillas Running,135,True,21,2856.0,2024,11,23,Saturday,5,True,False,False,True,False,False,,False,False,True,False,False,False,47,4,328,38,False,23,False,False,16.0,14.0,16.0,18.0,14.0,16.0,20.0,16.285714285714285,-0.7407407407407408,1.0722451446742531
2024-11-24,PROD_002,Adidas Ultraboost 23,Running,Zapatillas Running,135,True,15,2030.1,2024,11,24,Sunday,6,True,False,False,False,True,False,,False,False,True,False,False,False,47,4,329,37,False,24,False,False,21.0,16.0,14.0,16.0,18.0,14.0,16.0,16.428571428571427,-0.2518518518518544,1.0785496081816974
2024-11-25,PROD_002,Adidas Ultraboost 23,Running,Zapatillas Running,135,True,15,2022.3,2024,11,25,Monday,0,False,True,False,False,False,False,,False,False,True,False,False,False,48,4,330,36,False,25,False,False,15.0,21.0,16.0,14.0,16.0,18.0,14.0,16.285714285714285,0.13333333333333838,1.0744056315579757
2024-11-26,PROD_002,Adidas Ultraboost 23,Running,Zapatillas Running,135,True,19,2619.34,2024,11,26,Tuesday,1,False,False,False,False,False,False,,False,False,True,False,False,False,48,4,331,35,False,26,False,False,15.0,15.0,21.0,16.0,14.0,16.0,18.0,16.428571428571427,-2.1185185185185285,1.1642925510950959
2024-11-27,PROD_002,Adidas Ultraboost 23,Running,Zapatillas Running,135,True,16,2118.4,2024,11,27,Wednesday,2,False,False,False,False,False,False,,False,False,True,False,False,False,48,4,332,34,False,27,False,False,19.0,15.0,15.0,21.0,16.0,14.0,16.0,16.571428571428573,1.9259259259259216,1.1298856460146782
2024-11-28,PROD_002,Adidas Ultraboost 23,Running,Zapatillas Running,135,True,18,2453.04,2024,11,28,Thursday,3,False,False,False,False,False,False,,False,False,True,False,False,False,48,4,333,33,False,28,True,False,16.0,19.0,15.0,15.0,21.0,16.0,14.0,16.571428571428573,-0.948148148148149,1.1683813443072701
2024-11-29,PROD_002,Adidas Ultraboost 23,Running,Zapatillas Running,135,True,68,7803.0,2024,11,29,Friday,4,False,False,True,False,False,False,,True,False,True,False,False,False,48,4,334,32,False,29,True,False,18.0,16.0,19.0,15.0,15.0,21.0,16.0,17.142857142857142,15.0,0.9314123376623377
2024-11-30,PROD_002,Adidas Ultraboost 23,Running,Zapatillas Running,135,True,65,7722.0,2024,11,30,Saturday,5,True,False,False,True,False,False,,False,False,True,False,False,False,48,4,335,31,False,30,True,False,68.0,18.0,16.0,19.0,15.0,15.0,21.0,24.571428571428573,12.000000000000002,0.9327706349985279
2021-11-01,PROD_003,Asics Gel Nimbus 25,Running,Zapatillas Running,85,False,2,170.28,2021,11,1,Monday,0,False,True,False,False,False,True,Todos los Santos,False,False,True,False,False,False,44,4,305,60,False,1,False,True,3.0,3.0,3.0,2.0,3.0,2.0,2.0,2.5714285714285716,-0.16470588235294187,1.0223752151462997
2021-11-02,PROD_003,Asics Gel Nimbus 25,Running,Zapatillas Running,85,False,2,165.58,2021,11,2,Tuesday,1,False,False,False,False,False,False,,False,False,True,False,False,False,44,4,306,59,False,2,False,True,2.0,3.0,3.0,3.0,2.0,3.0,2.0,2.5714285714285716,2.5999999999999925,0.9691353207429374
2021-11-03,PROD_003,Asics Gel Nimbus 25,Running,Zapatillas Running,85,False,3,249.21,2021,11,3,Wednesday,2,False,False,False,False,False,False,,False,False,True,False,False,False,44,4,307,58,False,3,False,True,2.0,2.0,3.0,3.0,3.0,2.0,3.0,2.5714285714285716,2.2705882352941256,0.9868530471627133
2021-11-04,PROD_003,Asics Gel Nimbus 25,Running,Zapatillas Running,85,False,3,255.84,2021,11,4,Thursday,3,False,False,False,False,False,False,,False,False,True,False,False,False,44,4,308,57,False,4,False,False,3.0,2.0,2.0,3.0,3.0,3.0,2.0,2.5714285714285716,-0.32941176470588374,1.069609933525649
2021-11-05,PROD_003,Asics Gel Nimbus 25,Running,Zapatillas Running,85,False,3,256.5,2021,11,5,Friday,4,False,False,True,False,False,False,,False,False,True,False,False,False,44,4,309,56,False,5,False,False,3.0,3.0,2.0,2.0,3.0,3.0,3.0,2.7142857142857144,-0.5882352941176471,1.0281797410510283
2021-11-06,PROD_003,Asics Gel Nimbus 25,Running,Zapatillas Running,85,False,3,254.22,2021,11,6,Saturday,5,True,False,False,True,False,False,,False,False,True,False,False,False,44,4,310,55,False,6,False,False,3.0,3.0,3.0,2.0,2.0,3.0,3.0,2.7142857142857144,0.3058823529411825,1.0134343233007774
2021-11-07,PROD_003,Asics Gel Nimbus 25,Running,Zapatillas Running,85,False,3,259.68,2021,11,7,Sunday,6,True,False,False,False,True,False,,False,False,True,False,False,False,44,4,311,54,False,7,False,False,3.0,3.0,3.0,3.0,2.0,2.0,3.0,2.7142857142857144,-1.8352941176470614,1.07088952121737
2021-11-08,PROD_003,Asics Gel Nimbus 25,Running,Zapatillas Running,85,False,2,171.58,2021,11,8,Monday,0,False,True,False,False,False,False,,False,False,True,False,False,False,45,4,312,53,False,8,False,False,3.0,3.0,3.0,3.0,3.0,2.0,2.0,2.7142857142857144,-0.9294117647058897,1.004566744730679
2021-11-09,PROD_003,Asics Gel Nimbus 25,Running,Zapatillas Running,85,False,3,257.04,2021,11,9,Tuesday,1,False,False,False,False,False,False,,False,False,True,False,False,False,45,4,313,52,False,9,False,False,2.0,3.0,3.0,3.0,3.0,3.0,2.0,2.7142857142857144,-0.800000000000008,1.0674861912870137
2021-11-10,PROD_003,Asics Gel Nimbus 25,Running,Zapatillas Running,85,False,2,165.88,2021,11,10,Wednesday,2,False,False,False,False,False,False,,False,False,True,False,False,False,45,4,314,51,False,10,False,False,3.0,2.0,3.0,3.0,3.0,3.0,3.0,2.857142857142857,2.4235294117647084,0.9717633274751024
2021-11-11,PROD_003,Asics Gel Nimbus 25,Running,Zapatillas Running,85,False,2,171.36,2021,11,11,Thursday,3,False,False,False,False,False,False,,False,False,True,False,False,False,45,4,315,50,False,11,False,False,2.0,3.0,2.0,3.0,3.0,3.0,3.0,2.7142857142857144,-0.800000000000008,1.022841225626741
2021-11-12,PROD_003,Asics Gel Nimbus 25,Running,Zapatillas Running,85,False,3,249.21,2021,11,12,Friday,4,False,False,True,False,False,False,,False,False,True,False,False,False,45,4,316,49,False,12,False,False,2.0,2.0,3.0,2.0,3.0,3.0,3.0,2.5714285714285716,2.2705882352941256,0.9787910922587485
2021-11-13,PROD_003,Asics Gel Nimbus 25,Running,Zapatillas Running,85,False,3,253.08,2021,11,13,Saturday,5,True,False,False,True,False,False,,False,False,True,False,False,False,45,4,317,48,False,13,False,False,3.0,2.0,2.0,3.0,2.0,3.0,3.0,2.5714285714285716,0.7529411764705889,1.0259445435381873
2021-11-14,PROD_003,Asics Gel Nimbus 25,Running,Zapatillas Running,85,False,2,167.54,2021,11,14,Sunday,6,True,False,False,False,True,False,,False,False,True,False,False,False,45,4,318,47,False,14,False,False,3.0,3.0,2.0,2.0,3.0,2.0,3.0,2.5714285714285716,1.4470588235294164,0.9889811498957144
2021-11-15,PROD_003,Asics Gel Nimbus 25,Running,Zapatillas Running,85,False,3,262.35,2021,11,15,Monday,0,False,True,False,False,False,False,,False,False,True,False,False,False,46,4,319,46,False,15,False,False,2.0,3.0,3.0,2.0,2.0,3.0,2.0,2.4285714285714284,-2.882352941176474,1.0172153076654649
2021-11-16,PROD_003,Asics Gel Nimbus 25,Running,Zapatillas Running,85,False,3,248.46,2021,11,16,Tuesday,1,False,False,False,False,False,False,,False,False,True,False,False,False,46,4,320,45,False,16,False,False,3.0,2.0,3.0,3.0,2.0,2.0,3.0,2.5714285714285716,2.564705882352949,0.9641443538998836
2021-11-17,PROD_003,Asics Gel Nimbus 25,Running,Zapatillas Running,85,False,2,172.54,2021,11,17,Wednesday,2,False,False,False,False,False,False,,False,False,True,False,False,False,46,4,321,44,False,17,False,False,3.0,3.0,2.0,3.0,3.0,2.0,2.0,2.5714285714285716,-1.4941176470588189,1.0683150334351523
2021-11-18,PROD_003,Asics Gel Nimbus 25,Running,Zapatillas Running,85,False,3,250.65,2021,11,18,Thursday,3,False,False,False,False,False,False,,False,False,True,False,False,False,46,4,322,43,False,18,False,False,2.0,3.0,3.0,2.0,3.0,3.0,2.0,2.5714285714285716,1.70588235294118,1.033821406475562
2021-11-19,PROD_003,Asics Gel Nimbus 25,Running,Zapatillas Running,85,False,3,252.69,2021,11,19,Friday,4,False,False,True,False,False,False,,False,False,True,False,False,False,46,4,323,42,False,19,False,False,3.0,2.0,3.0,3.0,2.0,3.0,3.0,2.7142857142857144,0.9058823529411718,1.044346172921144
2021-11-20,PROD_003,Asics Gel Nimbus 25,Running,Zapatillas Running,85,False,4,331.36,2021,11,20,Saturday,5,True,False,False,True,False,False,,False,False,True,False,False,False,46,4,324,41,False,20,False,False,3.0,3.0,2.0,3.0,3.0,2.0,3.0,2.7142857142857144,2.5411764705882316,1.0057059609080978
2021-11-21,PROD_003,Asics Gel Nimbus 25,Running,Zapatillas Running,85,False,3,258.51,2021,11,21,Sunday,6,True,False,False,False,True,False,,False,False,True,False,False,False,46,4,325,40,False,21,False,False,4.0,3.0,3.0,2.0,3.0,3.0,2.0,2.857142857142857,-1.376470588235296,1.0547123623011017
2021-11-22,PROD_003,Asics Gel Nimbus 25,Running,Zapatillas Running,85,False,2,168.28,2021,11,22,Monday,0,False,True,False,False,False,False,,False,False,True,False,False,False,47,4,326,39,False,22,False,False,3.0,4.0,3.0,3.0,2.0,3.0,3.0,3.0,1.0117647058823522,1.034423407917384
2021-11-23,PROD_003,Asics Gel Nimbus 25,Running,Zapatillas Running,85,False,3,259.29,2021,11,23,Tuesday,1,False,False,False,False,False,False,,False,False,True,False,False,False,47,4,327,38,False,23,False,False,2.0,3.0,4.0,3.0,3.0,2.0,3.0,2.857142857142857,-1.6823529411764786,1.0652397189926461
2021-11-24,PROD_003,Asics Gel Nimbus 25,Running,Zapatillas Running,85,False,3,250.08,2021,11,24,Wednesday,2,False,False,False,False,False,False,,False,False,True,False,False,False,47,4,328,37,False,24,False,False,3.0,2.0,3.0,4.0,3.0,3.0,2.0,2.857142857142857,1.929411764705883,0.9839858351367301
2021-11-25,PROD_003,Asics Gel Nimbus 25,Running,Zapatillas Running,85,False,3,253.83,2021,11,25,Thursday,3,False,False,False,False,False,False,,False,False,True,False,False,False,47,4,329,36,False,25,False,False,3.0,3.0,2.0,3.0,4.0,3.0,3.0,3.0,0.45882352941176535,1.073730964467005
2021-11-26,PROD_003,Asics Gel Nimbus 25,Running,Zapatillas Running,85,False,13,939.25,2021,11,26,Friday,4,False,False,True,False,False,False,,True,False,True,False,False,False,47,4,330,35,False,26,False,False,3.0,3.0,3.0,2.0,3.0,4.0,3.0,3.0,15.0,0.9801926468593136
2021-11-27,PROD_003,Asics Gel Nimbus 25,Running,Zapatillas Running,85,False,14,1047.2,2021,11,27,Saturday,5,True,False,False,True,False,False,,False,False,True,False,False,False,47,4,331,34,False,27,False,False,13.0,3.0,3.0,3.0,2.0,3.0,4.0,4.428571428571429,12.000000000000004,0.9053132690523258
2021-11-28,PROD_003,Asics Gel Nimbus 25,Running,Zapatillas Running,85,False,14,1047.2,2021,11,28,Sunday,6,True,False,False,False,True,False,,False,False,True,False,False,False,47,4,332,33,False,28,True,False,14.0,13.0,3.0,3.0,3.0,2.0,3.0,5.857142857142857,12.000000000000004,0.9038182696955052
2021-11-29,PROD_003,Asics Gel Nimbus 25,Running,Zapatillas Running,85,False,15,1083.75,2021,11,29,Monday,0,False,True,False,False,False,False,,False,True,True,False,False,False,48,4,333,32,False,29,True,False,14.0,14.0,13.0,3.0,3.0,3.0,2.0,7.428571428571429,15.0,0.8596414690251447
2021-11-30,PROD_003,Asics Gel Nimbus 25,Running,Zapatillas Running,85,False,7,547.4,2021,11,30,Tuesday,1,False,False,False,False,False,False,,False,False,True,False,False,False,48,4,334,31,False,30,True,False,15.0,14.0,14.0,13.0,3.0,3.0,3.0,9.285714285714286,7.9999999999999964,0.923803898405198
2022-10-25,PROD_003,Asics Gel Nimbus 25,Running,Zapatillas Running,85,False,3,255.57,2022,10,25,Tuesday,1,False,False,False,False,False,False,,False,False,False,False,False,False,43,4,298,67,True,25,False,False,7.0,15.0,14.0,14.0,13.0,3.0,3.0,9.857142857142858,-0.2235294117647032,1.068928018737714
2022-10-26,PROD_003,Asics Gel Nimbus 25,Running,Zapatillas Running,85,False,3,252.15,2022,10,26,Wednesday,2,False,False,False,False,False,False,,False,False,False,False,False,False,43,4,299,66,True,26,False,False,3.0,7.0,15.0,14.0,14.0,13.0,3.0,9.857142857142858,1.1176470588235328,1.012040939193257
2022-10-27,PROD_003,Asics Gel Nimbus 25,Running,Zapatillas Running,85,False,3,252.54,2022,10,27,Thursday,3,False,False,False,False,False,False,,False,False,False,False,False,False,43,4,300,65,True,27,False,False,3.0,3.0,7.0,15.0,14.0,14.0,13.0,9.857142857142858,0.9647058823529332,1.013728323699422
2022-10-28,PROD_003,Asics Gel Nimbus 25,Running,Zapatillas Running,85,False,2,170.36,2022,10,28,Friday,4,False,False,True,False,False,False,,False,False,False,False,False,False,43,4,301,64,True,28,True,False,3.0,3.0,3.0,7.0,15.0,14.0,14.0,8.428571428571429,-0.21176470588236096,1.079685651512591
2022-10-29,PROD_003,Asics Gel Nimbus 25,Running,Zapatillas Running,85,False,4,344.4,2022,10,29,Saturday,5,True,False,False,True,False,False,,False,False,False,False,False,False,43,4,302,63,True,29,True,False,2.0,3.0,3.0,3.0,7.0,15.0,14.0,6.714285714285714,-1.2941176470588167,1.0751300728407909
2022-10-30,PROD_003,Asics Gel Nimbus 25,Running,Zapatillas Running,85,False,3,256.65,2022,10,30,Sunday,6,True,False,False,False,True,False,,False,False,False,False,False,False,43,4,303,62,True,30,True,False,4.0,2.0,3.0,3.0,3.0,7.0,15.0,5.285714285714286,-0.6470588235294084,1.0112293144208035
2022-10-31,PROD_003,Asics Gel Nimbus 25,Running,Zapatillas Running,85,False,3,258.36,2022,10,31,Monday,0,False,True,False,False,False,False,,False,False,False,False,False,False,44,4,304,61,True,31,True,False,3.0,4.0,2.0,3.0,3.0,3.0,7.0,3.5714285714285716,-1.317647058823535,1.0432465172622654
2022-11-01,PROD_003,Asics Gel Nimbus 25,Running,Zapatillas Running,85,False,2,171.9,2022,11,1,Tuesday,1,False,False,False,False,False,True,Todos los Santos,False,False,True,False,False,False,44,4,305,60,False,1,False,True,3.0,3.0,4.0,2.0,3.0,3.0,3.0,3.0,-1.1176470588235328,1.0065188539308298
2022-11-02,PROD_003,Asics Gel Nimbus 25,Running,Zapatillas Running,85,False,3,247.62,2022,11,2,Wednesday,2,False,False,False,False,False,False,,False,False,True,False,False,False,44,4,306,59,False,2,False,True,2.0,3.0,3.0,4.0,2.0,3.0,3.0,2.857142857142857,2.894117647058816,0.9875568317779374
2022-11-03,PROD_003,Asics Gel Nimbus 25,Running,Zapatillas Running,85,False,3,255.45,2022,11,3,Thursday,3,False,False,False,False,False,False,,False,False,True,False,False,False,44,4,307,58,False,3,False,True,3.0,2.0,3.0,3.0,4.0,2.0,3.0,2.857142857142857,-0.1764705882353008,1.066597077244259
2022-11-04,PROD_003,Asics Gel Nimbus 25,Running,Zapatillas Running,85,False,3,254.97,2022,11,4,Friday,4,False,False,True,False,False,False,,False,False,True,False,False,False,44,4,308,57,False,4,False,False,3.0,3.0,2.0,3.0,3.0,4.0,2.0,2.857142857142857,0.01176470588235896,1.0713475356107398
2022-11-05,PROD_003,Asics Gel Nimbus 25,Running,Zapatillas Running,85,False,3,258.09,2022,11,5,Saturday,5,True,False,False,True,False,False,,False,False,True,False,False,False,44,4,309,56,False,5,False,False,3.0,3.0,3.0,2.0,3.0,3.0,4.0,3.0,-1.2117647058823542,1.048720032507111
2022-11-06,PROD_003,Asics Gel Nimbus 25,Running,Zapatillas Running,85,False,2,166.24,2022,11,6,Sunday,6,True,False,False,False,True,False,,False,False,True,False,False,False,44,4,310,55,False,6,False,False,3.0,3.0,3.0,3.0,2.0,3.0,3.0,2.857142857142857,2.2117647058823473,1.0307965772394694
2022-11-07,PROD_003,Asics Gel Nimbus 25,Running,Zapatillas Running,85,False,3,259.17,2022,11,7,Monday,0,False,True,False,False,False,False,,False,False,True,False,False,False,45,4,311,54,False,7,False,False,2.0,3.0,3.0,3.0,3.0,2.0,3.0,2.7142857142857144,-1.6352941176470595,1.053836457528565
2022-11-08,PROD_003,Asics Gel Nimbus 25,Running,Zapatillas Running,85,False,3,254.73,2022,11,8,Tuesday,1,False,False,False,False,False,False,,False,False,True,False,False,False,45,4,312,53,False,8,False,False,3.0,2.0,3.0,3.0,3.0,3.0,2.0,2.7142857142857144,0.10588235294118048,1.0498701726909285
2022-11-09,PROD_003,Asics Gel Nimbus 25,Running,Zapatillas Running,85,False,2,172.5,2022,11,9,Wednesday,2,False,False,False,False,False,False,,False,False,True,False,False,False,45,4,313,52,False,9,False,False,3.0,3.0,2.0,3.0,3.0,3.0,3.0,2.857142857142857,-1.4705882352941175,0.9910375732506034
2022-11-10,PROD_003,Asics Gel Nimbus 25,Running,Zapatillas Running,85,False,2,170.68,2022,11,10,Thursday,3,False,False,False,False,False,False,,False,False,True,False,False,False,45,4,314,51,False,10,False,False,2.0,3.0,3.0,2.0,3.0,3.0,3.0,2.7142857142857144,-0.400000000000004,1.0457051831883348
2022-11-11,PROD_003,Asics Gel Nimbus 25,Running,Zapatillas Running,85,False,3,254.34,2022,11,11,Friday,4,False,False,True,False,False,False,,False,False,True,False,False,False,45,4,315,50,False,11,False,False,2.0,2.0,3.0,3.0,2.0,3.0,3.0,2.5714285714285716,0.2588235294117634,1.0283427000363887
2022-11-12,PROD_003,Asics Gel Nimbus 25,Running,Zapatillas Running,85,False,4,340.72,2022,11,12,Saturday,5,True,False,False,True,False,False,,False,False,True,False,False,False,45,4,316,49,False,12,False,False,3.0,2.0,2.0,3.0,3.0,2.0,3.0,2.5714285714285716,-0.21176470588236096,1.0756408637454224
2022-11-13,PROD_003,Asics Gel Nimbus 25,Running,Zapatillas Running,85,False,3,259.14,2022,11,13,Sunday,6,True,False,False,False,True,False,,False,False,True,False,False,False,45,4,317,48,False,13,False,False,4.0,3.0,2.0,2.0,3.0,3.0,2.0,2.7142857142857144,-1.6235294117647003,1.0342432950191571
2022-11-14,PROD_003,Asics Gel Nimbus 25,Running,Zapatillas Running,85,False,2,174.9,2022,11,14,Monday,0,False,True,False,False,False,False,,False,False,True,False,False,False,46,4,318,47,False,14,False,False,3.0,4.0,3.0,2.0,2.0,3.0,3.0,2.857142857142857,-2.882352941176474,1.028702505587578
2022-11-15,PROD_003,Asics Gel Nimbus 25,Running,Zapatillas Running,85,False,2,168.4,2022,11,15,Tuesday,1,False,False,False,False,False,False,,False,False,True,False,False,False,46,4,319,46,False,15,False,False,2.0,3.0,4.0,3.0,2.0,2.0,3.0,2.7142857142857144,0.941176470588232,1.0392495680078995
2022-11-16,PROD_003,Asics Gel Nimbus 25,Running,Zapatillas Running,85,False,3,255.12,2022,11,16,Wednesday,2,False,False,False,False,False,False,,False,False,True,False,False,False,46,4,320,45,False,16,False,False,2.0,2.0,3.0,4.0,3.0,2.0,2.0,2.5714285714285716,-0.04705882352941912,1.0053593947036572
2022-11-17,PROD_003,Asics Gel Nimbus 25,Running,Zapatillas Running,85,False,3,253.86,2022,11,17,Thursday,3,False,False,False,False,False,False,,False,False,True,False,False,False,46,4,321,44,False,17,False,False,3.0,2.0,2.0,3.0,4.0,3.0,2.0,2.7142857142857144,0.4470588235294064,1.0071012020470507
2022-11-18,PROD_003,Asics Gel Nimbus 25,Running,Zapatillas Running,85,False,3,249.48,2022,11,18,Friday,4,False,False,True,False,False,False,,False,False,True,False,False,False,46,4,322,43,False,18,False,False,3.0,3.0,2.0,2.0,3.0,4.0,3.0,2.857142857142857,2.1647058823529455,0.9705504765609803
2022-11-19,PROD_003,Asics Gel Nimbus 25,Running,Zapatillas Running,85,False,4,337.24,2022,11,19,Saturday,5,True,False,False,True,False,False,,False,False,True,False,False,False,46,4,323,42,False,19,False,False,3.0,3.0,3.0,2.0,2.0,3.0,4.0,2.857142857142857,0.8117647058823502,1.0107900731327177
2022-11-20,PROD_003,Asics Gel Nimbus 25,Running,Zapatillas Running,85,False,4,349.52,2022,11,20,Sunday,6,True,False,False,False,True,False,,False,False,True,False,False,False,46,4,324,41,False,20,False,False,4.0,3.0,3.0,3.0,2.0,2.0,3.0,2.857142857142857,-2.7999999999999945,1.039207135777998
2022-11-21,PROD_003,Asics Gel Nimbus 25,Running,Zapatillas Running,85,False,3,259.65,2022,11,21,Monday,0,False,True,False,False,False,False,,False,False,True,False,False,False,47,4,325,40,False,21,False,False,4.0,4.0,3.0,3.0,3.0,2.0,2.0,3.0,-1.8235294117647027,1.0288465348496254
2022-11-22,PROD_003,Asics Gel Nimbus 25,Running,Zapatillas Running,85,False,4,332.76,2022,11,22,Tuesday,1,False,False,False,False,False,False,,False,False,True,False,False,False,47,4,326,39,False,22,False,False,3.0,4.0,4.0,3.0,3.0,3.0,2.0,3.142857142857143,2.129411764705885,1.012783053323594
2022-11-23,PROD_003,Asics Gel Nimbus 25,Running,Zapatillas Running,85,False,4,347.76,2022,11,23,Wednesday,2,False,False,False,False,False,False,,False,False,True,False,False,False,47,4,327,38,False,23,False,False,4.0,3.0,4.0,4.0,3.0,3.0,3.0,3.4285714285714284,-2.282352941176468,1.0250746737934286
2022-11-24,PROD_003,Asics Gel Nimbus 25,Running,Zapatillas Running,85,False,3,260.1,2022,11,24,Thursday,3,False,False,False,False,False,False,,False,False,True,False,False,False,47,4,328,37,False,24,False,False,4.0,4.0,3.0,4.0,4.0,3.0,3.0,3.5714285714285716,-2.0000000000000036,1.0549156391953278
2022-11-25,PROD_003,Asics Gel Nimbus 25,Running,Zapatillas Running,85,False,15,1083.75,2022,11,25,Friday,4,False,False,True,False,False,False,,True,False,True,False,False,False,47,4,329,36,False,25,False,False,3.0,4.0,4.0,3.0,4.0,4.0,3.0,3.5714285714285716,15.0,0.9606009572770786
2022-11-26,PROD_003,Asics Gel Nimbus 25,Running,Zapatillas Running,85,False,14,1047.2,2022,11,26,Saturday,5,True,False,False,True,False,False,,False,False,True,False,False,False,47,4,330,35,False,26,False,False,15.0,3.0,4.0,4.0,3.0,4.0,4.0,5.285714285714286,12.000000000000004,0.9130487854498108
2022-11-27,PROD_003,Asics Gel Nimbus 25,Running,Zapatillas Running,85,False,10,748.0,2022,11,27,Sunday,6,True,False,False,False,True,False,,False,False,True,False,False,False,47,4,331,34,False,27,False,False,14.0,15.0,3.0,4.0,4.0,3.0,4.0,6.714285714285714,12.000000000000004,0.8684546615581097
2022-11-28,PROD_003,Asics Gel Nimbus 25,Running,Zapatillas Running,85,False,12,867.0,2022,11,28,Monday,0,False,True,False,False,False,False,,False,True,True,False,False,False,48,4,332,33,False,28,True,False,10.0,14.0,15.0,3.0,4.0,4.0,3.0,7.571428571428571,15.0,0.917615680961856
2022-11-29,PROD_003,Asics Gel Nimbus 25,Running,Zapatillas Running,85,False,8,625.6,2022,11,29,Tuesday,1,False,False,False,False,False,False,,False,False,True,False,False,False,48,4,333,32,False,29,True,False,12.0,10.0,14.0,15.0,3.0,4.0,4.0,8.857142857142858,7.9999999999999964,0.9523036330424194
2022-11-30,PROD_003,Asics Gel Nimbus 25,Running,Zapatillas Running,85,False,7,547.4,2022,11,30,Wednesday,2,False,False,False,False,False,False,,False,False,True,False,False,False,48,4,334,31,False,30,True,False,8.0,12.0,10.0,14.0,15.0,3.0,4.0,9.428571428571429,7.9999999999999964,0.9454721315439487
2023-10-25,PROD_003,Asics Gel Nimbus 25,Running,Zapatillas Running,85,False,3,256.44,2023,10,25,Wednesday,2,False,False,False,False,False,False,,False,False,False,False,False,False,43,4,298,67,True,25,False,False,7.0,8.0,12.0,10.0,14.0,15.0,3.0,9.857142857142858,-0.5647058823529459,1.061072492552135
2023-10-26,PROD_003,Asics Gel Nimbus 25,Running,Zapatillas Running,85,False,2,172.78,2023,10,26,Thursday,3,False,False,False,False,False,False,,False,False,False,False,False,False,43,4,299,66,True,26,False,False,3.0,7.0,8.0,12.0,10.0,14.0,15.0,9.857142857142858,-1.6352941176470595,1.0785268414481897
2023-10-27,PROD_003,Asics Gel Nimbus 25,Running,Zapatillas Running,85,False,3,262.02,2023,10,27,Friday,4,False,False,True,False,False,False,,False,False,False,False,False,False,43,4,300,65,True,27,False,False,2.0,3.0,7.0,8.0,12.0,10.0,14.0,8.0,-2.752941176470592,1.090477775928084
2023-10-28,PROD_003,Asics Gel Nimbus 25,Running,Zapatillas Running,85,False,4,333.88,2023,10,28,Saturday,5,True,False,False,True,False,False,,False,False,False,False,False,False,43,4,301,64,True,28,True,False,3.0,2.0,3.0,7.0,8.0,12.0,10.0,6.428571428571429,1.8000000000000012,0.9982061707725424
2023-10-29,PROD_003,Asics Gel Nimbus 25,Running,Zapatillas Running,85,False,3,258.78,2023,10,29,Sunday,6,True,False,False,False,True,False,,False,False,False,False,False,False,43,4,302,63,True,29,True,False,4.0,3.0,2.0,3.0,7.0,8.0,12.0,5.571428571428571,-1.4823529411764766,1.0122037080497535
2023-10-30,PROD_003,Asics Gel Nimbus 25,Running,Zapatillas Running,85,False,2,167.36,2023,10,30,Monday,0,False,True,False,False,False,False,,False,False,False,False,False,False,44,4,303,62,True,30,True,False,3.0,4.0,3.0,2.0,3.0,7.0,8.0,4.285714285714286,1.5529411764705803,1.0064547167541997
2023-10-31,PROD_003,Asics Gel Nimbus 25,Running,Zapatillas Running,85,False,3,251.64,2023,10,31,Tuesday,1,False,False,False,False,False,False,,False,False,False,False,False,False,44,4,304,61,True,31,True,False,2.0,3.0,4.0,3.0,2.0,3.0,7.0,3.4285714285714284,1.317647058823535,1.0335989484925656
2023-11-01,PROD_003,Asics Gel Nimbus 25,Running,Zapatillas Running,85,False,3,257.4,2023,11,1,Wednesday,2,False,False,False,False,False,True,Todos los Santos,False,False,True,False,False,False,44,4,305,60,False,1,False,True,3.0,2.0,3.0,4.0,3.0,2.0,3.0,2.857142857142857,-0.941176470588232,1.0553072854741503
2023-11-02,PROD_003,Asics Gel Nimbus 25,Running,Zapatillas Running,85,False,3,250.8,2023,11,2,Thursday,3,False,False,False,False,False,False,,False,False,True,False,False,False,44,4,306,59,False,2,False,True,3.0,3.0,2.0,3.0,4.0,3.0,2.0,2.857142857142857,1.6470588235294186,0.9628378378378377
2023-11-03,PROD_003,Asics Gel Nimbus 25,Running,Zapatillas Running,85,False,3,255.42,2023,11,3,Friday,4,False,False,True,False,False,False,,False,False,True,False,False,False,44,4,307,58,False,3,False,True,3.0,3.0,3.0,2.0,3.0,4.0,3.0,3.0,-0.16470588235294187,1.0090467348793108
2023-11-04,PROD_003,Asics Gel Nimbus 25,Running,Zapatillas Running,85,False,3,254.97,2023,11,4,Saturday,5,True,False,False,True,False,False,,False,False,True,False,False,False,44,4,308,57,False,4,False,False,3.0,3.0,3.0,3.0,2.0,3.0,4.0,3.0,0.01176470588235896,1.034151287771243
2023-11-05,PROD_003,Asics Gel Nimbus 25,Running,Zapatillas Running,85,False,4,332.6,2023,11,5,Sunday,6,True,False,False,False,True,False,,False,False,True,False,False,False,44,4,309,56,False,5,False,False,3.0,3.0,3.0,3.0,3.0,2.0,3.0,2.857142857142857,2.1764705882352873,1.0103280680437425
2023-11-06,PROD_003,Asics Gel Nimbus 25,Running,Zapatillas Running,85,False,3,254.46,2023,11,6,Monday,0,False,True,False,False,False,False,,False,False,True,False,False,False,45,4,310,55,False,6,False,False,4.0,3.0,3.0,3.0,3.0,3.0,2.0,3.0,0.21176470588236096,0.9890007384663221
2023-11-07,PROD_003,Asics Gel Nimbus 25,Running,Zapatillas Running,85,False,3,259.23,2023,11,7,Tuesday,1,False,False,False,False,False,False,,False,False,True,False,False,False,45,4,311,54,False,7,False,False,3.0,4.0,3.0,3.0,3.0,3.0,3.0,3.142857142857143,-1.6588235294117608,1.0443558133913464
2023-11-08,PROD_003,Asics Gel Nimbus 25,Running,Zapatillas Running,85,False,3,257.16,2023,11,8,Wednesday,2,False,False,False,False,False,False,,False,False,True,False,False,False,45,4,312,53,False,8,False,False,3.0,3.0,4.0,3.0,3.0,3.0,3.0,3.142857142857143,-0.8470588235294105,1.0402912621359224
2023-11-09,PROD_003,Asics Gel Nimbus 25,Running,Zapatillas Running,85,False,4,341.72,2023,11,9,Thursday,3,False,False,False,False,False,False,,False,False,True,False,False,False,45,4,313,52,False,9,False,False,3.0,3.0,3.0,4.0,3.0,3.0,3.0,3.142857142857143,-0.5058823529411844,0.9949532202337047
2023-11-10,PROD_003,Asics Gel Nimbus 25,Running,Zapatillas Running,85,False,4,333.88,2023,11,10,Friday,4,False,False,True,False,False,False,,False,False,True,False,False,False,45,4,314,51,False,10,False,False,4.0,3.0,3.0,3.0,4.0,3.0,3.0,3.2857142857142856,1.8000000000000012,1.033684210526316
2023-11-11,PROD_003,Asics Gel Nimbus 25,Running,Zapatillas Running,85,False,3,256.89,2023,11,11,Saturday,5,True,False,False,True,False,False,,False,False,True,False,False,False,45,4,315,50,False,11,False,False,4.0,4.0,3.0,3.0,3.0,4.0,3.0,3.4285714285714284,-0.7411764705882299,1.0150946378472359
2023-11-12,PROD_003,Asics Gel Nimbus 25,Running,Zapatillas Running,85,False,4,348.96,2023,11,12,Sunday,6,True,False,False,False,True,False,,False,False,True,False,False,False,45,4,316,49,False,12,False,False,3.0,4.0,4.0,3.0,3.0,3.0,4.0,3.4285714285714284,-2.6352941176470526,1.023543214704732
2023-11-13,PROD_003,Asics Gel Nimbus 25,Running,Zapatillas Running,85,False,3,252.51,2023,11,13,Monday,0,False,True,False,False,False,False,,False,False,True,False,False,False,46,4,317,48,False,13,False,False,4.0,3.0,4.0,4.0,3.0,3.0,3.0,3.4285714285714284,0.9764705882352922,0.9975112585920836
2023-11-14,PROD_003,Asics Gel Nimbus 25,Running,Zapatillas Running,85,False,3,258.87,2023,11,14,Tuesday,1,False,False,False,False,False,False,,False,False,True,False,False,False,46,4,318,47,False,14,False,False,3.0,4.0,3.0,4.0,4.0,3.0,3.0,3.4285714285714284,-1.5176470588235367,1.0716592151018383
2023-11-15,PROD_003,Asics Gel Nimbus 25,Running,Zapatillas Running,85,False,3,256.71,2023,11,15,Wednesday,2,False,False,False,False,False,False,,False,False,True,False,False,False,46,4,319,46,False,15,False,False,3.0,3.0,4.0,3.0,4.0,4.0,3.0,3.4285714285714284,-0.6705882352941096,1.0170760697305863
2023-11-16,PROD_003,Asics Gel Nimbus 25,Running,Zapatillas Running,85,False,3,260.04,2023,11,16,Thursday,3,False,False,False,False,False,False,,False,False,True,False,False,False,46,4,320,45,False,16,False,False,3.0,3.0,3.0,4.0,3.0,4.0,4.0,3.4285714285714284,-1.9764705882353022,1.0394116236309858
2023-11-17,PROD_003,Asics Gel Nimbus 25,Running,Zapatillas Running,85,False,4,344.76,2023,11,17,Friday,4,False,False,True,False,False,False,,False,False,True,False,False,False,46,4,321,44,False,17,False,False,3.0,3.0,3.0,3.0,4.0,3.0,4.0,3.2857142857142856,-1.3999999999999972,1.026193594475533
2023-11-18,PROD_003,Asics Gel Nimbus 25,Running,Zapatillas Running,85,False,4,345.76,2023,11,18,Saturday,5,True,False,False,True,False,False,,False,False,True,False,False,False,46,4,322,43,False,18,False,False,4.0,3.0,3.0,3.0,3.0,4.0,3.0,3.2857142857142856,-1.694117647058821,1.0370725854829033
2023-11-19,PROD_003,Asics Gel Nimbus 25,Running,Zapatillas Running,85,False,3,260.19,2023,11,19,Sunday,6,True,False,False,False,True,False,,False,False,True,False,False,False,46,4,323,42,False,19,False,False,4.0,4.0,3.0,3.0,3.0,3.0,4.0,3.4285714285714284,-2.0352941176470636,1.053998217613222
2023-11-20,PROD_003,Asics Gel Nimbus 25,Running,Zapatillas Running,85,False,3,250.2,2023,11,20,Monday,0,False,True,False,False,False,False,,False,False,True,False,False,False,47,4,324,41,False,20,False,False,3.0,4.0,4.0,3.0,3.0,3.0,3.0,3.2857142857142856,1.882352941176464,1.0373994526909363
2023-11-21,PROD_003,Asics Gel Nimbus 25,Running,Zapatillas Running,85,False,4,346.04,2023,11,21,Tuesday,1,False,False,False,False,False,False,,False,False,True,False,False,False,47,4,325,40,False,21,False,False,3.0,3.0,4.0,4.0,3.0,3.0,3.0,3.2857142857142856,-1.7764705882353002,1.0496238776995874
2023-11-22,PROD_003,Asics Gel Nimbus 25,Running,Zapatillas Running,85,False,3,250.77,2023,11,22,Wednesday,2,False,False,False,False,False,False,,False,False,True,False,False,False,47,4,326,39,False,22,False,False,4.0,3.0,3.0,4.0,4.0,3.0,3.0,3.4285714285714284,1.6588235294117608,1.029391240096876
2023-11-23,PROD_003,Asics Gel Nimbus 25,Running,Zapatillas Running,85,False,4,339.36,2023,11,23,Thursday,3,False,False,False,False,False,False,,False,False,True,False,False,False,47,4,327,38,False,23,False,False,3.0,4.0,3.0,3.0,4.0,4.0,3.0,3.4285714285714284,0.18823529411764306,1.0181614529162333
2023-11-24,PROD_003,Asics Gel Nimbus 25,Running,Zapatillas Running,85,False,16,1156.0,2023,11,24,Friday,4,False,False,True,False,False,False,,True,False,True,False,False,False,47,4,328,37,False,24,False,False,4.0,3.0,4.0,3.0,3.0,4.0,4.0,3.5714285714285716,15.0,0.9653068495590984
2023-11-25,PROD_003,Asics Gel Nimbus 25,Running,Zapatillas Running,85,False,13,972.4,2023,11,25,Saturday,5,True,False,False,True,False,False,,False,False,True,False,False,False,47,4,329,36,False,25,False,False,16.0,4.0,3.0,4.0,3.0,3.0,4.0,5.285714285714286,12.000000000000004,0.9101232965606748
2023-11-26,PROD_003,Asics Gel Nimbus 25,Running,Zapatillas Running,85,False,13,972.4,2023,11,26,Sunday,6,True,False,False,False,True,False,,False,False,True,False,False,False,47,4,330,35,False,26,False,False,13.0,16.0,4.0,3.0,4.0,3.0,3.0,6.571428571428571,12.000000000000004,0.929461955846415
2023-11-27,PROD_003,Asics Gel Nimbus 25,Running,Zapatillas Running,85,False,11,794.75,2023,11,27,Monday,0,False,True,False,False,False,False,,False,True,True,False,False,False,48,4,331,34,False,27,False,False,13.0,13.0,16.0,4.0,3.0,4.0,3.0,8.0,15.0,0.8956981693458407
2023-11-28,PROD_003,Asics Gel Nimbus 25,Running,Zapatillas Running,85,False,8,625.6,2023,11,28,Tuesday,1,False,False,False,False,False,False,,False,False,True,False,False,False,48,4,332,33,False,28,True,False,11.0,13.0,13.0,16.0,4.0,3.0,4.0,9.142857142857142,7.9999999999999964,0.9723949266351654
2023-11-29,PROD_003,Asics Gel Nimbus 25,Running,Zapatillas Running,85,False,7,547.4,2023,11,29,Wednesday,2,False,False,False,False,False,False,,False,False,True,False,False,False,48,4,333,32,False,29,True,False,8.0,11.0,13.0,13.0,16.0,4.0,3.0,9.714285714285714,7.9999999999999964,0.9594307214133814
2023-11-30,PROD_003,Asics Gel Nimbus 25,Running,Zapatillas Running,85,False,2,167.72,2023,11,30,Thursday,3,False,False,False,False,False,False,,False,False,True,False,False,False,48,4,334,31,False,30,True,False,7.0,8.0,11.0,13.0,13.0,16.0,4.0,10.285714285714286,1.3411764705882359,0.9926609848484848
2024-10-25,PROD_003,Asics Gel Nimbus 25,Running,Zapatillas Running,85,False,3,255.33,2024,10,25,Friday,4,False,False,True,False,False,False,,False,False,False,False,False,False,43,4,299,67,True,25,False,False,2.0,7.0,8.0,11.0,13.0,13.0,16.0,10.0,-0.1294117647058817,1.0252158201164425
2024-10-26,PROD_003,Asics Gel Nimbus 25,Running,Zapatillas Running,85,False,4,349.72,2024,10,26,Saturday,5,True,False,False,True,False,False,,False,False,False,False,False,False,43,4,300,66,True,26,False,False,3.0,2.0,7.0,8.0,11.0,13.0,13.0,8.142857142857142,-2.8588235294117728,1.054305008441193
2024-10-27,PROD_003,Asics Gel Nimbus 25,Running,Zapatillas Running,85,False,4,345.44,2024,10,27,Sunday,6,True,False,False,False,True,False,,False,False,False,False,False,False,43,4,301,65,True,27,False,False,4.0,3.0,2.0,7.0,8.0,11.0,13.0,6.857142857142857,-1.5999999999999994,1.0360713428777095
2024-10-28,PROD_003,Asics Gel Nimbus 25,Running,Zapatillas Running,85,False,2,169.46,2024,10,28,Monday,0,False,True,False,False,False,False,,False,False,False,False,False,False,44,4,302,64,True,28,True,False,4.0,4.0,3.0,2.0,7.0,8.0,11.0,5.571428571428571,0.31764705882352473,1.0491579990094109
2024-10-29,PROD_003,Asics Gel Nimbus 25,Running,Zapatillas Running,85,False,2,165.6,2024,10,29,Tuesday,1,False,False,False,False,False,False,,False,False,False,False,False,False,44,4,303,63,True,29,True,False,2.0,4.0,4.0,3.0,2.0,7.0,8.0,4.285714285714286,2.5882352941176507,1.017115715338629
2024-10-30,PROD_003,Asics Gel Nimbus 25,Running,Zapatillas Running,85,False,3,251.61,2024,10,30,Wednesday,2,False,False,False,False,False,False,,False,False,False,False,False,False,44,4,304,62,True,30,True,False,2.0,2.0,4.0,4.0,3.0,2.0,7.0,3.4285714285714284,1.329411764705877,1.0488994497248625
2024-10-31,PROD_003,Asics Gel Nimbus 25,Running,Zapatillas Running,85,False,3,262.59,2024,10,31,Thursday,3,False,False,False,False,False,False,,False,False,False,False,False,False,44,4,305,61,True,31,True,False,3.0,2.0,2.0,4.0,4.0,3.0,2.0,2.857142857142857,-2.9764705882352955,1.0394252464077902
2024-11-01,PROD_003,Asics Gel Nimbus 25,Running,Zapatillas Running,85,False,3,250.11,2024,11,1,Friday,4,False,False,True,False,False,True,Todos los Santos,False,False,True,False,False,False,44,4,306,60,False,1,False,True,3.0,3.0,2.0,2.0,4.0,4.0,3.0,3.0,1.917647058823524,0.9980446927374302
2024-11-02,PROD_003,Asics Gel Nimbus 25,Running,Zapatillas Running,85,False,4,343.04,2024,11,2,Saturday,5,True,False,False,True,False,False,,False,False,True,False,False,False,44,4,307,59,False,2,False,True,3.0,3.0,3.0,2.0,2.0,4.0,4.0,3.0,-0.8941176470588296,1.0451314132510054
2024-11-03,PROD_003,Asics Gel Nimbus 25,Running,Zapatillas Running,85,False,3,259.53,2024,11,3,Sunday,6,True,False,False,False,True,False,,False,False,True,False,False,False,44,4,308,58,False,3,False,True,4.0,3.0,3.0,3.0,2.0,2.0,4.0,3.0,-1.7764705882353002,1.017046790500823
2024-11-04,PROD_003,Asics Gel Nimbus 25,Running,Zapatillas Running,85,False,3,252.09,2024,11,4,Monday,0,False,True,False,False,False,False,,False,False,True,False,False,False,45,4,309,57,False,4,False,False,3.0,4.0,3.0,3.0,3.0,2.0,2.0,2.857142857142857,1.141176470588234,1.0215171407731582
2024-11-05,PROD_003,Asics Gel Nimbus 25,Running,Zapatillas Running,85,False,3,252.0,2024,11,5,Tuesday,1,False,False,False,False,False,False,,False,False,True,False,False,False,45,4,310,56,False,5,False,False,3.0,3.0,4.0,3.0,3.0,3.0,2.0,3.0,1.1764705882352942,1.0407632263660018
2024-11-06,PROD_003,Asics Gel Nimbus 25,Running,Zapatillas Running,85,False,3,259.14,2024,11,6,Wednesday,2,False,False,False,False,False,False,,False,False,True,False,False,False,45,4,311,55,False,6,False,False,3.0,3.0,3.0,4.0,3.0,3.0,3.0,3.142857142857143,-1.6235294117647003,1.0602242042386054
2024-11-07,PROD_003,Asics Gel Nimbus 25,Running,Zapatillas Running,85,False,3,259.11,2024,11,7,Thursday,3,False,False,False,False,False,False,,False,False,True,False,False,False,45,4,312,54,False,7,False,False,3.0,3.0,3.0,3.0,4.0,3.0,3.0,3.142857142857143,-1.6117647058823583,1.079984994998333
2024-11-08,PROD_003,Asics Gel Nimbus 25,Running,Zapatillas Running,85,False,4,341.04,2024,11,8,Friday,4,False,False,True,False,False,False,,False,False,True,False,False,False,45,4,313,53,False,8,False,False,3.0,3.0,3.0,3.0,3.0,4.0,3.0,3.142857142857143,-0.3058823529411825,1.0075235356678616
2024-11-09,PROD_003,Asics Gel Nimbus 25,Running,Zapatillas Running,85,False,4,336.24,2024,11,9,Saturday,5,True,False,False,True,False,False,,False,False,True,False,False,False,45,4,314,52,False,9,False,False,4.0,3.0,3.0,3.0,3.0,3.0,4.0,3.2857142857142856,1.1058823529411737,0.9877017076609744
2024-11-10,PROD_003,Asics Gel Nimbus 25,Running,Zapatillas Running,85,False,3,256.95,2024,11,10,Sunday,6,True,False,False,False,True,False,,False,False,True,False,False,False,45,4,315,51,False,10,False,False,4.0,4.0,3.0,3.0,3.0,3.0,3.0,3.2857142857142856,-0.7647058823529479,1.024317321108232
2024-11-11,PROD_003,Asics Gel Nimbus 25,Running,Zapatillas Running,85,False,3,256.17,2024,11,11,Monday,0,False,True,False,False,False,False,,False,False,True,False,False,False,46,4,316,50,False,11,False,False,3.0,4.0,4.0,3.0,3.0,3.0,3.0,3.2857142857142856,-0.45882352941176535,1.0537638831756477
2024-11-12,PROD_003,Asics Gel Nimbus 25,Running,Zapatillas Running,85,False,3,261.96,2024,11,12,Tuesday,1,False,False,False,False,False,False,,False,False,True,False,False,False,46,4,317,49,False,12,False,False,3.0,3.0,4.0,4.0,3.0,3.0,3.0,3.2857142857142856,-2.7294117647058744,1.0575269468329902
2024-11-13,PROD_003,Asics Gel Nimbus 25,Running,Zapatillas Running,85,False,3,251.91,2024,11,13,Wednesday,2,False,False,False,False,False,False,,False,False,True,False,False,False,46,4,318,48,False,13,False,False,3.0,3.0,3.0,4.0,4.0,3.0,3.0,3.2857142857142856,1.2117647058823542,1.041165530068196
2024-11-14,PROD_003,Asics Gel Nimbus 25,Running,Zapatillas Running,85,False,3,247.47,2024,11,14,Thursday,3,False,False,False,False,False,False,,False,False,True,False,False,False,46,4,319,47,False,14,False,False,3.0,3.0,3.0,3.0,4.0,4.0,3.0,3.2857142857142856,2.952941176470594,1.0098343262874396
2024-11-15,PROD_003,Asics Gel Nimbus 25,Running,Zapatillas Running,85,False,4,335.6,2024,11,15,Friday,4,False,False,True,False,False,False,,False,False,True,False,False,False,46,4,320,46,False,15,False,False,3.0,3.0,3.0,3.0,3.0,4.0,4.0,3.2857142857142856,1.2941176470588167,1.0251293121003544
2024-11-16,PROD_003,Asics Gel Nimbus 25,Running,Zapatillas Running,85,False,5,419.4,2024,11,16,Saturday,5,True,False,False,True,False,False,,False,False,True,False,False,False,46,4,321,45,False,16,False,False,4.0,3.0,3.0,3.0,3.0,3.0,4.0,3.2857142857142856,1.317647058823535,1.00155223880597
2024-11-17,PROD_003,Asics Gel Nimbus 25,Running,Zapatillas Running,85,False,3,248.82,2024,11,17,Sunday,6,True,False,False,False,True,False,,False,False,True,False,False,False,46,4,322,44,False,17,False,False,5.0,4.0,3.0,3.0,3.0,3.0,3.0,3.4285714285714284,2.4235294117647084,1.0215543786180563
2024-11-18,PROD_003,Asics Gel Nimbus 25,Running,Zapatillas Running,85,False,3,259.14,2024,11,18,Monday,0,False,True,False,False,False,False,,False,False,True,False,False,False,47,4,323,43,False,18,False,False,3.0,5.0,4.0,3.0,3.0,3.0,3.0,3.4285714285714284,-1.6235294117647003,1.0609186931957748
2024-11-19,PROD_003,Asics Gel Nimbus 25,Running,Zapatillas Running,85,False,3,260.07,2024,11,19,Tuesday,1,False,False,False,False,False,False,,False,False,True,False,False,False,47,4,324,42,False,19,False,False,3.0,3.0,5.0,4.0,3.0,3.0,3.0,3.4285714285714284,-1.9882352941176444,1.0602552081209997
2024-11-20,PROD_003,Asics Gel Nimbus 25,Running,Zapatillas Running,85,False,4,346.84,2024,11,20,Wednesday,2,False,False,False,False,False,False,,False,False,True,False,False,False,47,4,325,41,False,20,False,False,3.0,3.0,3.0,5.0,4.0,3.0,3.0,3.4285714285714284,-2.0117647058823453,1.042772388358855
2024-11-21,PROD_003,Asics Gel Nimbus 25,Running,Zapatillas Running,85,False,3,253.17,2024,11,21,Thursday,3,False,False,False,False,False,False,,False,False,True,False,False,False,47,4,326,40,False,21,False,False,4.0,3.0,3.0,3.0,5.0,4.0,3.0,3.5714285714285716,0.7176470588235287,0.9744428620915284
2024-11-22,PROD_003,Asics Gel Nimbus 25,Running,Zapatillas Running,85,False,3,252.63,2024,11,22,Friday,4,False,False,True,False,False,False,,False,False,True,False,False,False,47,4,327,39,False,22,False,False,3.0,4.0,3.0,3.0,3.0,5.0,4.0,3.5714285714285716,0.9294117647058897,1.0813714579231228
2024-11-23,PROD_003,Asics Gel Nimbus 25,Running,Zapatillas Running,85,False,4,343.32,2024,11,23,Saturday,5,True,False,False,True,False,False,,False,False,True,False,False,False,47,4,328,38,False,23,False,False,3.0,3.0,4.0,3.0,3.0,3.0,5.0,3.4285714285714284,-0.9764705882352922,1.0340133322624687
2024-11-24,PROD_003,Asics Gel Nimbus 25,Running,Zapatillas Running,85,False,4,344.6,2024,11,24,Sunday,6,True,False,False,False,True,False,,False,False,True,False,False,False,47,4,329,37,False,24,False,False,4.0,3.0,3.0,4.0,3.0,3.0,3.0,3.2857142857142856,-1.352941176470595,1.0546396800783482
2024-11-25,PROD_003,Asics Gel Nimbus 25,Running,Zapatillas Running,85,False,3,261.81,2024,11,25,Monday,0,False,True,False,False,False,False,,False,False,True,False,False,False,48,4,330,36,False,25,False,False,4.0,4.0,3.0,3.0,4.0,3.0,3.0,3.4285714285714284,-2.6705882352941126,1.059144787410494
2024-11-26,PROD_003,Asics Gel Nimbus 25,Running,Zapatillas Running,85,False,5,420.85,2024,11,26,Tuesday,1,False,False,False,False,False,False,,False,False,True,False,False,False,48,4,331,35,False,26,False,False,3.0,4.0,4.0,3.0,3.0,4.0,3.0,3.4285714285714284,0.9764705882352922,1.0662978759342934
2024-11-27,PROD_003,Asics Gel Nimbus 25,Running,Zapatillas Running,85,False,4,331.24,2024,11,27,Wednesday,2,False,False,False,False,False,False,,False,False,True,False,False,False,48,4,332,34,False,27,False,False,5.0,3.0,4.0,4.0,3.0,3.0,4.0,3.7142857142857144,2.5764705882352916,1.0057894736842106
2024-11-28,PROD_003,Asics Gel Nimbus 25,Running,Zapatillas Running,85,False,3,261.09,2024,11,28,Thursday,3,False,False,False,False,False,False,,False,False,True,False,False,False,48,4,333,33,False,28,True,False,4.0,5.0,3.0,4.0,4.0,3.0,3.0,3.7142857142857144,-2.3882352941176483,1.0607808881485394
2024-11-29,PROD_003,Asics Gel Nimbus 25,Running,Zapatillas Running,85,False,18,1300.5,2024,11,29,Friday,4,False,False,True,False,False,False,,True,False,True,False,False,False,48,4,334,32,False,29,True,False,3.0,4.0,5.0,3.0,4.0,4.0,3.0,3.7142857142857144,15.0,0.9913103132860736
2024-11-30,PROD_003,Asics Gel Nimbus 25,Running,Zapatillas Running,85,False,20,1496.0,2024,11,30,Saturday,5,True,False,False,True,False,False,,False,False,True,False,False,False,48,4,335,31,False,30,True,False,18.0,3.0,4.0,5.0,3.0,4.0,4.0,5.857142857142857,12.000000000000004,0.9019292604501606
2021-11-01,PROD_004,New Balance Fresh Foam X 1080v12,Running,Zapatillas Running,75,False,2,153.48,2021,11,1,Monday,0,False,True,False,False,False,True,Todos los Santos,False,False,True,False,False,False,44,4,305,60,False,1,False,True,3.0,3.0,2.0,2.0,2.0,2.0,2.0,2.2857142857142856,-2.319999999999993,1.0681575650721478
2021-11-02,PROD_004,New Balance Fresh Foam X 1080v12,Running,Zapatillas Running,75,False,2,152.14,2021,11,2,Tuesday,1,False,False,False,False,False,False,,False,False,True,False,False,False,44,4,306,59,False,2,False,True,2.0,3.0,3.0,2.0,2.0,2.0,2.0,2.2857142857142856,-1.4266666666666574,1.082384746727376
2021-11-03,PROD_004,New Balance Fresh Foam X 1080v12,Running,Zapatillas Running,75,False,2,151.32,2021,11,3,Wednesday,2,False,False,False,False,False,False,,False,False,True,False,False,False,44,4,307,58,False,3,False,True,2.0,2.0,3.0,3.0,2.0,2.0,2.0,2.2857142857142856,-0.8799999999999953,1.032807025526687
2021-11-04,PROD_004,New Balance Fresh Foam X 1080v12,Running,Zapatillas Running,75,False,3,220.8,2021,11,4,Thursday,3,False,False,False,False,False,False,,False,False,True,False,False,False,44,4,308,57,False,4,False,False,2.0,2.0,2.0,3.0,3.0,2.0,2.0,2.2857142857142856,1.866666666666674,1.035258814703676
2021-11-05,PROD_004,New Balance Fresh Foam X 1080v12,Running,Zapatillas Running,75,False,3,223.95,2021,11,5,Friday,4,False,False,True,False,False,False,,False,False,True,False,False,False,44,4,309,56,False,5,False,False,3.0,2.0,2.0,2.0,3.0,3.0,2.0,2.4285714285714284,0.46666666666665907,1.023631044885273
2021-11-06,PROD_004,New Balance Fresh Foam X 1080v12,Running,Zapatillas Running,75,False,3,219.09,2021,11,6,Saturday,5,True,False,False,True,False,False,,False,False,True,False,False,False,44,4,310,55,False,6,False,False,3.0,3.0,2.0,2.0,2.0,3.0,3.0,2.5714285714285716,2.626666666666665,1.0037108301264432
2021-11-07,PROD_004,New Balance Fresh Foam X 1080v12,Running,Zapatillas Running,75,False,3,228.87,2021,11,7,Sunday,6,True,False,False,False,True,False,,False,False,True,False,False,False,44,4,311,54,False,7,False,False,3.0,3.0,3.0,2.0,2.0,2.0,3.0,2.5714285714285716,-1.7200000000000084,1.0566969850870307
2021-11-08,PROD_004,New Balance Fresh Foam X 1080v12,Running,Zapatillas Running,75,False,2,151.04,2021,11,8,Monday,0,False,True,False,False,False,False,,False,False,True,False,False,False,45,4,312,53,False,8,False,False,3.0,3.0,3.0,3.0,2.0,2.0,2.0,2.5714285714285716,-0.693333333333328,1.0412721757514478
2021-11-09,PROD_004,New Balance Fresh Foam X 1080v12,Running,Zapatillas Running,75,False,2,148.42,2021,11,9,Tuesday,1,False,False,False,False,False,False,,False,False,True,False,False,False,45,4,313,52,False,9,False,False,2.0,3.0,3.0,3.0,3.0,2.0,2.0,2.5714285714285716,1.0533333333333417,1.0495474259852913
2021-11-10,PROD_004,New Balance Fresh Foam X 1080v12,Running,Zapatillas Running,75,False,2,150.88,2021,11,10,Wednesday,2,False,False,False,False,False,False,,False,False,True,False,False,False,45,4,314,51,False,10,False,False,2.0,2.0,3.0,3.0,3.0,3.0,2.0,2.5714285714285716,-0.5866666666666637,1.065486559013229
2021-11-11,PROD_004,New Balance Fresh Foam X 1080v12,Running,Zapatillas Running,75,False,2,148.76,2021,11,11,Thursday,3,False,False,False,False,False,False,,False,False,True,False,False,False,45,4,315,50,False,11,False,False,2.0,2.0,2.0,3.0,3.0,3.0,3.0,2.5714285714285716,0.8266666666666728,1.0306221421643342
2021-11-12,PROD_004,New Balance Fresh Foam X 1080v12,Running,Zapatillas Running,75,False,3,219.21,2021,11,12,Friday,4,False,False,True,False,False,False,,False,False,True,False,False,False,45,4,316,49,False,12,False,False,2.0,2.0,2.0,2.0,3.0,3.0,3.0,2.4285714285714284,2.5733333333333426,1.0506110711718188
2021-11-13,PROD_004,New Balance Fresh Foam X 1080v12,Running,Zapatillas Running,75,False,3,220.17,2021,11,13,Saturday,5,True,False,False,True,False,False,,False,False,True,False,False,False,45,4,317,48,False,13,False,False,3.0,2.0,2.0,2.0,2.0,3.0,3.0,2.4285714285714284,2.1466666666666656,1.015919158361019
2021-11-14,PROD_004,New Balance Fresh Foam X 1080v12,Running,Zapatillas Running,75,False,2,154.2,2021,11,14,Sunday,6,True,False,False,False,True,False,,False,False,True,False,False,False,45,4,318,47,False,14,False,False,3.0,3.0,2.0,2.0,2.0,2.0,3.0,2.4285714285714284,-2.7999999999999923,1.0639863839183035
2021-11-15,PROD_004,New Balance Fresh Foam X 1080v12,Running,Zapatillas Running,75,False,2,152.38,2021,11,15,Monday,0,False,True,False,False,False,False,,False,False,True,False,False,False,46,4,319,46,False,15,False,False,2.0,3.0,3.0,2.0,2.0,2.0,2.0,2.2857142857142856,-1.5866666666666636,1.0355185067729804
2021-11-16,PROD_004,New Balance Fresh Foam X 1080v12,Running,Zapatillas Running,75,False,3,222.3,2021,11,16,Tuesday,1,False,False,False,False,False,False,,False,False,True,False,False,False,46,4,320,45,False,16,False,False,2.0,2.0,3.0,3.0,2.0,2.0,2.0,2.2857142857142856,1.2000000000000077,1.0285952248750692
2021-11-17,PROD_004,New Balance Fresh Foam X 1080v12,Running,Zapatillas Running,75,False,2,147.98,2021,11,17,Wednesday,2,False,False,False,False,False,False,,False,False,True,False,False,False,46,4,321,44,False,17,False,False,3.0,2.0,2.0,3.0,3.0,2.0,2.0,2.4285714285714284,1.3466666666666733,1.0130990415335464
2021-11-18,PROD_004,New Balance Fresh Foam X 1080v12,Running,Zapatillas Running,75,False,3,222.24,2021,11,18,Thursday,3,False,False,False,False,False,False,,False,False,True,False,False,False,46,4,322,43,False,18,False,False,2.0,3.0,2.0,2.0,3.0,3.0,2.0,2.4285714285714284,1.226666666666669,1.0034314610800072
2021-11-19,PROD_004,New Balance Fresh Foam X 1080v12,Running,Zapatillas Running,75,False,2,154.26,2021,11,19,Friday,4,False,False,True,False,False,False,,False,False,True,False,False,False,46,4,323,42,False,19,False,False,3.0,2.0,3.0,2.0,2.0,3.0,3.0,2.5714285714285716,-2.839999999999994,1.0646942437767448
2021-11-20,PROD_004,New Balance Fresh Foam X 1080v12,Running,Zapatillas Running,75,False,3,224.46,2021,11,20,Saturday,5,True,False,False,True,False,False,,False,False,True,False,False,False,46,4,324,41,False,20,False,False,2.0,3.0,2.0,3.0,2.0,2.0,3.0,2.4285714285714284,0.2400000000000091,1.0222242462883684
2021-11-21,PROD_004,New Balance Fresh Foam X 1080v12,Running,Zapatillas Running,75,False,2,145.76,2021,11,21,Sunday,6,True,False,False,False,True,False,,False,False,True,False,False,False,46,4,325,40,False,21,False,False,3.0,2.0,3.0,2.0,3.0,2.0,2.0,2.4285714285714284,2.826666666666673,1.0036724201248624
2021-11-22,PROD_004,New Balance Fresh Foam X 1080v12,Running,Zapatillas Running,75,False,3,219.21,2021,11,22,Monday,0,False,True,False,False,False,False,,False,False,True,False,False,False,47,4,326,39,False,22,False,False,2.0,3.0,2.0,3.0,2.0,3.0,2.0,2.4285714285714284,2.5733333333333426,1.0023777950523571
2021-11-23,PROD_004,New Balance Fresh Foam X 1080v12,Running,Zapatillas Running,75,False,3,218.82,2021,11,23,Tuesday,1,False,False,False,False,False,False,,False,False,True,False,False,False,47,4,327,38,False,23,False,False,3.0,2.0,3.0,2.0,3.0,2.0,3.0,2.5714285714285716,2.7466666666666697,0.9962212610972002
2021-11-24,PROD_004,New Balance Fresh Foam X 1080v12,Running,Zapatillas Running,75,False,4,298.12,2021,11,24,Wednesday,2,False,False,False,False,False,False,,False,False,True,False,False,False,47,4,328,37,False,24,False,False,3.0,3.0,2.0,3.0,2.0,3.0,2.0,2.5714285714285716,0.6266666666666652,0.9981250837016205
2021-11-25,PROD_004,New Balance Fresh Foam X 1080v12,Running,Zapatillas Running,75,False,3,221.82,2021,11,25,Thursday,3,False,False,False,False,False,False,,False,False,True,False,False,False,47,4,329,36,False,25,False,False,4.0,3.0,3.0,2.0,3.0,2.0,3.0,2.857142857142857,1.4133333333333364,1.0541272632229244
2021-11-26,PROD_004,New Balance Fresh Foam X 1080v12,Running,Zapatillas Running,75,False,12,765.0,2021,11,26,Friday,4,False,False,True,False,False,False,,True,False,True,False,False,False,47,4,330,35,False,26,False,False,3.0,4.0,3.0,3.0,2.0,3.0,2.0,2.857142857142857,15.0,0.9794131202949764
2021-11-27,PROD_004,New Balance Fresh Foam X 1080v12,Running,Zapatillas Running,75,False,13,858.0,2021,11,27,Saturday,5,True,False,False,True,False,False,,False,False,True,False,False,False,47,4,331,34,False,27,False,False,12.0,3.0,4.0,3.0,3.0,2.0,3.0,4.285714285714286,12.0,0.9302762638601768
2021-11-28,PROD_004,New Balance Fresh Foam X 1080v12,Running,Zapatillas Running,75,False,9,594.0,2021,11,28,Sunday,6,True,False,False,False,True,False,,False,False,True,False,False,False,47,4,332,33,False,28,True,False,13.0,12.0,3.0,4.0,3.0,3.0,2.0,5.714285714285714,12.0,0.896414342629482
2021-11-29,PROD_004,New Balance Fresh Foam X 1080v12,Running,Zapatillas Running,75,False,12,765.0,2021,11,29,Monday,0,False,True,False,False,False,False,,False,True,True,False,False,False,48,4,333,32,False,29,True,False,9.0,13.0,12.0,3.0,4.0,3.0,3.0,6.714285714285714,15.0,0.8848431572129175
2021-11-30,PROD_004,New Balance Fresh Foam X 1080v12,Running,Zapatillas Running,75,False,5,345.0,2021,11,30,Tuesday,1,False,False,False,False,False,False,,False,False,True,False,False,False,48,4,334,31,False,30,True,False,12.0,9.0,13.0,12.0,3.0,4.0,3.0,8.0,8.0,0.9496719732073223
2022-10-25,PROD_004,New Balance Fresh Foam X 1080v12,Running,Zapatillas Running,75,False,2,149.16,2022,10,25,Tuesday,1,False,False,False,False,False,False,,False,False,False,False,False,False,43,4,298,67,True,25,False,False,5.0,12.0,9.0,13.0,12.0,3.0,4.0,8.285714285714286,0.5600000000000023,1.024779004259607
2022-10-26,PROD_004,New Balance Fresh Foam X 1080v12,Running,Zapatillas Running,75,False,2,150.4,2022,10,26,Wednesday,2,False,False,False,False,False,False,,False,False,False,False,False,False,43,4,299,66,True,26,False,False,2.0,5.0,12.0,9.0,13.0,12.0,3.0,8.0,-0.2666666666666705,1.0202604920405212
2022-10-27,PROD_004,New Balance Fresh Foam X 1080v12,Running,Zapatillas Running,75,False,2,146.08,2022,10,27,Thursday,3,False,False,False,False,False,False,,False,False,False,False,False,False,43,4,300,65,True,27,False,False,2.0,2.0,5.0,12.0,9.0,13.0,12.0,7.857142857142857,2.6133333333333253,0.9747764580274925
2022-10-28,PROD_004,New Balance Fresh Foam X 1080v12,Running,Zapatillas Running,75,False,2,153.64,2022,10,28,Friday,4,False,False,True,False,False,False,,False,False,False,False,False,False,43,4,301,64,True,28,True,False,2.0,2.0,2.0,5.0,12.0,9.0,13.0,6.428571428571429,-2.4266666666666574,1.0616362631288003
2022-10-29,PROD_004,New Balance Fresh Foam X 1080v12,Running,Zapatillas Running,75,False,3,222.06,2022,10,29,Saturday,5,True,False,False,True,False,False,,False,False,False,False,False,False,43,4,302,63,True,29,True,False,2.0,2.0,2.0,2.0,5.0,12.0,9.0,4.857142857142857,1.306666666666672,1.0553680908702057
2022-10-30,PROD_004,New Balance Fresh Foam X 1080v12,Running,Zapatillas Running,75,False,2,150.46,2022,10,30,Sunday,6,True,False,False,False,True,False,,False,False,False,False,False,False,43,4,303,62,True,30,True,False,3.0,2.0,2.0,2.0,2.0,5.0,12.0,4.0,-0.30666666666667197,0.9931353135313532
2022-10-31,PROD_004,New Balance Fresh Foam X 1080v12,Running,Zapatillas Running,75,False,2,150.14,2022,10,31,Monday,0,False,True,False,False,False,False,,False,False,False,False,False,False,44,4,304,61,True,31,True,False,2.0,3.0,2.0,2.0,2.0,2.0,5.0,2.5714285714285716,-0.09333333333332423,1.0068401287553648
2022-11-01,PROD_004,New Balance Fresh Foam X 1080v12,Running,Zapatillas Running,75,False,3,219.6,2022,11,1,Tuesday,1,False,False,False,False,False,True,Todos los Santos,False,False,True,False,False,False,44,4,305,60,False,1,False,True,2.0,2.0,3.0,2.0,2.0,2.0,2.0,2.142857142857143,2.3999999999999964,1.0294876002062725
2022-11-02,PROD_004,New Balance Fresh Foam X 1080v12,Running,Zapatillas Running,75,False,2,153.8,2022,11,2,Wednesday,2,False,False,False,False,False,False,,False,False,True,False,False,False,44,4,306,59,False,2,False,True,3.0,2.0,2.0,3.0,2.0,2.0,2.0,2.2857142857142856,-2.5333333333333408,1.0500204815438534
2022-11-03,PROD_004,New Balance Fresh Foam X 1080v12,Running,Zapatillas Running,75,False,3,223.35,2022,11,3,Thursday,3,False,False,False,False,False,False,,False,False,True,False,False,False,44,4,307,58,False,3,False,True,2.0,3.0,2.0,2.0,3.0,2.0,2.0,2.2857142857142856,0.7333333333333295,1.0509104596998071
2022-11-04,PROD_004,New Balance Fresh Foam X 1080v12,Running,Zapatillas Running,75,False,3,229.17,2022,11,4,Friday,4,False,False,True,False,False,False,,False,False,True,False,False,False,44,4,308,57,False,4,False,False,3.0,2.0,3.0,2.0,2.0,3.0,2.0,2.4285714285714284,-1.8533333333333342,1.0796155839261317
2022-11-05,PROD_004,New Balance Fresh Foam X 1080v12,Running,Zapatillas Running,75,False,3,221.49,2022,11,5,Saturday,5,True,False,False,True,False,False,,False,False,True,False,False,False,44,4,309,56,False,5,False,False,3.0,3.0,2.0,3.0,2.0,2.0,3.0,2.5714285714285716,1.5600000000000023,0.9981073408138432
2022-11-06,PROD_004,New Balance Fresh Foam X 1080v12,Running,Zapatillas Running,75,False,3,227.79,2022,11,6,Sunday,6,True,False,False,False,True,False,,False,False,True,False,False,False,44,4,310,55,False,6,False,False,3.0,3.0,3.0,2.0,3.0,2.0,2.0,2.5714285714285716,-1.240000000000009,1.0707939641799464
2022-11-07,PROD_004,New Balance Fresh Foam X 1080v12,Running,Zapatillas Running,75,False,3,225.03,2022,11,7,Monday,0,False,True,False,False,False,False,,False,False,True,False,False,False,45,4,311,54,False,7,False,False,3.0,3.0,3.0,3.0,2.0,3.0,2.0,2.7142857142857144,-0.013333333333340153,1.0533139861449168
2022-11-08,PROD_004,New Balance Fresh Foam X 1080v12,Running,Zapatillas Running,75,False,2,147.58,2022,11,8,Tuesday,1,False,False,False,False,False,False,,False,False,True,False,False,False,45,4,312,53,False,8,False,False,3.0,3.0,3.0,3.0,3.0,2.0,3.0,2.857142857142857,1.6133333333333248,1.0287666139975835
2022-11-09,PROD_004,New Balance Fresh Foam X 1080v12,Running,Zapatillas Running,75,False,2,151.26,2022,11,9,Wednesday,2,False,False,False,False,False,False,,False,False,True,False,False,False,45,4,313,52,False,9,False,False,2.0,3.0,3.0,3.0,3.0,3.0,2.0,2.7142857142857144,-0.8399999999999939,1.0228563700297537
2022-11-10,PROD_004,New Balance Fresh Foam X 1080v12,Running,Zapatillas Running,75,False,3,224.49,2022,11,10,Thursday,3,False,False,False,False,False,False,,False,False,True,False,False,False,45,4,314,51,False,10,False,False,2.0,2.0,3.0,3.0,3.0,3.0,3.0,2.7142857142857144,0.22666666666666893,0.99986638161411
2022-11-11,PROD_004,New Balance Fresh Foam X 1080v12,Running,Zapatillas Running,75,False,3,220.02,2022,11,11,Friday,4,False,False,True,False,False,False,,False,False,True,False,False,False,45,4,315,50,False,11,False,False,3.0,2.0,2.0,3.0,3.0,3.0,3.0,2.7142857142857144,2.2133333333333285,1.0331032539794338
2022-11-12,PROD_004,New Balance Fresh Foam X 1080v12,Running,Zapatillas Running,75,False,3,228.63,2022,11,12,Saturday,5,True,False,False,True,False,False,,False,False,True,False,False,False,45,4,316,49,False,12,False,False,3.0,3.0,2.0,2.0,3.0,3.0,3.0,2.7142857142857144,-1.6133333333333248,1.045882891125343
2022-11-13,PROD_004,New Balance Fresh Foam X 1080v12,Running,Zapatillas Running,75,False,3,230.55,2022,11,13,Sunday,6,True,False,False,False,True,False,,False,False,True,False,False,False,45,4,317,48,False,13,False,False,3.0,3.0,3.0,2.0,2.0,3.0,3.0,2.7142857142857144,-2.4666666666666592,1.0678060302903987
2022-11-14,PROD_004,New Balance Fresh Foam X 1080v12,Running,Zapatillas Running,75,False,2,146.06,2022,11,14,Monday,0,False,True,False,False,False,False,,False,False,True,False,False,False,46,4,318,47,False,14,False,False,3.0,3.0,3.0,3.0,2.0,2.0,3.0,2.7142857142857144,2.626666666666665,1.0492816091954023
2022-11-15,PROD_004,New Balance Fresh Foam X 1080v12,Running,Zapatillas Running,75,False,2,149.26,2022,11,15,Tuesday,1,False,False,False,False,False,False,,False,False,True,False,False,False,46,4,319,46,False,15,False,False,2.0,3.0,3.0,3.0,3.0,2.0,2.0,2.5714285714285716,0.4933333333333394,1.0206509846827132
2022-11-16,PROD_004,New Balance Fresh Foam X 1080v12,Running,Zapatillas Running,75,False,3,227.37,2022,11,16,Wednesday,2,False,False,False,False,False,False,,False,False,True,False,False,False,46,4,320,45,False,16,False,False,2.0,2.0,3.0,3.0,3.0,3.0,2.0,2.5714285714285716,-1.0533333333333417,1.059407324573665
2022-11-17,PROD_004,New Balance Fresh Foam X 1080v12,Running,Zapatillas Running,75,False,3,220.74,2022,11,17,Thursday,3,False,False,False,False,False,False,,False,False,True,False,False,False,46,4,321,44,False,17,False,False,3.0,2.0,2.0,3.0,3.0,3.0,3.0,2.7142857142857144,1.8933333333333358,1.0285634406598014
2022-11-18,PROD_004,New Balance Fresh Foam X 1080v12,Running,Zapatillas Running,75,False,3,228.96,2022,11,18,Friday,4,False,False,True,False,False,False,,False,False,True,False,False,False,46,4,322,43,False,18,False,False,3.0,3.0,2.0,2.0,3.0,3.0,3.0,2.7142857142857144,-1.7599999999999907,1.0878510001425379
2022-11-19,PROD_004,New Balance Fresh Foam X 1080v12,Running,Zapatillas Running,75,False,3,226.77,2022,11,19,Saturday,5,True,False,False,True,False,False,,False,False,True,False,False,False,46,4,323,42,False,19,False,False,3.0,3.0,3.0,2.0,2.0,3.0,3.0,2.7142857142857144,-0.7866666666666713,1.033638725557227
2022-11-20,PROD_004,New Balance Fresh Foam X 1080v12,Running,Zapatillas Running,75,False,3,223.35,2022,11,20,Sunday,6,True,False,False,False,True,False,,False,False,True,False,False,False,46,4,324,41,False,20,False,False,3.0,3.0,3.0,3.0,2.0,2.0,3.0,2.7142857142857144,0.7333333333333295,1.0238837443843405
2022-11-21,PROD_004,New Balance Fresh Foam X 1080v12,Running,Zapatillas Running,75,False,3,222.87,2022,11,21,Monday,0,False,True,False,False,False,False,,False,False,True,False,False,False,47,4,325,40,False,21,False,False,3.0,3.0,3.0,3.0,3.0,2.0,2.0,2.7142857142857144,0.9466666666666583,1.0477645620798268
2022-11-22,PROD_004,New Balance Fresh Foam X 1080v12,Running,Zapatillas Running,75,False,3,219.81,2022,11,22,Tuesday,1,False,False,False,False,False,False,,False,False,True,False,False,False,47,4,326,39,False,22,False,False,3.0,3.0,3.0,3.0,3.0,3.0,2.0,2.857142857142857,2.306666666666672,1.0060414664286694
2022-11-23,PROD_004,New Balance Fresh Foam X 1080v12,Running,Zapatillas Running,75,False,3,227.73,2022,11,23,Wednesday,2,False,False,False,False,False,False,,False,False,True,False,False,False,47,4,327,38,False,23,False,False,3.0,3.0,3.0,3.0,3.0,3.0,3.0,3.0,-1.2133333333333287,1.0186071476495056
2022-11-24,PROD_004,New Balance Fresh Foam X 1080v12,Running,Zapatillas Running,75,False,3,230.64,2022,11,24,Thursday,3,False,False,False,False,False,False,,False,False,True,False,False,False,47,4,328,37,False,24,False,False,3.0,3.0,3.0,3.0,3.0,3.0,3.0,3.0,-2.5066666666666606,1.0270294340294785
2022-11-25,PROD_004,New Balance Fresh Foam X 1080v12,Running,Zapatillas Running,75,False,14,892.5,2022,11,25,Friday,4,False,False,True,False,False,False,,True,False,True,False,False,False,47,4,329,36,False,25,False,False,3.0,3.0,3.0,3.0,3.0,3.0,3.0,3.0,15.0,1.0013089005235603
2022-11-26,PROD_004,New Balance Fresh Foam X 1080v12,Running,Zapatillas Running,75,False,17,1122.0,2022,11,26,Saturday,5,True,False,False,True,False,False,,False,False,True,False,False,False,47,4,330,35,False,26,False,False,14.0,3.0,3.0,3.0,3.0,3.0,3.0,4.571428571428571,12.0,0.9233351986569669
2022-11-27,PROD_004,New Balance Fresh Foam X 1080v12,Running,Zapatillas Running,75,False,14,924.0,2022,11,27,Sunday,6,True,False,False,False,True,False,,False,False,True,False,False,False,47,4,331,34,False,27,False,False,17.0,14.0,3.0,3.0,3.0,3.0,3.0,6.571428571428571,12.0,0.8874546187979023
2022-11-28,PROD_004,New Balance Fresh Foam X 1080v12,Running,Zapatillas Running,75,False,13,828.75,2022,11,28,Monday,0,False,True,False,False,False,False,,False,True,True,False,False,False,48,4,332,33,False,28,True,False,14.0,17.0,14.0,3.0,3.0,3.0,3.0,8.142857142857142,15.0,0.8842703902348805
2022-11-29,PROD_004,New Balance Fresh Foam X 1080v12,Running,Zapatillas Running,75,False,5,345.0,2022,11,29,Tuesday,1,False,False,False,False,False,False,,False,False,True,False,False,False,48,4,333,32,False,29,True,False,13.0,14.0,17.0,14.0,3.0,3.0,3.0,9.571428571428571,8.0,0.9389884327511907
2022-11-30,PROD_004,New Balance Fresh Foam X 1080v12,Running,Zapatillas Running,75,False,8,552.0,2022,11,30,Wednesday,2,False,False,False,False,False,False,,False,False,True,False,False,False,48,4,334,31,False,30,True,False,5.0,13.0,14.0,17.0,14.0,3.0,3.0,9.857142857142858,8.0,0.9581558970561007
2023-10-25,PROD_004,New Balance Fresh Foam X 1080v12,Running,Zapatillas Running,75,False,3,221.76,2023,10,25,Wednesday,2,False,False,False,False,False,False,,False,False,False,False,False,False,43,4,298,67,True,25,False,False,8.0,5.0,13.0,14.0,17.0,14.0,3.0,10.571428571428571,1.4399999999999977,1.0257169287696577
2023-10-26,PROD_004,New Balance Fresh Foam X 1080v12,Running,Zapatillas Running,75,False,3,226.83,2023,10,26,Thursday,3,False,False,False,False,False,False,,False,False,False,False,False,False,43,4,299,66,True,26,False,False,3.0,8.0,5.0,13.0,14.0,17.0,14.0,10.571428571428571,-0.8133333333333326,1.0570390046134488
2023-10-27,PROD_004,New Balance Fresh Foam X 1080v12,Running,Zapatillas Running,75,False,3,229.11,2023,10,27,Friday,4,False,False,True,False,False,False,,False,False,False,False,False,False,43,4,300,65,True,27,False,False,3.0,3.0,8.0,5.0,13.0,14.0,17.0,9.0,-1.8266666666666727,1.0710078534031413
2023-10-28,PROD_004,New Balance Fresh Foam X 1080v12,Running,Zapatillas Running,75,False,3,219.84,2023,10,28,Saturday,5,True,False,False,True,False,False,,False,False,False,False,False,False,43,4,301,64,True,28,True,False,3.0,3.0,3.0,8.0,5.0,13.0,14.0,7.0,2.293333333333332,1.002782465903389
2023-10-29,PROD_004,New Balance Fresh Foam X 1080v12,Running,Zapatillas Running,75,False,3,228.48,2023,10,29,Sunday,6,True,False,False,False,True,False,,False,False,False,False,False,False,43,4,302,63,True,29,True,False,3.0,3.0,3.0,3.0,8.0,5.0,13.0,5.428571428571429,-1.5466666666666622,1.0413381340868695
2023-10-30,PROD_004,New Balance Fresh Foam X 1080v12,Running,Zapatillas Running,75,False,3,224.01,2023,10,30,Monday,0,False,True,False,False,False,False,,False,False,False,False,False,False,44,4,303,62,True,30,True,False,3.0,3.0,3.0,3.0,3.0,8.0,5.0,4.0,0.43999999999999767,1.0516901408450705
2023-10-31,PROD_004,New Balance Fresh Foam X 1080v12,Running,Zapatillas Running,75,False,2,150.58,2023,10,31,Tuesday,1,False,False,False,False,False,False,,False,False,False,False,False,False,44,4,304,61,True,31,True,False,3.0,3.0,3.0,3.0,3.0,3.0,8.0,3.7142857142857144,-0.386666666666675,1.0456460349057912
2023-11-01,PROD_004,New Balance Fresh Foam X 1080v12,Running,Zapatillas Running,75,False,3,228.33,2023,11,1,Wednesday,2,False,False,False,False,False,True,Todos los Santos,False,False,True,False,False,False,44,4,305,60,False,1,False,True,2.0,3.0,3.0,3.0,3.0,3.0,3.0,2.857142857142857,-1.479999999999999,1.0210168582032821
2023-11-02,PROD_004,New Balance Fresh Foam X 1080v12,Running,Zapatillas Running,75,False,2,151.68,2023,11,2,Thursday,3,False,False,False,False,False,False,,False,False,True,False,False,False,44,4,306,59,False,2,False,True,3.0,2.0,3.0,3.0,3.0,3.0,3.0,2.857142857142857,-1.1200000000000045,1.0410432395332876
2023-11-03,PROD_004,New Balance Fresh Foam X 1080v12,Running,Zapatillas Running,75,False,3,231.54,2023,11,3,Friday,4,False,False,True,False,False,False,,False,False,True,False,False,False,44,4,307,58,False,3,False,True,2.0,3.0,2.0,3.0,3.0,3.0,3.0,2.7142857142857144,-2.9066666666666756,1.1352225926652286
2023-11-04,PROD_004,New Balance Fresh Foam X 1080v12,Running,Zapatillas Running,75,False,4,300.12,2023,11,4,Saturday,5,True,False,False,True,False,False,,False,False,True,False,False,False,44,4,308,57,False,4,False,False,3.0,2.0,3.0,2.0,3.0,3.0,3.0,2.7142857142857144,-0.040000000000001514,1.054680910879955
2023-11-05,PROD_004,New Balance Fresh Foam X 1080v12,Running,Zapatillas Running,75,False,3,228.93,2023,11,5,Sunday,6,True,False,False,False,True,False,,False,False,True,False,False,False,44,4,309,56,False,5,False,False,4.0,3.0,2.0,3.0,2.0,3.0,3.0,2.857142857142857,-1.7466666666666697,1.0147606382978724
2023-11-06,PROD_004,New Balance Fresh Foam X 1080v12,Running,Zapatillas Running,75,False,2,149.64,2023,11,6,Monday,0,False,True,False,False,False,False,,False,False,True,False,False,False,45,4,310,55,False,6,False,False,3.0,4.0,3.0,2.0,3.0,2.0,3.0,2.857142857142857,0.2400000000000091,0.9988430046279813
2023-11-07,PROD_004,New Balance Fresh Foam X 1080v12,Running,Zapatillas Running,75,False,3,221.04,2023,11,7,Tuesday,1,False,False,False,False,False,False,,False,False,True,False,False,False,45,4,311,54,False,7,False,False,2.0,3.0,4.0,3.0,2.0,3.0,2.0,2.7142857142857144,1.7599999999999907,0.9921896040937249
2023-11-08,PROD_004,New Balance Fresh Foam X 1080v12,Running,Zapatillas Running,75,False,3,228.39,2023,11,8,Wednesday,2,False,False,False,False,False,False,,False,False,True,False,False,False,45,4,312,53,False,8,False,False,3.0,2.0,3.0,4.0,3.0,2.0,3.0,2.857142857142857,-1.5066666666666606,1.088296959878014
2023-11-09,PROD_004,New Balance Fresh Foam X 1080v12,Running,Zapatillas Running,75,False,3,225.57,2023,11,9,Thursday,3,False,False,False,False,False,False,,False,False,True,False,False,False,45,4,313,52,False,9,False,False,3.0,3.0,2.0,3.0,4.0,3.0,2.0,2.857142857142857,-0.2533333333333303,1.0259244098785645
2023-11-10,PROD_004,New Balance Fresh Foam X 1080v12,Running,Zapatillas Running,75,False,3,228.84,2023,11,10,Friday,4,False,False,True,False,False,False,,False,False,True,False,False,False,45,4,314,51,False,10,False,False,3.0,3.0,3.0,2.0,3.0,4.0,3.0,3.0,-1.706666666666668,1.0799433695139216
2023-11-11,PROD_004,New Balance Fresh Foam X 1080v12,Running,Zapatillas Running,75,False,3,229.23,2023,11,11,Saturday,5,True,False,False,True,False,False,,False,False,True,False,False,False,45,4,315,50,False,11,False,False,3.0,3.0,3.0,3.0,2.0,3.0,4.0,3.0,-1.8799999999999955,1.0620366938472943
2023-11-12,PROD_004,New Balance Fresh Foam X 1080v12,Running,Zapatillas Running,75,False,3,230.43,2023,11,12,Sunday,6,True,False,False,False,True,False,,False,False,True,False,False,False,45,4,316,49,False,12,False,False,3.0,3.0,3.0,3.0,3.0,2.0,3.0,2.857142857142857,-2.413333333333336,1.0164086277623394
2023-11-13,PROD_004,New Balance Fresh Foam X 1080v12,Running,Zapatillas Running,75,False,3,220.29,2023,11,13,Monday,0,False,True,False,False,False,False,,False,False,True,False,False,False,46,4,317,48,False,13,False,False,3.0,3.0,3.0,3.0,3.0,3.0,2.0,2.857142857142857,2.093333333333324,1.0197666882696048
2023-11-14,PROD_004,New Balance Fresh Foam X 1080v12,Running,Zapatillas Running,75,False,3,220.74,2023,11,14,Tuesday,1,False,False,False,False,False,False,,False,False,True,False,False,False,46,4,318,47,False,14,False,False,3.0,3.0,3.0,3.0,3.0,3.0,3.0,3.0,1.8933333333333358,0.9840845258793635
2023-11-15,PROD_004,New Balance Fresh Foam X 1080v12,Running,Zapatillas Running,75,False,2,154.42,2023,11,15,Wednesday,2,False,False,False,False,False,False,,False,False,True,False,False,False,46,4,319,46,False,15,False,False,3.0,3.0,3.0,3.0,3.0,3.0,3.0,3.0,-2.9466666666666583,1.0829904619412754
2023-11-16,PROD_004,New Balance Fresh Foam X 1080v12,Running,Zapatillas Running,75,False,3,221.16,2023,11,16,Thursday,3,False,False,False,False,False,False,,False,False,True,False,False,False,46,4,320,45,False,16,False,False,2.0,3.0,3.0,3.0,3.0,3.0,3.0,2.857142857142857,1.706666666666668,0.976682564917859
2023-11-17,PROD_004,New Balance Fresh Foam X 1080v12,Running,Zapatillas Running,75,False,3,229.41,2023,11,17,Friday,4,False,False,True,False,False,False,,False,False,True,False,False,False,46,4,321,44,False,17,False,False,3.0,2.0,3.0,3.0,3.0,3.0,3.0,2.857142857142857,-1.9599999999999986,1.0445294358694168
2023-11-18,PROD_004,New Balance Fresh Foam X 1080v12,Running,Zapatillas Running,75,False,4,291.44,2023,11,18,Saturday,5,True,False,False,True,False,False,,False,False,True,False,False,False,46,4,322,43,False,18,False,False,3.0,3.0,2.0,3.0,3.0,3.0,3.0,2.857142857142857,2.853333333333334,0.9854824165915238
2023-11-19,PROD_004,New Balance Fresh Foam X 1080v12,Running,Zapatillas Running,75,False,3,229.86,2023,11,19,Sunday,6,True,False,False,False,True,False,,False,False,True,False,False,False,46,4,323,42,False,19,False,False,4.0,3.0,3.0,2.0,3.0,3.0,3.0,3.0,-2.160000000000006,1.048822777879175
2023-11-20,PROD_004,New Balance Fresh Foam X 1080v12,Running,Zapatillas Running,75,False,3,229.5,2023,11,20,Monday,0,False,True,False,False,False,False,,False,False,True,False,False,False,47,4,324,41,False,20,False,False,3.0,4.0,3.0,3.0,2.0,3.0,3.0,3.0,-2.0,1.03294625978936
2023-11-21,PROD_004,New Balance Fresh Foam X 1080v12,Running,Zapatillas Running,75,False,3,227.43,2023,11,21,Tuesday,1,False,False,False,False,False,False,,False,False,True,False,False,False,47,4,325,40,False,21,False,False,3.0,3.0,4.0,3.0,3.0,2.0,3.0,3.0,-1.080000000000003,0.9951866275762483
2023-11-22,PROD_004,New Balance Fresh Foam X 1080v12,Running,Zapatillas Running,75,False,4,308.32,2023,11,22,Wednesday,2,False,False,False,False,False,False,,False,False,True,False,False,False,47,4,326,39,False,22,False,False,3.0,3.0,3.0,4.0,3.0,3.0,2.0,3.0,-2.773333333333331,1.0839036280116248
2023-11-23,PROD_004,New Balance Fresh Foam X 1080v12,Running,Zapatillas Running,75,False,4,295.16,2023,11,23,Thursday,3,False,False,False,False,False,False,,False,False,True,False,False,False,47,4,327,38,False,23,False,False,4.0,3.0,3.0,3.0,4.0,3.0,3.0,3.2857142857142856,1.6133333333333248,1.0351648351648353
2023-11-24,PROD_004,New Balance Fresh Foam X 1080v12,Running,Zapatillas Running,75,False,14,892.5,2023,11,24,Friday,4,False,False,True,False,False,False,,True,False,True,False,False,False,47,4,328,37,False,24,False,False,4.0,4.0,3.0,3.0,3.0,4.0,3.0,3.4285714285714284,15.0,1.0165302434357393
2023-11-25,PROD_004,New Balance Fresh Foam X 1080v12,Running,Zapatillas Running,75,False,11,726.0,2023,11,25,Saturday,5,True,False,False,True,False,False,,False,False,True,False,False,False,47,4,329,36,False,25,False,False,14.0,4.0,4.0,3.0,3.0,3.0,4.0,5.0,12.0,0.8653467942834667
2023-11-26,PROD_004,New Balance Fresh Foam X 1080v12,Running,Zapatillas Running,75,False,16,1056.0,2023,11,26,Sunday,6,True,False,False,False,True,False,,False,False,True,False,False,False,47,4,330,35,False,26,False,False,11.0,14.0,4.0,4.0,3.0,3.0,3.0,6.0,12.0,0.9141274238227146
2023-11-27,PROD_004,New Balance Fresh Foam X 1080v12,Running,Zapatillas Running,75,False,9,573.75,2023,11,27,Monday,0,False,True,False,False,False,False,,False,True,True,False,False,False,48,4,331,34,False,27,False,False,16.0,11.0,14.0,4.0,4.0,3.0,3.0,7.857142857142857,15.0,0.8231116849580374
2023-11-28,PROD_004,New Balance Fresh Foam X 1080v12,Running,Zapatillas Running,75,False,9,621.0,2023,11,28,Tuesday,1,False,False,False,False,False,False,,False,False,True,False,False,False,48,4,332,33,False,28,True,False,9.0,16.0,11.0,14.0,4.0,4.0,3.0,8.714285714285714,8.0,0.9246850710265344
2023-11-29,PROD_004,New Balance Fresh Foam X 1080v12,Running,Zapatillas Running,75,False,9,621.0,2023,11,29,Wednesday,2,False,False,False,False,False,False,,False,False,True,False,False,False,48,4,333,32,False,29,True,False,9.0,9.0,16.0,11.0,14.0,4.0,4.0,9.571428571428571,8.0,0.9541808795058542
2023-11-30,PROD_004,New Balance Fresh Foam X 1080v12,Running,Zapatillas Running,75,False,2,152.22,2023,11,30,Thursday,3,False,False,False,False,False,False,,False,False,True,False,False,False,48,4,334,31,False,30,True,False,9.0,9.0,9.0,16.0,11.0,14.0,4.0,10.285714285714286,-1.479999999999999,1.0660161538820674
2024-10-25,PROD_004,New Balance Fresh Foam X 1080v12,Running,Zapatillas Running,75,False,3,222.33,2024,10,25,Friday,4,False,False,True,False,False,False,,False,False,False,False,False,False,43,4,299,67,True,25,False,False,2.0,9.0,9.0,9.0,16.0,11.0,14.0,10.0,1.1866666666666674,1.0114644465674902
2024-10-26,PROD_004,New Balance Fresh Foam X 1080v12,Running,Zapatillas Running,75,False,4,298.08,2024,10,26,Saturday,5,True,False,False,True,False,False,,False,False,False,False,False,False,43,4,300,66,True,26,False,False,3.0,2.0,9.0,9.0,9.0,16.0,11.0,8.428571428571429,0.6400000000000053,1.0285714285714287
2024-10-27,PROD_004,New Balance Fresh Foam X 1080v12,Running,Zapatillas Running,75,False,2,154.02,2024,10,27,Sunday,6,True,False,False,False,True,False,,False,False,False,False,False,False,43,4,301,65,True,27,False,False,4.0,3.0,2.0,9.0,9.0,9.0,16.0,7.428571428571429,-2.680000000000007,1.105300928140848
2024-10-28,PROD_004,New Balance Fresh Foam X 1080v12,Running,Zapatillas Running,75,False,2,152.58,2024,10,28,Monday,0,False,True,False,False,False,False,,False,False,False,False,False,False,44,4,302,64,True,28,True,False,2.0,4.0,3.0,2.0,9.0,9.0,9.0,5.428571428571429,-1.7200000000000084,1.0241643173580348
2024-10-29,PROD_004,New Balance Fresh Foam X 1080v12,Running,Zapatillas Running,75,False,3,221.67,2024,10,29,Tuesday,1,False,False,False,False,False,False,,False,False,False,False,False,False,44,4,303,63,True,29,True,False,2.0,2.0,4.0,3.0,2.0,9.0,9.0,4.428571428571429,1.479999999999999,1.017955547391624
2024-10-30,PROD_004,New Balance Fresh Foam X 1080v12,Running,Zapatillas Running,75,False,2,151.6,2024,10,30,Wednesday,2,False,False,False,False,False,False,,False,False,False,False,False,False,44,4,304,62,True,30,True,False,3.0,2.0,2.0,4.0,3.0,2.0,9.0,3.5714285714285716,-1.0666666666666629,1.06865924150571
2024-10-31,PROD_004,New Balance Fresh Foam X 1080v12,Running,Zapatillas Running,75,False,2,149.08,2024,10,31,Thursday,3,False,False,False,False,False,False,,False,False,False,False,False,False,44,4,305,61,True,31,True,False,2.0,3.0,2.0,2.0,4.0,3.0,2.0,2.5714285714285716,0.6133333333333251,0.9887252951319805
2024-11-01,PROD_004,New Balance Fresh Foam X 1080v12,Running,Zapatillas Running,75,False,4,291.88,2024,11,1,Friday,4,False,False,True,False,False,True,Todos los Santos,False,False,True,False,False,False,44,4,306,60,False,1,False,True,2.0,2.0,3.0,2.0,2.0,4.0,3.0,2.5714285714285716,2.7066666666666683,0.9794192653572548
2024-11-02,PROD_004,New Balance Fresh Foam X 1080v12,Running,Zapatillas Running,75,False,4,302.36,2024,11,2,Saturday,5,True,False,False,True,False,False,,False,False,True,False,False,False,44,4,307,59,False,2,False,True,4.0,2.0,2.0,3.0,2.0,2.0,4.0,2.7142857142857144,-0.7866666666666713,1.0512725418385798
2024-11-03,PROD_004,New Balance Fresh Foam X 1080v12,Running,Zapatillas Running,75,False,3,230.31,2024,11,3,Sunday,6,True,False,False,False,True,False,,False,False,True,False,False,False,44,4,308,58,False,3,False,True,4.0,4.0,2.0,2.0,3.0,2.0,2.0,2.7142857142857144,-2.3599999999999945,1.02065145136273
2024-11-04,PROD_004,New Balance Fresh Foam X 1080v12,Running,Zapatillas Running,75,False,3,224.04,2024,11,4,Monday,0,False,True,False,False,False,False,,False,False,True,False,False,False,45,4,309,57,False,4,False,False,3.0,4.0,4.0,2.0,2.0,3.0,2.0,2.857142857142857,0.4266666666666576,1.0099625839606905
2024-11-05,PROD_004,New Balance Fresh Foam X 1080v12,Running,Zapatillas Running,75,False,3,222.0,2024,11,5,Tuesday,1,False,False,False,False,False,False,,False,False,True,False,False,False,45,4,310,56,False,5,False,False,3.0,3.0,4.0,4.0,2.0,2.0,3.0,3.0,1.3333333333333335,1.043282109121669
2024-11-06,PROD_004,New Balance Fresh Foam X 1080v12,Running,Zapatillas Running,75,False,4,298.68,2024,11,6,Wednesday,2,False,False,False,False,False,False,,False,False,True,False,False,False,45,4,311,55,False,6,False,False,3.0,3.0,3.0,4.0,4.0,2.0,2.0,3.0,0.43999999999999767,1.0561527581329564
2024-11-07,PROD_004,New Balance Fresh Foam X 1080v12,Running,Zapatillas Running,75,False,3,230.64,2024,11,7,Thursday,3,False,False,False,False,False,False,,False,False,True,False,False,False,45,4,312,54,False,7,False,False,4.0,3.0,3.0,3.0,4.0,4.0,2.0,3.2857142857142856,-2.5066666666666606,1.088694831248525
2024-11-08,PROD_004,New Balance Fresh Foam X 1080v12,Running,Zapatillas Running,75,False,3,228.21,2024,11,8,Friday,4,False,False,True,False,False,False,,False,False,True,False,False,False,45,4,313,53,False,8,False,False,3.0,4.0,3.0,3.0,3.0,4.0,4.0,3.4285714285714284,-1.4266666666666574,1.0418169367724264
2024-11-09,PROD_004,New Balance Fresh Foam X 1080v12,Running,Zapatillas Running,75,False,5,377.5,2024,11,9,Saturday,5,True,False,False,True,False,False,,False,False,True,False,False,False,45,4,314,52,False,9,False,False,3.0,3.0,4.0,3.0,3.0,3.0,4.0,3.2857142857142856,-0.6666666666666667,1.0387049435935065
2024-11-10,PROD_004,New Balance Fresh Foam X 1080v12,Running,Zapatillas Running,75,False,4,304.84,2024,11,10,Sunday,6,True,False,False,False,True,False,,False,False,True,False,False,False,45,4,315,51,False,10,False,False,5.0,3.0,3.0,4.0,3.0,3.0,3.0,3.4285714285714284,-1.6133333333333248,1.0131164975406566
2024-11-11,PROD_004,New Balance Fresh Foam X 1080v12,Running,Zapatillas Running,75,False,2,153.34,2024,11,11,Monday,0,False,True,False,False,False,False,,False,False,True,False,False,False,46,4,316,50,False,11,False,False,4.0,5.0,3.0,3.0,4.0,3.0,3.0,3.5714285714285716,-2.226666666666669,1.0481680641633249
2024-11-12,PROD_004,New Balance Fresh Foam X 1080v12,Running,Zapatillas Running,75,False,4,305.36,2024,11,12,Tuesday,1,False,False,False,False,False,False,,False,False,True,False,False,False,46,4,317,49,False,12,False,False,2.0,4.0,5.0,3.0,3.0,4.0,3.0,3.4285714285714284,-1.786666666666671,1.0790614398793819
2024-11-13,PROD_004,New Balance Fresh Foam X 1080v12,Running,Zapatillas Running,75,False,2,145.72,2024,11,13,Wednesday,2,False,False,False,False,False,False,,False,False,True,False,False,False,46,4,318,48,False,13,False,False,4.0,2.0,4.0,5.0,3.0,3.0,4.0,3.5714285714285716,2.853333333333334,1.0415018821175013
2024-11-14,PROD_004,New Balance Fresh Foam X 1080v12,Running,Zapatillas Running,75,False,3,225.3,2024,11,14,Thursday,3,False,False,False,False,False,False,,False,False,True,False,False,False,46,4,319,47,False,14,False,False,2.0,4.0,2.0,4.0,5.0,3.0,3.0,3.2857142857142856,-0.13333333333332575,1.0047270781305742
2024-11-15,PROD_004,New Balance Fresh Foam X 1080v12,Running,Zapatillas Running,75,False,3,221.61,2024,11,15,Friday,4,False,False,True,False,False,False,,False,False,True,False,False,False,46,4,320,46,False,15,False,False,3.0,2.0,4.0,2.0,4.0,5.0,3.0,3.2857142857142856,1.5066666666666606,1.0464655050290412
2024-11-16,PROD_004,New Balance Fresh Foam X 1080v12,Running,Zapatillas Running,75,False,4,291.56,2024,11,16,Saturday,5,True,False,False,True,False,False,,False,False,True,False,False,False,46,4,321,45,False,16,False,False,3.0,3.0,2.0,4.0,2.0,4.0,5.0,3.2857142857142856,2.8133333333333326,1.045667559296098
2024-11-17,PROD_004,New Balance Fresh Foam X 1080v12,Running,Zapatillas Running,75,False,3,220.32,2024,11,17,Sunday,6,True,False,False,False,True,False,,False,False,True,False,False,False,46,4,322,44,False,17,False,False,4.0,3.0,3.0,2.0,4.0,2.0,4.0,3.142857142857143,2.080000000000003,1.0343661971830986
2024-11-18,PROD_004,New Balance Fresh Foam X 1080v12,Running,Zapatillas Running,75,False,2,146.8,2024,11,18,Monday,0,False,True,False,False,False,False,,False,False,True,False,False,False,47,4,323,43,False,18,False,False,3.0,4.0,3.0,3.0,2.0,4.0,2.0,3.0,2.1333333333333258,0.9617400419287212
2024-11-19,PROD_004,New Balance Fresh Foam X 1080v12,Running,Zapatillas Running,75,False,2,146.88,2024,11,19,Tuesday,1,False,False,False,False,False,False,,False,False,True,False,False,False,47,4,324,42,False,19,False,False,2.0,3.0,4.0,3.0,3.0,2.0,4.0,3.0,2.080000000000003,0.9569976544175137
2024-11-20,PROD_004,New Balance Fresh Foam X 1080v12,Running,Zapatillas Running,75,False,2,149.2,2024,11,20,Wednesday,2,False,False,False,False,False,False,,False,False,True,False,False,False,47,4,325,41,False,20,False,False,2.0,2.0,3.0,4.0,3.0,3.0,2.0,2.7142857142857144,0.533333333333341,1.0486364914253583
2024-11-21,PROD_004,New Balance Fresh Foam X 1080v12,Running,Zapatillas Running,75,False,3,226.98,2024,11,21,Thursday,3,False,False,False,False,False,False,,False,False,True,False,False,False,47,4,326,40,False,21,False,False,2.0,2.0,2.0,3.0,4.0,3.0,3.0,2.7142857142857144,-0.8799999999999953,1.0337007013389197
2024-11-22,PROD_004,New Balance Fresh Foam X 1080v12,Running,Zapatillas Running,75,False,4,303.36,2024,11,22,Friday,4,False,False,True,False,False,False,,False,False,True,False,False,False,47,4,327,39,False,22,False,False,3.0,2.0,2.0,2.0,3.0,4.0,3.0,2.7142857142857144,-1.1200000000000045,1.0436218522086143
2024-11-23,PROD_004,New Balance Fresh Foam X 1080v12,Running,Zapatillas Running,75,False,3,230.4,2024,11,23,Saturday,5,True,False,False,True,False,False,,False,False,True,False,False,False,47,4,328,38,False,23,False,False,4.0,3.0,2.0,2.0,2.0,3.0,4.0,2.857142857142857,-2.3999999999999964,1.054607039868174
2024-11-24,PROD_004,New Balance Fresh Foam X 1080v12,Running,Zapatillas Running,75,False,4,293.08,2024,11,24,Sunday,6,True,False,False,False,True,False,,False,False,True,False,False,False,47,4,329,37,False,24,False,False,3.0,4.0,3.0,2.0,2.0,2.0,3.0,2.7142857142857144,2.306666666666672,0.9892884468247896
2024-11-25,PROD_004,New Balance Fresh Foam X 1080v12,Running,Zapatillas Running,75,False,3,225.96,2024,11,25,Monday,0,False,True,False,False,False,False,,False,False,True,False,False,False,48,4,330,36,False,25,False,False,4.0,3.0,4.0,3.0,2.0,2.0,2.0,2.857142857142857,-0.4266666666666576,0.9869403799956322
2024-11-26,PROD_004,New Balance Fresh Foam X 1080v12,Running,Zapatillas Running,75,False,4,308.4,2024,11,26,Tuesday,1,False,False,False,False,False,False,,False,False,True,False,False,False,48,4,331,35,False,26,False,False,3.0,4.0,3.0,4.0,3.0,2.0,2.0,3.0,-2.7999999999999923,1.0698427382053655
2024-11-27,PROD_004,New Balance Fresh Foam X 1080v12,Running,Zapatillas Running,75,False,4,306.48,2024,11,27,Wednesday,2,False,False,False,False,False,False,,False,False,True,False,False,False,48,4,332,34,False,27,False,False,4.0,3.0,4.0,3.0,4.0,3.0,2.0,3.2857142857142856,-2.160000000000006,1.074513836948392
2024-11-28,PROD_004,New Balance Fresh Foam X 1080v12,Running,Zapatillas Running,75,False,4,303.68,2024,11,28,Thursday,3,False,False,False,False,False,False,,False,False,True,False,False,False,48,4,333,33,False,28,True,False,4.0,4.0,3.0,4.0,3.0,4.0,3.0,3.5714285714285716,-1.226666666666669,1.0709046454767728
2024-11-29,PROD_004,New Balance Fresh Foam X 1080v12,Running,Zapatillas Running,75,False,14,892.5,2024,11,29,Friday,4,False,False,True,False,False,False,,True,False,True,False,False,False,48,4,334,32,False,29,True,False,4.0,4.0,4.0,3.0,4.0,3.0,4.0,3.7142857142857144,15.0,0.987198678573272
2024-11-30,PROD_004,New Balance Fresh Foam X 1080v12,Running,Zapatillas Running,75,False,12,792.0,2024,11,30,Saturday,5,True,False,False,True,False,False,,False,False,True,False,False,False,48,4,335,31,False,30,True,False,14.0,4.0,4.0,4.0,3.0,4.0,3.0,5.142857142857143,12.0,0.9304948540814889
2021-11-01,PROD_005,Nike Dri-FIT Miler,Running,Ropa Running,35,False,2,69.78,2021,11,1,Monday,0,False,True,False,False,False,True,Todos los Santos,False,False,True,False,False,False,44,4,305,60,False,1,False,True,2.0,2.0,2.0,2.0,2.0,2.0,2.0,2.0,0.31428571428571267,1.0418035234398328
2021-11-02,PROD_005,Nike Dri-FIT Miler,Running,Ropa Running,35,False,2,70.06,2021,11,2,Tuesday,1,False,False,False,False,False,False,,False,False,True,False,False,False,44,4,306,59,False,2,False,True,2.0,2.0,2.0,2.0,2.0,2.0,2.0,2.0,-0.08571428571428896,1.0362883344837788
2021-11-03,PROD_005,Nike Dri-FIT Miler,Running,Ropa Running,35,False,2,69.1,2021,11,3,Wednesday,2,False,False,False,False,False,False,,False,False,True,False,False,False,44,4,307,58,False,3,False,True,2.0,2.0,2.0,2.0,2.0,2.0,2.0,2.0,1.2857142857142938,0.9938632658931825
2021-11-04,PROD_005,Nike Dri-FIT Miler,Running,Ropa Running,35,False,2,69.4,2021,11,4,Thursday,3,False,False,False,False,False,False,,False,False,True,False,False,False,44,4,308,57,False,4,False,False,2.0,2.0,2.0,2.0,2.0,2.0,2.0,2.0,0.857142857142849,0.9983696173395992
2021-11-05,PROD_005,Nike Dri-FIT Miler,Running,Ropa Running,35,False,2,70.58,2021,11,5,Friday,4,False,False,True,False,False,False,,False,False,True,False,False,False,44,4,309,56,False,5,False,False,2.0,2.0,2.0,2.0,2.0,2.0,2.0,2.0,-0.8285714285714261,1.0564813890829259
2021-11-06,PROD_005,Nike Dri-FIT Miler,Running,Ropa Running,35,False,3,107.55,2021,11,6,Saturday,5,True,False,False,True,False,False,,False,False,True,False,False,False,44,4,310,55,False,6,False,False,2.0,2.0,2.0,2.0,2.0,2.0,2.0,2.0,-2.428571428571433,1.0608601302031961
2021-11-07,PROD_005,Nike Dri-FIT Miler,Running,Ropa Running,35,False,2,68.74,2021,11,7,Sunday,6,True,False,False,False,True,False,,False,False,True,False,False,False,44,4,311,54,False,7,False,False,3.0,2.0,2.0,2.0,2.0,2.0,2.0,2.142857142857143,1.8000000000000071,0.9791092963631184
2021-11-08,PROD_005,Nike Dri-FIT Miler,Running,Ropa Running,35,False,2,68.26,2021,11,8,Monday,0,False,True,False,False,False,False,,False,False,True,False,False,False,45,4,312,53,False,8,False,False,2.0,3.0,2.0,2.0,2.0,2.0,2.0,2.142857142857143,2.485714285714278,0.9556654844129178
2021-11-09,PROD_005,Nike Dri-FIT Miler,Running,Ropa Running,35,False,2,70.78,2021,11,9,Tuesday,1,False,False,False,False,False,False,,False,False,True,False,False,False,45,4,313,52,False,9,False,False,2.0,2.0,3.0,2.0,2.0,2.0,2.0,2.142857142857143,-1.1142857142857159,1.0697229219143576
2021-11-10,PROD_005,Nike Dri-FIT Miler,Running,Ropa Running,35,False,3,103.71,2021,11,10,Wednesday,2,False,False,False,False,False,False,,False,False,True,False,False,False,45,4,314,51,False,10,False,False,2.0,2.0,2.0,3.0,2.0,2.0,2.0,2.142857142857143,1.2285714285714278,0.9808947318641822
2021-11-11,PROD_005,Nike Dri-FIT Miler,Running,Ropa Running,35,False,2,69.88,2021,11,11,Thursday,3,False,False,False,False,False,False,,False,False,True,False,False,False,45,4,315,50,False,11,False,False,3.0,2.0,2.0,2.0,3.0,2.0,2.0,2.2857142857142856,0.17142857142857792,1.009146047944546
2021-11-12,PROD_005,Nike Dri-FIT Miler,Running,Ropa Running,35,False,3,102.36,2021,11,12,Friday,4,False,False,True,False,False,False,,False,False,True,False,False,False,45,4,316,49,False,12,False,False,2.0,3.0,2.0,2.0,2.0,3.0,2.0,2.2857142857142856,2.514285714285722,1.002644725242433
2021-11-13,PROD_005,Nike Dri-FIT Miler,Running,Ropa Running,35,False,3,107.46,2021,11,13,Saturday,5,True,False,False,True,False,False,,False,False,True,False,False,False,45,4,317,48,False,13,False,False,3.0,2.0,3.0,2.0,2.0,2.0,3.0,2.4285714285714284,-2.342857142857144,1.0640657490840677
2021-11-14,PROD_005,Nike Dri-FIT Miler,Running,Ropa Running,35,False,3,105.36,2021,11,14,Sunday,6,True,False,False,False,True,False,,False,False,True,False,False,False,45,4,318,47,False,14,False,False,3.0,3.0,2.0,3.0,2.0,2.0,2.0,2.4285714285714284,-0.34285714285713553,1.0241057542768275
2021-11-15,PROD_005,Nike Dri-FIT Miler,Running,Ropa Running,35,False,3,105.45,2021,11,15,Monday,0,False,True,False,False,False,False,,False,False,True,False,False,False,46,4,319,46,False,15,False,False,3.0,3.0,3.0,2.0,3.0,2.0,2.0,2.5714285714285716,-0.4285714285714245,1.031901360211371
2021-11-16,PROD_005,Nike Dri-FIT Miler,Running,Ropa Running,35,False,3,102.33,2021,11,16,Tuesday,1,False,False,False,False,False,False,,False,False,True,False,False,False,46,4,320,45,False,16,False,False,3.0,3.0,3.0,3.0,2.0,3.0,2.0,2.7142857142857144,2.5428571428571445,0.9812062517978715
2021-11-17,PROD_005,Nike Dri-FIT Miler,Running,Ropa Running,35,False,2,70.86,2021,11,17,Wednesday,2,False,False,False,False,False,False,,False,False,True,False,False,False,46,4,321,44,False,17,False,False,3.0,3.0,3.0,3.0,3.0,2.0,3.0,2.857142857142857,-1.2285714285714278,1.018103448275862
2021-11-18,PROD_005,Nike Dri-FIT Miler,Running,Ropa Running,35,False,3,102.72,2021,11,18,Thursday,3,False,False,False,False,False,False,,False,False,True,False,False,False,46,4,322,43,False,18,False,False,2.0,3.0,3.0,3.0,3.0,3.0,2.0,2.7142857142857144,2.171428571428566,0.9942890330074533
2021-11-19,PROD_005,Nike Dri-FIT Miler,Running,Ropa Running,35,False,3,107.19,2021,11,19,Friday,4,False,False,True,False,False,False,,False,False,True,False,False,False,46,4,323,42,False,19,False,False,3.0,2.0,3.0,3.0,3.0,3.0,3.0,2.857142857142857,-2.085714285714277,1.047800586510264
2021-11-20,PROD_005,Nike Dri-FIT Miler,Running,Ropa Running,35,False,3,105.3,2021,11,20,Saturday,5,True,False,False,True,False,False,,False,False,True,False,False,False,46,4,324,41,False,20,False,False,3.0,3.0,2.0,3.0,3.0,3.0,3.0,2.857142857142857,-0.2857142857142898,1.0573350738025906
2021-11-21,PROD_005,Nike Dri-FIT Miler,Running,Ropa Running,35,False,2,69.92,2021,11,21,Sunday,6,True,False,False,False,True,False,,False,False,True,False,False,False,46,4,325,40,False,21,False,False,3.0,3.0,3.0,2.0,3.0,3.0,3.0,2.857142857142857,0.11428571428571184,1.0456630109670988
2021-11-22,PROD_005,Nike Dri-FIT Miler,Running,Ropa Running,35,False,2,68.18,2021,11,22,Monday,0,False,True,False,False,False,False,,False,False,True,False,False,False,47,4,326,39,False,22,False,False,2.0,3.0,3.0,3.0,2.0,3.0,3.0,2.7142857142857144,2.5999999999999903,1.0191330343796712
2021-11-23,PROD_005,Nike Dri-FIT Miler,Running,Ropa Running,35,False,2,69.02,2021,11,23,Tuesday,1,False,False,False,False,False,False,,False,False,True,False,False,False,47,4,327,38,False,23,False,False,2.0,2.0,3.0,3.0,3.0,2.0,3.0,2.5714285714285716,1.4000000000000057,1.0105417276720352
2021-11-24,PROD_005,Nike Dri-FIT Miler,Running,Ropa Running,35,False,3,102.69,2021,11,24,Wednesday,2,False,False,False,False,False,False,,False,False,True,False,False,False,47,4,328,37,False,24,False,False,2.0,2.0,2.0,3.0,3.0,3.0,2.0,2.4285714285714284,2.200000000000009,0.9697799603361978
2021-11-25,PROD_005,Nike Dri-FIT Miler,Running,Ropa Running,35,False,2,68.76,2021,11,25,Thursday,3,False,False,False,False,False,False,,False,False,True,False,False,False,47,4,329,36,False,25,False,False,3.0,2.0,2.0,2.0,3.0,3.0,3.0,2.5714285714285716,1.771428571428564,1.051912289648139
2021-11-26,PROD_005,Nike Dri-FIT Miler,Running,Ropa Running,35,False,11,327.25,2021,11,26,Friday,4,False,False,True,False,False,False,,True,False,True,False,False,False,47,4,330,35,False,26,False,False,2.0,3.0,2.0,2.0,2.0,3.0,3.0,2.4285714285714284,15.0,0.9558744778836885
2021-11-27,PROD_005,Nike Dri-FIT Miler,Running,Ropa Running,35,False,12,369.6,2021,11,27,Saturday,5,True,False,False,True,False,False,,False,False,True,False,False,False,47,4,331,34,False,27,False,False,11.0,2.0,3.0,2.0,2.0,2.0,3.0,3.5714285714285716,11.999999999999998,0.9452685421994884
2021-11-28,PROD_005,Nike Dri-FIT Miler,Running,Ropa Running,35,False,9,277.2,2021,11,28,Sunday,6,True,False,False,False,True,False,,False,False,True,False,False,False,47,4,332,33,False,28,True,False,12.0,11.0,2.0,3.0,2.0,2.0,2.0,4.857142857142857,11.999999999999998,0.9159397303727201
2021-11-29,PROD_005,Nike Dri-FIT Miler,Running,Ropa Running,35,False,8,238.0,2021,11,29,Monday,0,False,True,False,False,False,False,,False,True,True,False,False,False,48,4,333,32,False,29,True,False,9.0,12.0,11.0,2.0,3.0,2.0,2.0,5.857142857142857,15.0,0.8831387294676429
2021-11-30,PROD_005,Nike Dri-FIT Miler,Running,Ropa Running,35,False,6,193.2,2021,11,30,Tuesday,1,False,False,False,False,False,False,,False,False,True,False,False,False,48,4,334,31,False,30,True,False,8.0,9.0,12.0,11.0,2.0,3.0,2.0,6.714285714285714,7.999999999999992,0.9375
2022-10-25,PROD_005,Nike Dri-FIT Miler,Running,Ropa Running,35,False,2,69.24,2022,10,25,Tuesday,1,False,False,False,False,False,False,,False,False,False,False,False,False,43,4,298,67,True,25,False,False,6.0,8.0,9.0,12.0,11.0,2.0,3.0,7.285714285714286,1.085714285714293,1.0504703145544654
2022-10-26,PROD_005,Nike Dri-FIT Miler,Running,Ropa Running,35,False,2,68.82,2022,10,26,Wednesday,2,False,False,False,False,False,False,,False,False,False,False,False,False,43,4,299,66,True,26,False,False,2.0,6.0,8.0,9.0,12.0,11.0,2.0,7.142857142857143,1.6857142857142955,0.9857715813598166
2022-10-27,PROD_005,Nike Dri-FIT Miler,Running,Ropa Running,35,False,2,71.14,2022,10,27,Thursday,3,False,False,False,False,False,False,,False,False,False,False,False,False,43,4,300,65,True,27,False,False,2.0,2.0,6.0,8.0,9.0,12.0,11.0,7.142857142857143,-1.6285714285714292,1.020172084130019
2022-10-28,PROD_005,Nike Dri-FIT Miler,Running,Ropa Running,35,False,3,103.02,2022,10,28,Friday,4,False,False,True,False,False,False,,False,False,False,False,False,False,43,4,301,64,True,28,True,False,2.0,2.0,2.0,6.0,8.0,9.0,12.0,5.857142857142857,1.885714285714276,1.0035067212156634
2022-10-29,PROD_005,Nike Dri-FIT Miler,Running,Ropa Running,35,False,2,71.62,2022,10,29,Saturday,5,True,False,False,True,False,False,,False,False,False,False,False,False,43,4,302,63,True,29,True,False,3.0,2.0,2.0,2.0,6.0,8.0,9.0,4.571428571428571,-2.3142857142857207,1.0485067343353507
2022-10-30,PROD_005,Nike Dri-FIT Miler,Running,Ropa Running,35,False,2,71.22,2022,10,30,Sunday,6,True,False,False,False,True,False,,False,False,False,False,False,False,43,4,303,62,True,30,True,False,2.0,3.0,2.0,2.0,2.0,6.0,8.0,3.5714285714285716,-1.742857142857141,1.052097695489462
2022-10-31,PROD_005,Nike Dri-FIT Miler,Running,Ropa Running,35,False,2,68.26,2022,10,31,Monday,0,False,True,False,False,False,False,,False,False,False,False,False,False,44,4,304,61,True,31,True,False,2.0,2.0,3.0,2.0,2.0,2.0,6.0,2.7142857142857144,2.485714285714278,0.9736591860022823
2022-11-01,PROD_005,Nike Dri-FIT Miler,Running,Ropa Running,35,False,2,71.72,2022,11,1,Tuesday,1,False,False,False,False,False,True,Todos los Santos,False,False,True,False,False,False,44,4,305,60,False,1,False,True,2.0,2.0,2.0,3.0,2.0,2.0,2.0,2.142857142857143,-2.4571428571428555,1.038116375566921
2022-11-02,PROD_005,Nike Dri-FIT Miler,Running,Ropa Running,35,False,2,68.3,2022,11,2,Wednesday,2,False,False,False,False,False,False,,False,False,True,False,False,False,44,4,306,59,False,2,False,True,2.0,2.0,2.0,2.0,3.0,2.0,2.0,2.142857142857143,2.428571428571433,1.0160666468313
2022-11-03,PROD_005,Nike Dri-FIT Miler,Running,Ropa Running,35,False,3,104.46,2022,11,3,Thursday,3,False,False,False,False,False,False,,False,False,True,False,False,False,44,4,307,58,False,3,False,True,2.0,2.0,2.0,2.0,2.0,3.0,2.0,2.142857142857143,0.5142857142857135,1.0168402608780298
2022-11-04,PROD_005,Nike Dri-FIT Miler,Running,Ropa Running,35,False,3,106.56,2022,11,4,Friday,4,False,False,True,False,False,False,,False,False,True,False,False,False,44,4,308,57,False,4,False,False,3.0,2.0,2.0,2.0,2.0,2.0,3.0,2.2857142857142856,-1.4857142857142946,1.0307603017991875
2022-11-05,PROD_005,Nike Dri-FIT Miler,Running,Ropa Running,35,False,3,102.27,2022,11,5,Saturday,5,True,False,False,True,False,False,,False,False,True,False,False,False,44,4,309,56,False,5,False,False,3.0,3.0,2.0,2.0,2.0,2.0,2.0,2.2857142857142856,2.5999999999999903,0.9866859623733719
2022-11-06,PROD_005,Nike Dri-FIT Miler,Running,Ropa Running,35,False,3,107.34,2022,11,6,Sunday,6,True,False,False,False,True,False,,False,False,True,False,False,False,44,4,310,55,False,6,False,False,3.0,3.0,3.0,2.0,2.0,2.0,2.0,2.4285714285714284,-2.2285714285714318,1.025802752293578
2022-11-07,PROD_005,Nike Dri-FIT Miler,Running,Ropa Running,35,False,3,105.15,2022,11,7,Monday,0,False,True,False,False,False,False,,False,False,True,False,False,False,45,4,311,54,False,7,False,False,3.0,3.0,3.0,3.0,2.0,2.0,2.0,2.5714285714285716,-0.14285714285713474,1.0540296712109063
2022-11-08,PROD_005,Nike Dri-FIT Miler,Running,Ropa Running,35,False,2,69.64,2022,11,8,Tuesday,1,False,False,False,False,False,False,,False,False,True,False,False,False,45,4,312,53,False,8,False,False,3.0,3.0,3.0,3.0,3.0,2.0,2.0,2.7142857142857144,0.5142857142857135,0.9946676823462197
2022-11-09,PROD_005,Nike Dri-FIT Miler,Running,Ropa Running,35,False,2,69.64,2022,11,9,Wednesday,2,False,False,False,False,False,False,,False,False,True,False,False,False,45,4,313,52,False,9,False,False,2.0,3.0,3.0,3.0,3.0,3.0,2.0,2.7142857142857144,0.5142857142857135,1.0594320486815416
2022-11-10,PROD_005,Nike Dri-FIT Miler,Running,Ropa Running,35,False,3,102.33,2022,11,10,Thursday,3,False,False,False,False,False,False,,False,False,True,False,False,False,45,4,314,51,False,10,False,False,2.0,2.0,3.0,3.0,3.0,3.0,3.0,2.7142857142857144,2.5428571428571445,1.0058979652020053
2022-11-11,PROD_005,Nike Dri-FIT Miler,Running,Ropa Running,35,False,3,107.34,2022,11,11,Friday,4,False,False,True,False,False,False,,False,False,True,False,False,False,45,4,315,50,False,11,False,False,3.0,2.0,2.0,3.0,3.0,3.0,3.0,2.7142857142857144,-2.2285714285714318,0.997676363974347
2022-11-12,PROD_005,Nike Dri-FIT Miler,Running,Ropa Running,35,False,3,103.62,2022,11,12,Saturday,5,True,False,False,True,False,False,,False,False,True,False,False,False,45,4,316,49,False,12,False,False,3.0,3.0,2.0,2.0,3.0,3.0,3.0,2.7142857142857144,1.3142857142857167,1.0264487369985142
2022-11-13,PROD_005,Nike Dri-FIT Miler,Running,Ropa Running,35,False,3,103.89,2022,11,13,Sunday,6,True,False,False,False,True,False,,False,False,True,False,False,False,45,4,317,48,False,13,False,False,3.0,3.0,3.0,2.0,2.0,3.0,3.0,2.7142857142857144,1.0571428571428498,1.0556853978254244
2022-11-14,PROD_005,Nike Dri-FIT Miler,Running,Ropa Running,35,False,2,71.56,2022,11,14,Monday,0,False,True,False,False,False,False,,False,False,True,False,False,False,46,4,318,47,False,14,False,False,3.0,3.0,3.0,3.0,2.0,2.0,3.0,2.7142857142857144,-2.2285714285714318,1.080422747861097
2022-11-15,PROD_005,Nike Dri-FIT Miler,Running,Ropa Running,35,False,3,107.13,2022,11,15,Tuesday,1,False,False,False,False,False,False,,False,False,True,False,False,False,46,4,319,46,False,15,False,False,2.0,3.0,3.0,3.0,3.0,2.0,2.0,2.5714285714285716,-2.028571428571431,1.0995586574976908
2022-11-16,PROD_005,Nike Dri-FIT Miler,Running,Ropa Running,35,False,2,70.52,2022,11,16,Wednesday,2,False,False,False,False,False,False,,False,False,True,False,False,False,46,4,320,45,False,16,False,False,3.0,2.0,3.0,3.0,3.0,3.0,2.0,2.7142857142857144,-0.7428571428571372,1.0241068835318037
2022-11-17,PROD_005,Nike Dri-FIT Miler,Running,Ropa Running,35,False,2,68.76,2022,11,17,Thursday,3,False,False,False,False,False,False,,False,False,True,False,False,False,46,4,321,44,False,17,False,False,2.0,3.0,2.0,3.0,3.0,3.0,3.0,2.7142857142857144,1.771428571428564,0.9589958158995816
2022-11-18,PROD_005,Nike Dri-FIT Miler,Running,Ropa Running,35,False,3,105.69,2022,11,18,Friday,4,False,False,True,False,False,False,,False,False,True,False,False,False,46,4,322,43,False,18,False,False,2.0,2.0,3.0,2.0,3.0,3.0,3.0,2.5714285714285716,-0.6571428571428483,1.0148838102554254
2022-11-19,PROD_005,Nike Dri-FIT Miler,Running,Ropa Running,35,False,3,104.37,2022,11,19,Saturday,5,True,False,False,True,False,False,,False,False,True,False,False,False,46,4,323,42,False,19,False,False,3.0,2.0,2.0,3.0,2.0,3.0,3.0,2.5714285714285716,0.6000000000000024,1.0096739866498985
2022-11-20,PROD_005,Nike Dri-FIT Miler,Running,Ropa Running,35,False,3,102.33,2022,11,20,Sunday,6,True,False,False,False,True,False,,False,False,True,False,False,False,46,4,324,41,False,20,False,False,3.0,3.0,2.0,2.0,3.0,2.0,3.0,2.5714285714285716,2.5428571428571445,1.040996948118006
2022-11-21,PROD_005,Nike Dri-FIT Miler,Running,Ropa Running,35,False,2,71.92,2022,11,21,Monday,0,False,True,False,False,False,False,,False,False,True,False,False,False,47,4,325,40,False,21,False,False,3.0,3.0,3.0,2.0,2.0,3.0,2.0,2.5714285714285716,-2.742857142857145,1.0679073450801821
2022-11-22,PROD_005,Nike Dri-FIT Miler,Running,Ropa Running,35,False,4,142.88,2022,11,22,Tuesday,1,False,False,False,False,False,False,,False,False,True,False,False,False,47,4,326,39,False,22,False,False,2.0,3.0,3.0,3.0,2.0,2.0,3.0,2.5714285714285716,-2.057142857142854,1.0241804453789545
2022-11-23,PROD_005,Nike Dri-FIT Miler,Running,Ropa Running,35,False,3,103.17,2022,11,23,Wednesday,2,False,False,False,False,False,False,,False,False,True,False,False,False,47,4,327,38,False,23,False,False,4.0,2.0,3.0,3.0,3.0,2.0,2.0,2.7142857142857144,1.742857142857141,1.0287167215076278
2022-11-24,PROD_005,Nike Dri-FIT Miler,Running,Ropa Running,35,False,3,103.41,2022,11,24,Thursday,3,False,False,False,False,False,False,,False,False,True,False,False,False,47,4,328,37,False,24,False,False,3.0,4.0,2.0,3.0,3.0,3.0,2.0,2.857142857142857,1.5142857142857176,0.9816783747864057
2022-11-25,PROD_005,Nike Dri-FIT Miler,Running,Ropa Running,35,False,13,386.75,2022,11,25,Friday,4,False,False,True,False,False,False,,True,False,True,False,False,False,47,4,329,36,False,25,False,False,3.0,3.0,4.0,2.0,3.0,3.0,3.0,3.0,15.0,0.9625754961173425
2022-11-26,PROD_005,Nike Dri-FIT Miler,Running,Ropa Running,35,False,13,400.4,2022,11,26,Saturday,5,True,False,False,True,False,False,,False,False,True,False,False,False,47,4,330,35,False,26,False,False,13.0,3.0,3.0,4.0,2.0,3.0,3.0,4.428571428571429,11.999999999999998,0.9270592956757301
2022-11-27,PROD_005,Nike Dri-FIT Miler,Running,Ropa Running,35,False,10,308.0,2022,11,27,Sunday,6,True,False,False,False,True,False,,False,False,True,False,False,False,47,4,331,34,False,27,False,False,13.0,13.0,3.0,3.0,4.0,2.0,3.0,5.857142857142857,11.999999999999998,0.911242603550296
2022-11-28,PROD_005,Nike Dri-FIT Miler,Running,Ropa Running,35,False,10,297.5,2022,11,28,Monday,0,False,True,False,False,False,False,,False,True,True,False,False,False,48,4,332,33,False,28,True,False,10.0,13.0,13.0,3.0,3.0,4.0,2.0,6.857142857142857,15.0,0.8456509380329733
2022-11-29,PROD_005,Nike Dri-FIT Miler,Running,Ropa Running,35,False,6,193.2,2022,11,29,Tuesday,1,False,False,False,False,False,False,,False,False,True,False,False,False,48,4,333,32,False,29,True,False,10.0,10.0,13.0,13.0,3.0,3.0,4.0,8.0,7.999999999999992,0.9536973047684868
2022-11-30,PROD_005,Nike Dri-FIT Miler,Running,Ropa Running,35,False,6,193.2,2022,11,30,Wednesday,2,False,False,False,False,False,False,,False,False,True,False,False,False,48,4,334,31,False,30,True,False,6.0,10.0,10.0,13.0,13.0,3.0,3.0,8.285714285714286,7.999999999999992,0.9302773497688752
2023-10-25,PROD_005,Nike Dri-FIT Miler,Running,Ropa Running,35,False,2,71.3,2023,10,25,Wednesday,2,False,False,False,False,False,False,,False,False,False,False,False,False,43,4,298,67,True,25,False,False,6.0,6.0,10.0,10.0,13.0,13.0,3.0,8.714285714285714,-1.857142857142853,1.0657698056801197
2023-10-26,PROD_005,Nike Dri-FIT Miler,Running,Ropa Running,35,False,2,70.98,2023,10,26,Thursday,3,False,False,False,False,False,False,,False,False,False,False,False,False,43,4,299,66,True,26,False,False,2.0,6.0,6.0,10.0,10.0,13.0,13.0,8.571428571428571,-1.4000000000000057,1.0606694560669456
2023-10-27,PROD_005,Nike Dri-FIT Miler,Running,Ropa Running,35,False,2,69.62,2023,10,27,Friday,4,False,False,True,False,False,False,,False,False,False,False,False,False,43,4,300,65,True,27,False,False,2.0,2.0,6.0,6.0,10.0,10.0,13.0,7.0,0.5428571428571364,1.0041346153846156
2023-10-28,PROD_005,Nike Dri-FIT Miler,Running,Ropa Running,35,False,3,103.02,2023,10,28,Saturday,5,True,False,False,True,False,False,,False,False,False,False,False,False,43,4,301,64,True,28,True,False,2.0,2.0,2.0,6.0,6.0,10.0,10.0,5.428571428571429,1.885714285714276,0.9741843971631207
2023-10-29,PROD_005,Nike Dri-FIT Miler,Running,Ropa Running,35,False,2,71.14,2023,10,29,Sunday,6,True,False,False,False,True,False,,False,False,False,False,False,False,43,4,302,63,True,29,True,False,3.0,2.0,2.0,2.0,6.0,6.0,10.0,4.428571428571429,-1.6285714285714292,1.0485408273558023
2023-10-30,PROD_005,Nike Dri-FIT Miler,Running,Ropa Running,35,False,2,69.08,2023,10,30,Monday,0,False,True,False,False,False,False,,False,False,False,False,False,False,44,4,303,62,True,30,True,False,2.0,3.0,2.0,2.0,2.0,6.0,6.0,3.2857142857142856,1.3142857142857167,1.0415117097195699
2023-10-31,PROD_005,Nike Dri-FIT Miler,Running,Ropa Running,35,False,3,104.7,2023,10,31,Tuesday,1,False,False,False,False,False,False,,False,False,False,False,False,False,44,4,304,61,True,31,True,False,2.0,2.0,3.0,2.0,2.0,2.0,6.0,2.7142857142857144,0.2857142857142898,1.022860492379836
2023-11-01,PROD_005,Nike Dri-FIT Miler,Running,Ropa Running,35,False,2,70.74,2023,11,1,Wednesday,2,False,False,False,False,False,True,Todos los Santos,False,False,True,False,False,False,44,4,305,60,False,1,False,True,3.0,2.0,2.0,3.0,2.0,2.0,2.0,2.2857142857142856,-1.0571428571428498,1.0335054056686472
2023-11-02,PROD_005,Nike Dri-FIT Miler,Running,Ropa Running,35,False,3,103.71,2023,11,2,Thursday,3,False,False,False,False,False,False,,False,False,True,False,False,False,44,4,306,59,False,2,False,True,2.0,3.0,2.0,2.0,3.0,2.0,2.0,2.2857142857142856,1.2285714285714278,1.0157688540646426
2023-11-03,PROD_005,Nike Dri-FIT Miler,Running,Ropa Running,35,False,3,107.37,2023,11,3,Friday,4,False,False,True,False,False,False,,False,False,True,False,False,False,44,4,307,58,False,3,False,True,3.0,2.0,3.0,2.0,2.0,3.0,2.0,2.4285714285714284,-2.257142857142855,1.0255993886713153
2023-11-04,PROD_005,Nike Dri-FIT Miler,Running,Ropa Running,35,False,3,103.47,2023,11,4,Saturday,5,True,False,False,True,False,False,,False,False,True,False,False,False,44,4,308,57,False,4,False,False,3.0,3.0,2.0,3.0,2.0,2.0,3.0,2.5714285714285716,1.4571428571428515,1.0119315403422984
2023-11-05,PROD_005,Nike Dri-FIT Miler,Running,Ropa Running,35,False,4,141.96,2023,11,5,Sunday,6,True,False,False,False,True,False,,False,False,True,False,False,False,44,4,309,56,False,5,False,False,3.0,3.0,3.0,2.0,3.0,2.0,2.0,2.5714285714285716,-1.4000000000000057,1.0563547971028873
2023-11-06,PROD_005,Nike Dri-FIT Miler,Running,Ropa Running,35,False,3,102.72,2023,11,6,Monday,0,False,True,False,False,False,False,,False,False,True,False,False,False,45,4,310,55,False,6,False,False,4.0,3.0,3.0,3.0,2.0,3.0,2.0,2.857142857142857,2.171428571428566,1.0447518307567127
2023-11-07,PROD_005,Nike Dri-FIT Miler,Running,Ropa Running,35,False,2,70.82,2023,11,7,Tuesday,1,False,False,False,False,False,False,,False,False,True,False,False,False,45,4,311,54,False,7,False,False,3.0,4.0,3.0,3.0,3.0,2.0,3.0,3.0,-1.1714285714285617,1.0132582983594047
2023-11-08,PROD_005,Nike Dri-FIT Miler,Running,Ropa Running,35,False,3,107.07,2023,11,8,Wednesday,2,False,False,False,False,False,False,,False,False,True,False,False,False,45,4,312,53,False,8,False,False,2.0,3.0,4.0,3.0,3.0,3.0,2.0,2.857142857142857,-1.9714285714285649,1.0735987165346432
2023-11-09,PROD_005,Nike Dri-FIT Miler,Running,Ropa Running,35,False,2,69.58,2023,11,9,Thursday,3,False,False,False,False,False,False,,False,False,True,False,False,False,45,4,313,52,False,9,False,False,3.0,2.0,3.0,4.0,3.0,3.0,3.0,3.0,0.6000000000000024,1.0198358413132693
2023-11-10,PROD_005,Nike Dri-FIT Miler,Running,Ropa Running,35,False,3,106.47,2023,11,10,Friday,4,False,False,True,False,False,False,,False,False,True,False,False,False,45,4,314,51,False,10,False,False,2.0,3.0,2.0,3.0,4.0,3.0,3.0,2.857142857142857,-1.4000000000000057,1.0469026548672564
2023-11-11,PROD_005,Nike Dri-FIT Miler,Running,Ropa Running,35,False,3,106.26,2023,11,11,Saturday,5,True,False,False,True,False,False,,False,False,True,False,False,False,45,4,315,50,False,11,False,False,3.0,2.0,3.0,2.0,3.0,4.0,3.0,2.857142857142857,-1.2000000000000048,1.0700906344410877
2023-11-12,PROD_005,Nike Dri-FIT Miler,Running,Ropa Running,35,False,3,105.33,2023,11,12,Sunday,6,True,False,False,False,True,False,,False,False,True,False,False,False,45,4,316,49,False,12,False,False,3.0,3.0,2.0,3.0,2.0,3.0,4.0,2.857142857142857,-0.31428571428571267,1.0483726485518063
2023-11-13,PROD_005,Nike Dri-FIT Miler,Running,Ropa Running,35,False,3,106.74,2023,11,13,Monday,0,False,True,False,False,False,False,,False,False,True,False,False,False,46,4,317,48,False,13,False,False,3.0,3.0,3.0,2.0,3.0,2.0,3.0,2.7142857142857144,-1.6571428571428521,1.0778551953953348
2023-11-14,PROD_005,Nike Dri-FIT Miler,Running,Ropa Running,35,False,3,105.27,2023,11,14,Tuesday,1,False,False,False,False,False,False,,False,False,True,False,False,False,46,4,318,47,False,14,False,False,3.0,3.0,3.0,3.0,2.0,3.0,2.0,2.7142857142857144,-0.2571428571428669,1.095307460201852
2023-11-15,PROD_005,Nike Dri-FIT Miler,Running,Ropa Running,35,False,3,107.19,2023,11,15,Wednesday,2,False,False,False,False,False,False,,False,False,True,False,False,False,46,4,319,46,False,15,False,False,3.0,3.0,3.0,3.0,3.0,2.0,3.0,2.857142857142857,-2.085714285714277,1.056475458308693
2023-11-16,PROD_005,Nike Dri-FIT Miler,Running,Ropa Running,35,False,2,71.46,2023,11,16,Thursday,3,False,False,False,False,False,False,,False,False,True,False,False,False,46,4,320,45,False,16,False,False,3.0,3.0,3.0,3.0,3.0,3.0,2.0,2.857142857142857,-2.085714285714277,1.067629482071713
2023-11-17,PROD_005,Nike Dri-FIT Miler,Running,Ropa Running,35,False,2,69.26,2023,11,17,Friday,4,False,False,True,False,False,False,,False,False,True,False,False,False,46,4,321,44,False,17,False,False,2.0,3.0,3.0,3.0,3.0,3.0,3.0,2.857142857142857,1.0571428571428498,0.996164541183239
2023-11-18,PROD_005,Nike Dri-FIT Miler,Running,Ropa Running,35,False,3,106.14,2023,11,18,Saturday,5,True,False,False,True,False,False,,False,False,True,False,False,False,46,4,322,43,False,18,False,False,2.0,2.0,3.0,3.0,3.0,3.0,3.0,2.7142857142857144,-1.085714285714293,1.036321031048623
2023-11-19,PROD_005,Nike Dri-FIT Miler,Running,Ropa Running,35,False,3,106.05,2023,11,19,Sunday,6,True,False,False,False,True,False,,False,False,True,False,False,False,46,4,323,42,False,19,False,False,3.0,2.0,2.0,3.0,3.0,3.0,3.0,2.7142857142857144,-1.000000000000004,1.0637977730965995
2023-11-20,PROD_005,Nike Dri-FIT Miler,Running,Ropa Running,35,False,3,106.65,2023,11,20,Monday,0,False,True,False,False,False,False,,False,False,True,False,False,False,47,4,324,41,False,20,False,False,3.0,3.0,2.0,2.0,3.0,3.0,3.0,2.7142857142857144,-1.5714285714285632,1.044666470761093
2023-11-21,PROD_005,Nike Dri-FIT Miler,Running,Ropa Running,35,False,3,106.53,2023,11,21,Tuesday,1,False,False,False,False,False,False,,False,False,True,False,False,False,47,4,325,40,False,21,False,False,3.0,3.0,3.0,2.0,2.0,3.0,3.0,2.7142857142857144,-1.4571428571428515,1.0333689009603257
2023-11-22,PROD_005,Nike Dri-FIT Miler,Running,Ropa Running,35,False,3,104.61,2023,11,22,Wednesday,2,False,False,False,False,False,False,,False,False,True,False,False,False,47,4,326,39,False,22,False,False,3.0,3.0,3.0,3.0,2.0,2.0,3.0,2.7142857142857144,0.37142857142857877,1.0428671119529458
2023-11-23,PROD_005,Nike Dri-FIT Miler,Running,Ropa Running,35,False,4,140.12,2023,11,23,Thursday,3,False,False,False,False,False,False,,False,False,True,False,False,False,47,4,327,38,False,23,False,False,3.0,3.0,3.0,3.0,3.0,2.0,2.0,2.7142857142857144,-0.08571428571428896,1.0594818026010686
2023-11-24,PROD_005,Nike Dri-FIT Miler,Running,Ropa Running,35,False,13,386.75,2023,11,24,Friday,4,False,False,True,False,False,False,,True,False,True,False,False,False,47,4,328,37,False,24,False,False,4.0,3.0,3.0,3.0,3.0,3.0,2.0,3.0,15.0,0.9983221476510067
2023-11-25,PROD_005,Nike Dri-FIT Miler,Running,Ropa Running,35,False,13,400.4,2023,11,25,Saturday,5,True,False,False,True,False,False,,False,False,True,False,False,False,47,4,329,36,False,25,False,False,13.0,4.0,3.0,3.0,3.0,3.0,3.0,4.571428571428571,11.999999999999998,0.8685026788231975
2023-11-26,PROD_005,Nike Dri-FIT Miler,Running,Ropa Running,35,False,12,369.6,2023,11,26,Sunday,6,True,False,False,False,True,False,,False,False,True,False,False,False,47,4,330,35,False,26,False,False,13.0,13.0,4.0,3.0,3.0,3.0,3.0,6.0,11.999999999999998,0.909180360129883
2023-11-27,PROD_005,Nike Dri-FIT Miler,Running,Ropa Running,35,False,10,297.5,2023,11,27,Monday,0,False,True,False,False,False,False,,False,True,True,False,False,False,48,4,331,34,False,27,False,False,12.0,13.0,13.0,4.0,3.0,3.0,3.0,7.285714285714286,15.0,0.875085792724777
2023-11-28,PROD_005,Nike Dri-FIT Miler,Running,Ropa Running,35,False,6,193.2,2023,11,28,Tuesday,1,False,False,False,False,False,False,,False,False,True,False,False,False,48,4,332,33,False,28,True,False,10.0,12.0,13.0,13.0,4.0,3.0,3.0,8.285714285714286,7.999999999999992,0.9777327935222674
2023-11-29,PROD_005,Nike Dri-FIT Miler,Running,Ropa Running,35,False,7,225.4,2023,11,29,Wednesday,2,False,False,False,False,False,False,,False,False,True,False,False,False,48,4,333,32,False,29,True,False,6.0,10.0,12.0,13.0,13.0,4.0,3.0,8.714285714285714,7.999999999999992,0.9631106679960122
2023-11-30,PROD_005,Nike Dri-FIT Miler,Running,Ropa Running,35,False,2,69.96,2023,11,30,Thursday,3,False,False,False,False,False,False,,False,False,True,False,False,False,48,4,334,31,False,30,True,False,7.0,6.0,10.0,12.0,13.0,13.0,4.0,9.285714285714286,0.05714285714286607,1.0541436464088398
2024-10-25,PROD_005,Nike Dri-FIT Miler,Running,Ropa Running,35,False,3,103.65,2024,10,25,Friday,4,False,False,True,False,False,False,,False,False,False,False,False,False,43,4,299,67,True,25,False,False,2.0,7.0,6.0,10.0,12.0,13.0,13.0,9.0,1.2857142857142938,1.0318566450970634
2024-10-26,PROD_005,Nike Dri-FIT Miler,Running,Ropa Running,35,False,3,102.6,2024,10,26,Saturday,5,True,False,False,True,False,False,,False,False,False,False,False,False,43,4,300,66,True,26,False,False,3.0,2.0,7.0,6.0,10.0,12.0,13.0,7.571428571428571,2.2857142857142776,1.0125333070166782
2024-10-27,PROD_005,Nike Dri-FIT Miler,Running,Ropa Running,35,False,2,70.94,2024,10,27,Sunday,6,True,False,False,False,True,False,,False,False,False,False,False,False,43,4,301,65,True,27,False,False,3.0,3.0,2.0,7.0,6.0,10.0,12.0,6.142857142857143,-1.3428571428571396,1.056703078450844
2024-10-28,PROD_005,Nike Dri-FIT Miler,Running,Ropa Running,35,False,2,69.62,2024,10,28,Monday,0,False,True,False,False,False,False,,False,False,False,False,False,False,44,4,302,64,True,28,True,False,2.0,3.0,3.0,2.0,7.0,6.0,10.0,4.714285714285714,0.5428571428571364,1.0850997506234412
2024-10-29,PROD_005,Nike Dri-FIT Miler,Running,Ropa Running,35,False,2,71.58,2024,10,29,Tuesday,1,False,False,False,False,False,False,,False,False,False,False,False,False,44,4,303,63,True,29,True,False,2.0,2.0,3.0,3.0,2.0,7.0,6.0,3.5714285714285716,-2.257142857142855,1.047818873816727
2024-10-30,PROD_005,Nike Dri-FIT Miler,Running,Ropa Running,35,False,2,69.0,2024,10,30,Wednesday,2,False,False,False,False,False,False,,False,False,False,False,False,False,44,4,304,62,True,30,True,False,2.0,2.0,2.0,3.0,3.0,2.0,7.0,3.0,1.4285714285714286,0.9823462414578586
2024-10-31,PROD_005,Nike Dri-FIT Miler,Running,Ropa Running,35,False,2,71.14,2024,10,31,Thursday,3,False,False,False,False,False,False,,False,False,False,False,False,False,44,4,305,61,True,31,True,False,2.0,2.0,2.0,2.0,3.0,3.0,2.0,2.2857142857142856,-1.6285714285714292,1.0262550490478937
2024-11-01,PROD_005,Nike Dri-FIT Miler,Running,Ropa Running,35,False,3,103.68,2024,11,1,Friday,4,False,False,True,False,False,True,Todos los Santos,False,False,True,False,False,False,44,4,306,60,False,1,False,True,2.0,2.0,2.0,2.0,2.0,3.0,3.0,2.2857142857142856,1.2571428571428507,1.0401284109149278
2024-11-02,PROD_005,Nike Dri-FIT Miler,Running,Ropa Running,35,False,3,101.97,2024,11,2,Saturday,5,True,False,False,True,False,False,,False,False,True,False,False,False,44,4,307,59,False,2,False,True,3.0,2.0,2.0,2.0,2.0,2.0,3.0,2.2857142857142856,2.88571428571428,1.0219482862297056
2024-11-03,PROD_005,Nike Dri-FIT Miler,Running,Ropa Running,35,False,3,102.45,2024,11,3,Sunday,6,True,False,False,False,True,False,,False,False,True,False,False,False,44,4,308,58,False,3,False,True,3.0,3.0,2.0,2.0,2.0,2.0,2.0,2.2857142857142856,2.428571428571433,0.9635098278942913
2024-11-04,PROD_005,Nike Dri-FIT Miler,Running,Ropa Running,35,False,3,105.81,2024,11,4,Monday,0,False,True,False,False,False,False,,False,False,True,False,False,False,45,4,309,57,False,4,False,False,3.0,3.0,3.0,2.0,2.0,2.0,2.0,2.4285714285714284,-0.7714285714285803,1.0134086773297577
2024-11-05,PROD_005,Nike Dri-FIT Miler,Running,Ropa Running,35,False,3,102.21,2024,11,5,Tuesday,1,False,False,False,False,False,False,,False,False,True,False,False,False,45,4,310,56,False,5,False,False,3.0,3.0,3.0,3.0,2.0,2.0,2.0,2.5714285714285716,2.657142857142856,1.0541460396039604
2024-11-06,PROD_005,Nike Dri-FIT Miler,Running,Ropa Running,35,False,3,104.73,2024,11,6,Wednesday,2,False,False,False,False,False,False,,False,False,True,False,False,False,45,4,311,55,False,6,False,False,3.0,3.0,3.0,3.0,3.0,2.0,2.0,2.7142857142857144,0.2571428571428669,1.0248556610235835
2024-11-07,PROD_005,Nike Dri-FIT Miler,Running,Ropa Running,35,False,3,101.91,2024,11,7,Thursday,3,False,False,False,False,False,False,,False,False,True,False,False,False,45,4,312,54,False,7,False,False,3.0,3.0,3.0,3.0,3.0,3.0,2.0,2.857142857142857,2.942857142857146,1.0033474451117457
2024-11-08,PROD_005,Nike Dri-FIT Miler,Running,Ropa Running,35,False,3,103.08,2024,11,8,Friday,4,False,False,True,False,False,False,,False,False,True,False,False,False,45,4,313,53,False,8,False,False,3.0,3.0,3.0,3.0,3.0,3.0,3.0,3.0,1.82857142857143,1.0096973258889215
2024-11-09,PROD_005,Nike Dri-FIT Miler,Running,Ropa Running,35,False,3,107.19,2024,11,9,Saturday,5,True,False,False,True,False,False,,False,False,True,False,False,False,45,4,314,52,False,9,False,False,3.0,3.0,3.0,3.0,3.0,3.0,3.0,3.0,-2.085714285714277,1.099046447247001
2024-11-10,PROD_005,Nike Dri-FIT Miler,Running,Ropa Running,35,False,3,106.77,2024,11,10,Sunday,6,True,False,False,False,True,False,,False,False,True,False,False,False,45,4,315,51,False,10,False,False,3.0,3.0,3.0,3.0,3.0,3.0,3.0,3.0,-1.6857142857142955,1.0217224880382776
2024-11-11,PROD_005,Nike Dri-FIT Miler,Running,Ropa Running,35,False,3,107.28,2024,11,11,Monday,0,False,True,False,False,False,False,,False,False,True,False,False,False,46,4,316,50,False,11,False,False,3.0,3.0,3.0,3.0,3.0,3.0,3.0,3.0,-2.171428571428566,1.0761360216671683
2024-11-12,PROD_005,Nike Dri-FIT Miler,Running,Ropa Running,35,False,3,102.81,2024,11,12,Tuesday,1,False,False,False,False,False,False,,False,False,True,False,False,False,46,4,317,49,False,12,False,False,3.0,3.0,3.0,3.0,3.0,3.0,3.0,3.0,2.085714285714277,1.008435507601766
2024-11-13,PROD_005,Nike Dri-FIT Miler,Running,Ropa Running,35,False,3,107.79,2024,11,13,Wednesday,2,False,False,False,False,False,False,,False,False,True,False,False,False,46,4,318,48,False,13,False,False,3.0,3.0,3.0,3.0,3.0,3.0,3.0,3.0,-2.657142857142856,1.0571792859945075
2024-11-14,PROD_005,Nike Dri-FIT Miler,Running,Ropa Running,35,False,2,70.52,2024,11,14,Thursday,3,False,False,False,False,False,False,,False,False,True,False,False,False,46,4,319,47,False,14,False,False,3.0,3.0,3.0,3.0,3.0,3.0,3.0,3.0,-0.7428571428571372,0.9981128514814115
2024-11-15,PROD_005,Nike Dri-FIT Miler,Running,Ropa Running,35,False,4,142.32,2024,11,15,Friday,4,False,False,True,False,False,False,,False,False,True,False,False,False,46,4,320,46,False,15,False,False,2.0,3.0,3.0,3.0,3.0,3.0,3.0,2.857142857142857,-1.6571428571428521,1.015990862364363
2024-11-16,PROD_005,Nike Dri-FIT Miler,Running,Ropa Running,35,False,4,137.32,2024,11,16,Saturday,5,True,False,False,True,False,False,,False,False,True,False,False,False,46,4,321,45,False,16,False,False,4.0,2.0,3.0,3.0,3.0,3.0,3.0,3.0,1.914285714285719,0.9979651162790698
2024-11-17,PROD_005,Nike Dri-FIT Miler,Running,Ropa Running,35,False,3,104.4,2024,11,17,Sunday,6,True,False,False,False,True,False,,False,False,True,False,False,False,46,4,322,44,False,17,False,False,4.0,4.0,2.0,3.0,3.0,3.0,3.0,3.142857142857143,0.5714285714285796,1.036331149493746
2024-11-18,PROD_005,Nike Dri-FIT Miler,Running,Ropa Running,35,False,2,69.18,2024,11,18,Monday,0,False,True,False,False,False,False,,False,False,True,False,False,False,47,4,323,43,False,18,False,False,3.0,4.0,4.0,2.0,3.0,3.0,3.0,3.142857142857143,1.1714285714285617,1.0599591419816141
2024-11-19,PROD_005,Nike Dri-FIT Miler,Running,Ropa Running,35,False,3,105.84,2024,11,19,Tuesday,1,False,False,False,False,False,False,,False,False,True,False,False,False,47,4,324,42,False,19,False,False,2.0,3.0,4.0,4.0,2.0,3.0,3.0,3.0,-0.8000000000000033,1.0436840548269402
2024-11-20,PROD_005,Nike Dri-FIT Miler,Running,Ropa Running,35,False,2,72.06,2024,11,20,Wednesday,2,False,False,False,False,False,False,,False,False,True,False,False,False,47,4,325,41,False,20,False,False,3.0,2.0,3.0,4.0,4.0,2.0,3.0,3.0,-2.942857142857146,1.098252387726072
2024-11-21,PROD_005,Nike Dri-FIT Miler,Running,Ropa Running,35,False,3,105.3,2024,11,21,Thursday,3,False,False,False,False,False,False,,False,False,True,False,False,False,47,4,326,40,False,21,False,False,2.0,3.0,2.0,3.0,4.0,4.0,2.0,2.857142857142857,-0.2857142857142898,1.0553217077570656
2024-11-22,PROD_005,Nike Dri-FIT Miler,Running,Ropa Running,35,False,3,102.12,2024,11,22,Friday,4,False,False,True,False,False,False,,False,False,True,False,False,False,47,4,327,39,False,22,False,False,3.0,2.0,3.0,2.0,3.0,4.0,4.0,3.0,2.742857142857145,0.994062104545897
2024-11-23,PROD_005,Nike Dri-FIT Miler,Running,Ropa Running,35,False,5,170.05,2024,11,23,Saturday,5,True,False,False,True,False,False,,False,False,True,False,False,False,47,4,328,38,False,23,False,False,3.0,3.0,2.0,3.0,2.0,3.0,4.0,2.857142857142857,2.828571428571434,0.9857018645541494
2024-11-24,PROD_005,Nike Dri-FIT Miler,Running,Ropa Running,35,False,3,104.13,2024,11,24,Sunday,6,True,False,False,False,True,False,,False,False,True,False,False,False,47,4,329,37,False,24,False,False,5.0,3.0,3.0,2.0,3.0,2.0,3.0,3.0,0.8285714285714261,1.0260124150162577
2024-11-25,PROD_005,Nike Dri-FIT Miler,Running,Ropa Running,35,False,2,71.28,2024,11,25,Monday,0,False,True,False,False,False,False,,False,False,True,False,False,False,48,4,330,36,False,25,False,False,3.0,5.0,3.0,3.0,2.0,3.0,2.0,3.0,-1.82857142857143,1.0540220820189274
2024-11-26,PROD_005,Nike Dri-FIT Miler,Running,Ropa Running,35,False,4,136.92,2024,11,26,Tuesday,1,False,False,False,False,False,False,,False,False,True,False,False,False,48,4,331,35,False,26,False,False,2.0,3.0,5.0,3.0,3.0,2.0,3.0,3.0,2.200000000000009,0.9879738310563786
2024-11-27,PROD_005,Nike Dri-FIT Miler,Running,Ropa Running,35,False,4,143.08,2024,11,27,Wednesday,2,False,False,False,False,False,False,,False,False,True,False,False,False,48,4,332,34,False,27,False,False,4.0,2.0,3.0,5.0,3.0,3.0,2.0,3.142857142857143,-2.200000000000009,1.080664652567976
2024-11-28,PROD_005,Nike Dri-FIT Miler,Running,Ropa Running,35,False,3,106.71,2024,11,28,Thursday,3,False,False,False,False,False,False,,False,False,True,False,False,False,48,4,333,33,False,28,True,False,4.0,4.0,2.0,3.0,5.0,3.0,3.0,3.4285714285714284,-1.6285714285714292,1.0362206253641486
2024-11-29,PROD_005,Nike Dri-FIT Miler,Running,Ropa Running,35,False,14,416.5,2024,11,29,Friday,4,False,False,True,False,False,False,,True,False,True,False,False,False,48,4,334,32,False,29,True,False,3.0,4.0,4.0,2.0,3.0,5.0,3.0,3.4285714285714284,15.0,0.9873879853966147
2024-11-30,PROD_005,Nike Dri-FIT Miler,Running,Ropa Running,35,False,12,369.6,2024,11,30,Saturday,5,True,False,False,True,False,False,,False,False,True,False,False,False,48,4,335,31,False,30,True,False,14.0,3.0,4.0,4.0,2.0,3.0,5.0,5.0,11.999999999999998,0.8870967741935485
2021-11-01,PROD_006,Adidas Own The Run Jacket,Running,Ropa Running,65,False,2,129.34,2021,11,1,Monday,0,False,True,False,False,False,True,Todos los Santos,False,False,True,False,False,False,44,4,305,60,False,1,False,True,2.0,3.0,2.0,2.0,2.0,2.0,2.0,2.142857142857143,0.5076923076923051,1.017890870933893
2021-11-02,PROD_006,Adidas Own The Run Jacket,Running,Ropa Running,65,False,2,126.76,2021,11,2,Tuesday,1,False,False,False,False,False,False,,False,False,True,False,False,False,44,4,306,59,False,2,False,True,2.0,2.0,3.0,2.0,2.0,2.0,2.0,2.142857142857143,2.4923076923076883,1.0455870222711026
2021-11-03,PROD_006,Adidas Own The Run Jacket,Running,Ropa Running,65,False,2,132.7,2021,11,3,Wednesday,2,False,False,False,False,False,False,,False,False,True,False,False,False,44,4,307,58,False,3,False,True,2.0,2.0,2.0,3.0,2.0,2.0,2.0,2.142857142857143,-2.076923076923068,1.078803316893393
2021-11-04,PROD_006,Adidas Own The Run Jacket,Running,Ropa Running,65,False,3,189.21,2021,11,4,Thursday,3,False,False,False,False,False,False,,False,False,True,False,False,False,44,4,308,57,False,4,False,False,2.0,2.0,2.0,2.0,3.0,2.0,2.0,2.142857142857143,2.969230769230769,1.0378476221819977
2021-11-05,PROD_006,Adidas Own The Run Jacket,Running,Ropa Running,65,False,2,129.3,2021,11,5,Friday,4,False,False,True,False,False,False,,False,False,True,False,False,False,44,4,309,56,False,5,False,False,3.0,2.0,2.0,2.0,2.0,3.0,2.0,2.2857142857142856,0.5384615384615297,0.9986098239110287
2021-11-06,PROD_006,Adidas Own The Run Jacket,Running,Ropa Running,65,False,2,129.3,2021,11,6,Saturday,5,True,False,False,True,False,False,,False,False,True,False,False,False,44,4,310,55,False,6,False,False,2.0,3.0,2.0,2.0,2.0,2.0,3.0,2.2857142857142856,0.5384615384615297,0.9910577414409811
2021-11-07,PROD_006,Adidas Own The Run Jacket,Running,Ropa Running,65,False,2,128.68,2021,11,7,Sunday,6,True,False,False,False,True,False,,False,False,True,False,False,False,44,4,311,54,False,7,False,False,2.0,2.0,3.0,2.0,2.0,2.0,2.0,2.142857142857143,1.0153846153846102,1.0123249593538575
2021-11-08,PROD_006,Adidas Own The Run Jacket,Running,Ropa Running,65,False,2,130.04,2021,11,8,Monday,0,False,True,False,False,False,False,,False,False,True,False,False,False,45,4,312,53,False,8,False,False,2.0,2.0,2.0,3.0,2.0,2.0,2.0,2.142857142857143,-0.03076923076922465,1.0665427306030948
2021-11-09,PROD_006,Adidas Own The Run Jacket,Running,Ropa Running,65,False,2,132.62,2021,11,9,Tuesday,1,False,False,False,False,False,False,,False,False,True,False,False,False,45,4,313,52,False,9,False,False,2.0,2.0,2.0,2.0,3.0,2.0,2.0,2.142857142857143,-2.015384615384619,1.0192130341223486
2021-11-10,PROD_006,Adidas Own The Run Jacket,Running,Ropa Running,65,False,2,126.48,2021,11,10,Wednesday,2,False,False,False,False,False,False,,False,False,True,False,False,False,45,4,314,51,False,10,False,False,2.0,2.0,2.0,2.0,2.0,3.0,2.0,2.142857142857143,2.7076923076923047,0.9942354050938058
2021-11-11,PROD_006,Adidas Own The Run Jacket,Running,Ropa Running,65,False,2,127.62,2021,11,11,Thursday,3,False,False,False,False,False,False,,False,False,True,False,False,False,45,4,315,50,False,11,False,False,2.0,2.0,2.0,2.0,2.0,2.0,3.0,2.142857142857143,1.8307692307692272,1.0138226882745474
2021-11-12,PROD_006,Adidas Own The Run Jacket,Running,Ropa Running,65,False,2,131.32,2021,11,12,Friday,4,False,False,True,False,False,False,,False,False,True,False,False,False,45,4,316,49,False,12,False,False,2.0,2.0,2.0,2.0,2.0,2.0,2.0,2.0,-1.0153846153846102,1.0221576462041408
2021-11-13,PROD_006,Adidas Own The Run Jacket,Running,Ropa Running,65,False,3,189.45,2021,11,13,Saturday,5,True,False,False,True,False,False,,False,False,True,False,False,False,45,4,317,48,False,13,False,False,2.0,2.0,2.0,2.0,2.0,2.0,2.0,2.0,2.8461538461538485,1.0629523649217303
2021-11-14,PROD_006,Adidas Own The Run Jacket,Running,Ropa Running,65,False,2,127.18,2021,11,14,Sunday,6,True,False,False,False,True,False,,False,False,True,False,False,False,45,4,318,47,False,14,False,False,3.0,2.0,2.0,2.0,2.0,2.0,2.0,2.142857142857143,2.1692307692307637,1.048359619717536
2021-11-15,PROD_006,Adidas Own The Run Jacket,Running,Ropa Running,65,False,2,133.06,2021,11,15,Monday,0,False,True,False,False,False,False,,False,False,True,False,False,False,46,4,319,46,False,15,False,False,2.0,3.0,2.0,2.0,2.0,2.0,2.0,2.142857142857143,-2.3538461538461557,1.0649911957739715
2021-11-16,PROD_006,Adidas Own The Run Jacket,Running,Ropa Running,65,False,2,131.62,2021,11,16,Tuesday,1,False,False,False,False,False,False,,False,False,True,False,False,False,46,4,320,45,False,16,False,False,2.0,2.0,3.0,2.0,2.0,2.0,2.0,2.142857142857143,-1.2461538461538497,1.0641979301423028
2021-11-17,PROD_006,Adidas Own The Run Jacket,Running,Ropa Running,65,False,2,126.9,2021,11,17,Wednesday,2,False,False,False,False,False,False,,False,False,True,False,False,False,46,4,321,44,False,17,False,False,2.0,2.0,2.0,3.0,2.0,2.0,2.0,2.142857142857143,2.38461538461538,0.9987931577290377
2021-11-18,PROD_006,Adidas Own The Run Jacket,Running,Ropa Running,65,False,2,128.56,2021,11,18,Thursday,3,False,False,False,False,False,False,,False,False,True,False,False,False,46,4,322,43,False,18,False,False,2.0,2.0,2.0,2.0,3.0,2.0,2.0,2.142857142857143,1.107692307692306,0.99361088211047
2021-11-19,PROD_006,Adidas Own The Run Jacket,Running,Ropa Running,65,False,3,194.52,2021,11,19,Friday,4,False,False,True,False,False,False,,False,False,True,False,False,False,46,4,323,42,False,19,False,False,2.0,2.0,2.0,2.0,2.0,3.0,2.0,2.142857142857143,0.24615384615384092,1.0120707596253904
2021-11-20,PROD_006,Adidas Own The Run Jacket,Running,Ropa Running,65,False,3,191.1,2021,11,20,Saturday,5,True,False,False,True,False,False,,False,False,True,False,False,False,46,4,324,41,False,20,False,False,3.0,2.0,2.0,2.0,2.0,2.0,3.0,2.2857142857142856,1.9999999999999956,1.0460915261659736
2021-11-21,PROD_006,Adidas Own The Run Jacket,Running,Ropa Running,65,False,2,128.36,2021,11,21,Sunday,6,True,False,False,False,True,False,,False,False,True,False,False,False,46,4,325,40,False,21,False,False,3.0,3.0,2.0,2.0,2.0,2.0,2.0,2.2857142857142856,1.261538461538451,1.0085380545806926
2021-11-22,PROD_006,Adidas Own The Run Jacket,Running,Ropa Running,65,False,2,129.3,2021,11,22,Monday,0,False,True,False,False,False,False,,False,False,True,False,False,False,47,4,326,39,False,22,False,False,2.0,3.0,3.0,2.0,2.0,2.0,2.0,2.2857142857142856,0.5384615384615297,1.015657729367407
2021-11-23,PROD_006,Adidas Own The Run Jacket,Running,Ropa Running,65,False,3,197.52,2021,11,23,Tuesday,1,False,False,False,False,False,False,,False,False,True,False,False,False,47,4,327,38,False,23,False,False,2.0,2.0,3.0,3.0,2.0,2.0,2.0,2.2857142857142856,-1.2923076923076977,1.0458540717992166
2021-11-24,PROD_006,Adidas Own The Run Jacket,Running,Ropa Running,65,False,2,132.9,2021,11,24,Wednesday,2,False,False,False,False,False,False,,False,False,True,False,False,False,47,4,328,37,False,24,False,False,3.0,2.0,2.0,3.0,3.0,2.0,2.0,2.4285714285714284,-2.2307692307692353,1.06121905775885
2021-11-25,PROD_006,Adidas Own The Run Jacket,Running,Ropa Running,65,False,3,192.51,2021,11,25,Thursday,3,False,False,False,False,False,False,,False,False,True,False,False,False,47,4,329,36,False,25,False,False,2.0,3.0,2.0,2.0,3.0,3.0,2.0,2.4285714285714284,1.2769230769230744,0.9932923997729735
2021-11-26,PROD_006,Adidas Own The Run Jacket,Running,Ropa Running,65,False,12,663.0,2021,11,26,Friday,4,False,False,True,False,False,False,,True,False,True,False,False,False,47,4,330,35,False,26,False,False,3.0,2.0,3.0,2.0,2.0,3.0,3.0,2.5714285714285716,15.0,0.9534081104400344
2021-11-27,PROD_006,Adidas Own The Run Jacket,Running,Ropa Running,65,False,12,686.4,2021,11,27,Saturday,5,True,False,False,True,False,False,,False,False,True,False,False,False,47,4,331,34,False,27,False,False,12.0,3.0,2.0,3.0,2.0,2.0,3.0,3.857142857142857,11.999999999999995,0.9094763620945516
2021-11-28,PROD_006,Adidas Own The Run Jacket,Running,Ropa Running,65,False,10,572.0,2021,11,28,Sunday,6,True,False,False,False,True,False,,False,False,True,False,False,False,47,4,332,33,False,28,True,False,12.0,12.0,3.0,2.0,3.0,2.0,2.0,5.142857142857143,11.999999999999995,0.9476997846136854
2021-11-29,PROD_006,Adidas Own The Run Jacket,Running,Ropa Running,65,False,7,386.75,2021,11,29,Monday,0,False,True,False,False,False,False,,False,True,True,False,False,False,48,4,333,32,False,29,True,False,10.0,12.0,12.0,3.0,2.0,3.0,2.0,6.285714285714286,15.0,0.8842829705505763
2021-11-30,PROD_006,Adidas Own The Run Jacket,Running,Ropa Running,65,False,5,299.0,2021,11,30,Tuesday,1,False,False,False,False,False,False,,False,False,True,False,False,False,48,4,334,31,False,30,True,False,7.0,10.0,12.0,12.0,3.0,2.0,3.0,7.0,8.000000000000004,0.9404487313902286
2022-10-25,PROD_006,Adidas Own The Run Jacket,Running,Ropa Running,65,False,2,128.88,2022,10,25,Tuesday,1,False,False,False,False,False,False,,False,False,False,False,False,False,43,4,298,67,True,25,False,False,5.0,7.0,10.0,12.0,12.0,3.0,2.0,7.285714285714286,0.8615384615384649,1.0120406240184274
2022-10-26,PROD_006,Adidas Own The Run Jacket,Running,Ropa Running,65,False,2,133.68,2022,10,26,Wednesday,2,False,False,False,False,False,False,,False,False,False,False,False,False,43,4,299,66,True,26,False,False,2.0,5.0,7.0,10.0,12.0,12.0,3.0,7.285714285714286,-2.830769230769236,1.0704676489429854
2022-10-27,PROD_006,Adidas Own The Run Jacket,Running,Ropa Running,65,False,2,131.9,2022,10,27,Thursday,3,False,False,False,False,False,False,,False,False,False,False,False,False,43,4,300,65,True,27,False,False,2.0,2.0,5.0,7.0,10.0,12.0,12.0,7.142857142857143,-1.461538461538466,1.021635856655995
2022-10-28,PROD_006,Adidas Own The Run Jacket,Running,Ropa Running,65,False,2,130.3,2022,10,28,Friday,4,False,False,True,False,False,False,,False,False,False,False,False,False,43,4,301,64,True,28,True,False,2.0,2.0,2.0,5.0,7.0,10.0,12.0,5.714285714285714,-0.2307692307692395,1.0426224261175718
2022-10-29,PROD_006,Adidas Own The Run Jacket,Running,Ropa Running,65,False,2,129.26,2022,10,29,Saturday,5,True,False,False,True,False,False,,False,False,False,False,False,False,43,4,302,63,True,29,True,False,2.0,2.0,2.0,2.0,5.0,7.0,10.0,4.285714285714286,0.5692307692307762,1.0009808982963346
2022-10-30,PROD_006,Adidas Own The Run Jacket,Running,Ropa Running,65,False,2,132.92,2022,10,30,Sunday,6,True,False,False,False,True,False,,False,False,False,False,False,False,43,4,303,62,True,30,True,False,2.0,2.0,2.0,2.0,2.0,5.0,7.0,3.142857142857143,-2.2461538461538364,1.0787209868527836
2022-10-31,PROD_006,Adidas Own The Run Jacket,Running,Ropa Running,65,False,2,133.14,2022,10,31,Monday,0,False,True,False,False,False,False,,False,False,False,False,False,False,44,4,304,61,True,31,True,False,2.0,2.0,2.0,2.0,2.0,2.0,5.0,2.4285714285714284,-2.415384615384605,1.0363777893098078
2022-11-01,PROD_006,Adidas Own The Run Jacket,Running,Ropa Running,65,False,2,130.7,2022,11,1,Tuesday,1,False,False,False,False,False,True,Todos los Santos,False,False,True,False,False,False,44,4,305,60,False,1,False,True,2.0,2.0,2.0,2.0,2.0,2.0,2.0,2.0,-0.5384615384615297,1.0609340332269062
2022-11-02,PROD_006,Adidas Own The Run Jacket,Running,Ropa Running,65,False,2,129.3,2022,11,2,Wednesday,2,False,False,False,False,False,False,,False,False,True,False,False,False,44,4,306,59,False,2,False,True,2.0,2.0,2.0,2.0,2.0,2.0,2.0,2.0,0.5384615384615297,1.052702996092054
2022-11-03,PROD_006,Adidas Own The Run Jacket,Running,Ropa Running,65,False,2,129.64,2022,11,3,Thursday,3,False,False,False,False,False,False,,False,False,True,False,False,False,44,4,307,58,False,3,False,True,2.0,2.0,2.0,2.0,2.0,2.0,2.0,2.0,0.2769230769230874,1.022504995267641
2022-11-04,PROD_006,Adidas Own The Run Jacket,Running,Ropa Running,65,False,2,128.78,2022,11,4,Friday,4,False,False,True,False,False,False,,False,False,True,False,False,False,44,4,308,57,False,4,False,False,2.0,2.0,2.0,2.0,2.0,2.0,2.0,2.0,0.9384615384615377,1.032884183509785
2022-11-05,PROD_006,Adidas Own The Run Jacket,Running,Ropa Running,65,False,3,198.45,2022,11,5,Saturday,5,True,False,False,True,False,False,,False,False,True,False,False,False,44,4,309,56,False,5,False,False,2.0,2.0,2.0,2.0,2.0,2.0,2.0,2.0,-1.769230769230778,1.0160249846405898
2022-11-06,PROD_006,Adidas Own The Run Jacket,Running,Ropa Running,65,False,3,190.35,2022,11,6,Sunday,6,True,False,False,False,True,False,,False,False,True,False,False,False,44,4,310,55,False,6,False,False,3.0,2.0,2.0,2.0,2.0,2.0,2.0,2.142857142857143,2.38461538461538,1.005971884578797
2022-11-07,PROD_006,Adidas Own The Run Jacket,Running,Ropa Running,65,False,2,133.14,2022,11,7,Monday,0,False,True,False,False,False,False,,False,False,True,False,False,False,45,4,311,54,False,7,False,False,3.0,3.0,2.0,2.0,2.0,2.0,2.0,2.2857142857142856,-2.415384615384605,1.0773587959216702
2022-11-08,PROD_006,Adidas Own The Run Jacket,Running,Ropa Running,65,False,2,133.12,2022,11,8,Tuesday,1,False,False,False,False,False,False,,False,False,True,False,False,False,45,4,312,53,False,8,False,False,2.0,3.0,3.0,2.0,2.0,2.0,2.0,2.2857142857142856,-2.4000000000000035,1.0785351625796695
2022-11-09,PROD_006,Adidas Own The Run Jacket,Running,Ropa Running,65,False,3,190.95,2022,11,9,Wednesday,2,False,False,False,False,False,False,,False,False,True,False,False,False,45,4,313,52,False,9,False,False,2.0,2.0,3.0,3.0,2.0,2.0,2.0,2.2857142857142856,2.076923076923079,0.9813948707406074
2022-11-10,PROD_006,Adidas Own The Run Jacket,Running,Ropa Running,65,False,2,133.54,2022,11,10,Thursday,3,False,False,False,False,False,False,,False,False,True,False,False,False,45,4,314,51,False,10,False,False,3.0,2.0,2.0,3.0,3.0,2.0,2.0,2.4285714285714284,-2.723076923076917,1.0474273164609913
2022-11-11,PROD_006,Adidas Own The Run Jacket,Running,Ropa Running,65,False,3,200.52,2022,11,11,Friday,4,False,False,True,False,False,False,,False,False,True,False,False,False,45,4,315,50,False,11,False,False,2.0,3.0,2.0,2.0,3.0,3.0,2.0,2.4285714285714284,-2.830769230769236,1.085828775653869
2022-11-12,PROD_006,Adidas Own The Run Jacket,Running,Ropa Running,65,False,3,198.42,2022,11,12,Saturday,5,True,False,False,True,False,False,,False,False,True,False,False,False,45,4,316,49,False,12,False,False,3.0,2.0,3.0,2.0,2.0,3.0,3.0,2.5714285714285716,-1.7538461538461547,1.0411375800188896
2022-11-13,PROD_006,Adidas Own The Run Jacket,Running,Ropa Running,65,False,2,130.3,2022,11,13,Sunday,6,True,False,False,False,True,False,,False,False,True,False,False,False,45,4,317,48,False,13,False,False,3.0,3.0,2.0,3.0,2.0,2.0,3.0,2.5714285714285716,-0.2307692307692395,1.0478769032811495
2022-11-14,PROD_006,Adidas Own The Run Jacket,Running,Ropa Running,65,False,3,190.47,2022,11,14,Monday,0,False,True,False,False,False,False,,False,False,True,False,False,False,46,4,318,47,False,14,False,False,2.0,3.0,3.0,2.0,3.0,2.0,2.0,2.4285714285714284,2.32307692307692,0.9772703950743972
2022-11-15,PROD_006,Adidas Own The Run Jacket,Running,Ropa Running,65,False,2,128.82,2022,11,15,Tuesday,1,False,False,False,False,False,False,,False,False,True,False,False,False,46,4,319,46,False,15,False,False,3.0,2.0,3.0,3.0,2.0,3.0,2.0,2.5714285714285716,0.907692307692313,1.0353640893746985
2022-11-16,PROD_006,Adidas Own The Run Jacket,Running,Ropa Running,65,False,2,130.34,2022,11,16,Wednesday,2,False,False,False,False,False,False,,False,False,True,False,False,False,46,4,320,45,False,16,False,False,2.0,3.0,2.0,3.0,3.0,2.0,3.0,2.5714285714285716,-0.26153846153846416,1.0669613621480025
2022-11-17,PROD_006,Adidas Own The Run Jacket,Running,Ropa Running,65,False,2,131.22,2022,11,17,Thursday,3,False,False,False,False,False,False,,False,False,True,False,False,False,46,4,321,44,False,17,False,False,2.0,2.0,3.0,2.0,3.0,3.0,2.0,2.4285714285714284,-0.9384615384615377,1.02515625
2022-11-18,PROD_006,Adidas Own The Run Jacket,Running,Ropa Running,65,False,3,193.11,2022,11,18,Friday,4,False,False,True,False,False,False,,False,False,True,False,False,False,46,4,322,43,False,18,False,False,2.0,2.0,2.0,3.0,2.0,3.0,3.0,2.4285714285714284,0.9692307692307621,1.0453069178304644
2022-11-19,PROD_006,Adidas Own The Run Jacket,Running,Ropa Running,65,False,3,200.61,2022,11,19,Saturday,5,True,False,False,True,False,False,,False,False,True,False,False,False,46,4,323,42,False,19,False,False,3.0,2.0,2.0,2.0,3.0,2.0,3.0,2.4285714285714284,-2.876923076923084,1.095212098050991
2022-11-20,PROD_006,Adidas Own The Run Jacket,Running,Ropa Running,65,False,2,128.34,2022,11,20,Sunday,6,True,False,False,False,True,False,,False,False,True,False,False,False,46,4,324,41,False,20,False,False,3.0,3.0,2.0,2.0,2.0,3.0,2.0,2.4285714285714284,1.2769230769230744,0.9884980744544287
2022-11-21,PROD_006,Adidas Own The Run Jacket,Running,Ropa Running,65,False,2,127.9,2022,11,21,Monday,0,False,True,False,False,False,False,,False,False,True,False,False,False,47,4,325,40,False,21,False,False,2.0,3.0,3.0,2.0,2.0,2.0,3.0,2.4285714285714284,1.615384615384611,1.041644043870127
2022-11-22,PROD_006,Adidas Own The Run Jacket,Running,Ropa Running,65,False,3,200.1,2022,11,22,Tuesday,1,False,False,False,False,False,False,,False,False,True,False,False,False,47,4,326,39,False,22,False,False,2.0,2.0,3.0,3.0,2.0,2.0,2.0,2.2857142857142856,-2.61538461538462,1.067655533027425
2022-11-23,PROD_006,Adidas Own The Run Jacket,Running,Ropa Running,65,False,3,193.17,2022,11,23,Wednesday,2,False,False,False,False,False,False,,False,False,True,False,False,False,47,4,327,38,False,23,False,False,3.0,2.0,2.0,3.0,3.0,2.0,2.0,2.4285714285714284,0.9384615384615377,1.0346545259775042
2022-11-24,PROD_006,Adidas Own The Run Jacket,Running,Ropa Running,65,False,3,190.38,2022,11,24,Thursday,3,False,False,False,False,False,False,,False,False,True,False,False,False,47,4,328,37,False,24,False,False,3.0,3.0,2.0,2.0,3.0,3.0,2.0,2.5714285714285716,2.369230769230768,0.9988457502623296
2022-11-25,PROD_006,Adidas Own The Run Jacket,Running,Ropa Running,65,False,13,718.25,2022,11,25,Friday,4,False,False,True,False,False,False,,True,False,True,False,False,False,47,4,329,36,False,25,False,False,3.0,3.0,3.0,2.0,2.0,3.0,3.0,2.7142857142857144,15.0,0.9986142908784192
2022-11-26,PROD_006,Adidas Own The Run Jacket,Running,Ropa Running,65,False,11,629.2,2022,11,26,Saturday,5,True,False,False,True,False,False,,False,False,True,False,False,False,47,4,330,35,False,26,False,False,13.0,3.0,3.0,3.0,2.0,2.0,3.0,4.142857142857143,11.999999999999995,0.9151511919364301
2022-11-27,PROD_006,Adidas Own The Run Jacket,Running,Ropa Running,65,False,9,514.8,2022,11,27,Sunday,6,True,False,False,False,True,False,,False,False,True,False,False,False,47,4,331,34,False,27,False,False,11.0,13.0,3.0,3.0,3.0,2.0,2.0,5.285714285714286,11.999999999999995,0.8961303462321792
2022-11-28,PROD_006,Adidas Own The Run Jacket,Running,Ropa Running,65,False,10,552.5,2022,11,28,Monday,0,False,True,False,False,False,False,,False,True,True,False,False,False,48,4,332,33,False,28,True,False,9.0,11.0,13.0,3.0,3.0,3.0,2.0,6.285714285714286,15.0,0.8827288704265858
2022-11-29,PROD_006,Adidas Own The Run Jacket,Running,Ropa Running,65,False,5,299.0,2022,11,29,Tuesday,1,False,False,False,False,False,False,,False,False,True,False,False,False,48,4,333,32,False,29,True,False,10.0,9.0,11.0,13.0,3.0,3.0,3.0,7.428571428571429,8.000000000000004,0.9414851744948831
2022-11-30,PROD_006,Adidas Own The Run Jacket,Running,Ropa Running,65,False,5,299.0,2022,11,30,Wednesday,2,False,False,False,False,False,False,,False,False,True,False,False,False,48,4,334,31,False,30,True,False,5.0,10.0,9.0,11.0,13.0,3.0,3.0,7.714285714285714,8.000000000000004,0.9559842267931364
2023-10-25,PROD_006,Adidas Own The Run Jacket,Running,Ropa Running,65,False,2,126.24,2023,10,25,Wednesday,2,False,False,False,False,False,False,,False,False,False,False,False,False,43,4,298,67,True,25,False,False,5.0,5.0,10.0,9.0,11.0,13.0,3.0,8.0,2.8923076923076962,0.997051390058972
2023-10-26,PROD_006,Adidas Own The Run Jacket,Running,Ropa Running,65,False,2,129.44,2023,10,26,Thursday,3,False,False,False,False,False,False,,False,False,False,False,False,False,43,4,299,66,True,26,False,False,2.0,5.0,5.0,10.0,9.0,11.0,13.0,7.857142857142857,0.43076923076923246,1.0563656147986942
2023-10-27,PROD_006,Adidas Own The Run Jacket,Running,Ropa Running,65,False,3,195.45,2023,10,27,Friday,4,False,False,True,False,False,False,,False,False,False,False,False,False,43,4,300,65,True,27,False,False,2.0,2.0,5.0,5.0,10.0,9.0,11.0,6.285714285714286,-0.2307692307692395,1.0117506988301068
2023-10-28,PROD_006,Adidas Own The Run Jacket,Running,Ropa Running,65,False,3,190.65,2023,10,28,Saturday,5,True,False,False,True,False,False,,False,False,False,False,False,False,43,4,301,64,True,28,True,False,3.0,2.0,2.0,5.0,5.0,10.0,9.0,5.142857142857143,2.2307692307692353,1.0040023171309707
2023-10-29,PROD_006,Adidas Own The Run Jacket,Running,Ropa Running,65,False,3,199.29,2023,10,29,Sunday,6,True,False,False,False,True,False,,False,False,False,False,False,False,43,4,302,63,True,29,True,False,3.0,3.0,2.0,2.0,5.0,5.0,10.0,4.285714285714286,-2.200000000000011,1.0638445523941709
2023-10-30,PROD_006,Adidas Own The Run Jacket,Running,Ropa Running,65,False,2,128.46,2023,10,30,Monday,0,False,True,False,False,False,False,,False,False,False,False,False,False,44,4,303,62,True,30,True,False,3.0,3.0,3.0,2.0,2.0,5.0,5.0,3.2857142857142856,1.1846153846153784,1.0215777754214823
2023-10-31,PROD_006,Adidas Own The Run Jacket,Running,Ropa Running,65,False,2,130.2,2023,10,31,Tuesday,1,False,False,False,False,False,False,,False,False,False,False,False,False,44,4,304,61,True,31,True,False,2.0,3.0,3.0,3.0,2.0,2.0,5.0,2.857142857142857,-0.1538461538461451,1.0649435628987403
2023-11-01,PROD_006,Adidas Own The Run Jacket,Running,Ropa Running,65,False,2,132.22,2023,11,1,Wednesday,2,False,False,False,False,False,True,Todos los Santos,False,False,True,False,False,False,44,4,305,60,False,1,False,True,2.0,2.0,3.0,3.0,3.0,2.0,2.0,2.4285714285714284,-1.707692307692307,1.0670361005003497
2023-11-02,PROD_006,Adidas Own The Run Jacket,Running,Ropa Running,65,False,3,193.23,2023,11,2,Thursday,3,False,False,False,False,False,False,,False,False,True,False,False,False,44,4,306,59,False,2,False,True,2.0,2.0,2.0,3.0,3.0,3.0,2.0,2.4285714285714284,0.907692307692313,1.0521644432344133
2023-11-03,PROD_006,Adidas Own The Run Jacket,Running,Ropa Running,65,False,2,127.9,2023,11,3,Friday,4,False,False,True,False,False,False,,False,False,True,False,False,False,44,4,307,58,False,3,False,True,3.0,2.0,2.0,2.0,3.0,3.0,3.0,2.5714285714285716,1.615384615384611,1.0351804888577134
2023-11-04,PROD_006,Adidas Own The Run Jacket,Running,Ropa Running,65,False,3,191.19,2023,11,4,Saturday,5,True,False,False,True,False,False,,False,False,True,False,False,False,44,4,308,57,False,4,False,False,2.0,3.0,2.0,2.0,2.0,3.0,3.0,2.4285714285714284,1.953846153846159,1.0100908706677938
2023-11-05,PROD_006,Adidas Own The Run Jacket,Running,Ropa Running,65,False,3,197.34,2023,11,5,Sunday,6,True,False,False,False,True,False,,False,False,True,False,False,False,44,4,309,56,False,5,False,False,3.0,2.0,3.0,2.0,2.0,2.0,3.0,2.4285714285714284,-1.2000000000000017,1.0487882653061225
2023-11-06,PROD_006,Adidas Own The Run Jacket,Running,Ropa Running,65,False,2,127.36,2023,11,6,Monday,0,False,True,False,False,False,False,,False,False,True,False,False,False,45,4,310,55,False,6,False,False,3.0,3.0,2.0,3.0,2.0,2.0,2.0,2.4285714285714284,2.030769230769231,1.0244530244530243
2023-11-07,PROD_006,Adidas Own The Run Jacket,Running,Ropa Running,65,False,2,129.7,2023,11,7,Tuesday,1,False,False,False,False,False,False,,False,False,True,False,False,False,45,4,311,54,False,7,False,False,2.0,3.0,3.0,2.0,3.0,2.0,2.0,2.4285714285714284,0.2307692307692395,1.0356116256786967
2023-11-08,PROD_006,Adidas Own The Run Jacket,Running,Ropa Running,65,False,3,194.46,2023,11,8,Wednesday,2,False,False,False,False,False,False,,False,False,True,False,False,False,45,4,312,53,False,8,False,False,2.0,2.0,3.0,3.0,2.0,3.0,2.0,2.4285714285714284,0.2769230769230874,1.0336469462605642
2023-11-09,PROD_006,Adidas Own The Run Jacket,Running,Ropa Running,65,False,2,129.5,2023,11,9,Thursday,3,False,False,False,False,False,False,,False,False,True,False,False,False,45,4,313,52,False,9,False,False,3.0,2.0,2.0,3.0,3.0,2.0,3.0,2.5714285714285716,0.38461538461538464,1.0313246615343774
2023-11-10,PROD_006,Adidas Own The Run Jacket,Running,Ropa Running,65,False,3,196.59,2023,11,10,Friday,4,False,False,True,False,False,False,,False,False,True,False,False,False,45,4,314,51,False,10,False,False,2.0,3.0,2.0,2.0,3.0,3.0,2.0,2.4285714285714284,-0.8153846153846172,1.047530239249747
2023-11-11,PROD_006,Adidas Own The Run Jacket,Running,Ropa Running,65,False,3,191.76,2023,11,11,Saturday,5,True,False,False,True,False,False,,False,False,True,False,False,False,45,4,315,50,False,11,False,False,3.0,2.0,3.0,2.0,2.0,3.0,3.0,2.5714285714285716,1.6615384615384587,0.9995829858215179
2023-11-12,PROD_006,Adidas Own The Run Jacket,Running,Ropa Running,65,False,3,196.17,2023,11,12,Sunday,6,True,False,False,False,True,False,,False,False,True,False,False,False,45,4,316,49,False,12,False,False,3.0,3.0,2.0,3.0,2.0,2.0,3.0,2.5714285714285716,-0.6000000000000009,1.0191178762533117
2023-11-13,PROD_006,Adidas Own The Run Jacket,Running,Ropa Running,65,False,2,133.82,2023,11,13,Monday,0,False,True,False,False,False,False,,False,False,True,False,False,False,46,4,317,48,False,13,False,False,3.0,3.0,3.0,2.0,3.0,2.0,2.0,2.5714285714285716,-2.9384615384615334,1.0355447791993397
2023-11-14,PROD_006,Adidas Own The Run Jacket,Running,Ropa Running,65,False,2,126.18,2023,11,14,Tuesday,1,False,False,False,False,False,False,,False,False,True,False,False,False,46,4,318,47,False,14,False,False,2.0,3.0,3.0,3.0,2.0,3.0,2.0,2.5714285714285716,2.9384615384615334,0.9935433070866142
2023-11-15,PROD_006,Adidas Own The Run Jacket,Running,Ropa Running,65,False,2,128.48,2023,11,15,Wednesday,2,False,False,False,False,False,False,,False,False,True,False,False,False,46,4,319,46,False,15,False,False,2.0,2.0,3.0,3.0,3.0,2.0,3.0,2.5714285714285716,1.169230769230777,0.9919192958978845
2023-11-16,PROD_006,Adidas Own The Run Jacket,Running,Ropa Running,65,False,2,133.24,2023,11,16,Thursday,3,False,False,False,False,False,False,,False,False,True,False,False,False,46,4,320,45,False,16,False,False,2.0,2.0,2.0,3.0,3.0,3.0,2.0,2.4285714285714284,-2.4923076923076994,1.0804411287706779
2023-11-17,PROD_006,Adidas Own The Run Jacket,Running,Ropa Running,65,False,3,191.52,2023,11,17,Friday,4,False,False,True,False,False,False,,False,False,True,False,False,False,46,4,321,44,False,17,False,False,2.0,2.0,2.0,2.0,3.0,3.0,3.0,2.4285714285714284,1.7846153846153794,1.000522411451259
2023-11-18,PROD_006,Adidas Own The Run Jacket,Running,Ropa Running,65,False,3,190.23,2023,11,18,Saturday,5,True,False,False,True,False,False,,False,False,True,False,False,False,46,4,322,43,False,18,False,False,3.0,2.0,2.0,2.0,2.0,3.0,3.0,2.4285714285714284,2.4461538461538512,0.9983730450299148
2023-11-19,PROD_006,Adidas Own The Run Jacket,Running,Ropa Running,65,False,2,133.34,2023,11,19,Sunday,6,True,False,False,False,True,False,,False,False,True,False,False,False,46,4,323,42,False,19,False,False,3.0,3.0,2.0,2.0,2.0,2.0,3.0,2.4285714285714284,-2.569230769230772,1.0218668574056098
2023-11-20,PROD_006,Adidas Own The Run Jacket,Running,Ropa Running,65,False,2,129.92,2023,11,20,Monday,0,False,True,False,False,False,False,,False,False,True,False,False,False,47,4,324,41,False,20,False,False,2.0,3.0,3.0,2.0,2.0,2.0,2.0,2.2857142857142856,0.06153846153847116,0.9907977019675631
2023-11-21,PROD_006,Adidas Own The Run Jacket,Running,Ropa Running,65,False,3,200.22,2023,11,21,Tuesday,1,False,False,False,False,False,False,,False,False,True,False,False,False,47,4,325,40,False,21,False,False,2.0,2.0,3.0,3.0,2.0,2.0,2.0,2.2857142857142856,-2.676923076923069,1.0897512654438577
2023-11-22,PROD_006,Adidas Own The Run Jacket,Running,Ropa Running,65,False,4,259.12,2023,11,22,Wednesday,2,False,False,False,False,False,False,,False,False,True,False,False,False,47,4,326,39,False,22,False,False,3.0,2.0,2.0,3.0,3.0,2.0,2.0,2.4285714285714284,0.3384615384615367,1.0579205225911812
2023-11-23,PROD_006,Adidas Own The Run Jacket,Running,Ropa Running,65,False,2,133.28,2023,11,23,Thursday,3,False,False,False,False,False,False,,False,False,True,False,False,False,47,4,327,38,False,23,False,False,4.0,3.0,2.0,2.0,3.0,3.0,2.0,2.7142857142857144,-2.523076923076924,1.0765751211631664
2023-11-24,PROD_006,Adidas Own The Run Jacket,Running,Ropa Running,65,False,13,718.25,2023,11,24,Friday,4,False,False,True,False,False,False,,True,False,True,False,False,False,47,4,328,37,False,24,False,False,2.0,4.0,3.0,2.0,2.0,3.0,3.0,2.7142857142857144,15.0,0.9665286605632981
2023-11-25,PROD_006,Adidas Own The Run Jacket,Running,Ropa Running,65,False,15,858.0,2023,11,25,Saturday,5,True,False,False,True,False,False,,False,False,True,False,False,False,47,4,329,36,False,25,False,False,13.0,2.0,4.0,3.0,2.0,2.0,3.0,4.142857142857143,11.999999999999995,0.924867953002048
2023-11-26,PROD_006,Adidas Own The Run Jacket,Running,Ropa Running,65,False,10,572.0,2023,11,26,Sunday,6,True,False,False,False,True,False,,False,False,True,False,False,False,47,4,330,35,False,26,False,False,15.0,13.0,2.0,4.0,3.0,2.0,2.0,5.857142857142857,11.999999999999995,0.9373975745657162
2023-11-27,PROD_006,Adidas Own The Run Jacket,Running,Ropa Running,65,False,8,442.0,2023,11,27,Monday,0,False,True,False,False,False,False,,False,True,True,False,False,False,48,4,331,34,False,27,False,False,10.0,15.0,13.0,2.0,4.0,3.0,2.0,7.0,15.0,0.8521850899742931
2023-11-28,PROD_006,Adidas Own The Run Jacket,Running,Ropa Running,65,False,6,358.8,2023,11,28,Tuesday,1,False,False,False,False,False,False,,False,False,True,False,False,False,48,4,332,33,False,28,True,False,8.0,10.0,15.0,13.0,2.0,4.0,3.0,7.857142857142857,8.000000000000004,0.9517746299538435
2023-11-29,PROD_006,Adidas Own The Run Jacket,Running,Ropa Running,65,False,6,358.8,2023,11,29,Wednesday,2,False,False,False,False,False,False,,False,False,True,False,False,False,48,4,333,32,False,29,True,False,6.0,8.0,10.0,15.0,13.0,2.0,4.0,8.285714285714286,8.000000000000004,0.9201415602400369
2023-11-30,PROD_006,Adidas Own The Run Jacket,Running,Ropa Running,65,False,2,131.84,2023,11,30,Thursday,3,False,False,False,False,False,False,,False,False,True,False,False,False,48,4,334,31,False,30,True,False,6.0,6.0,8.0,10.0,15.0,13.0,2.0,8.571428571428571,-1.415384615384618,1.046017137416693
2024-10-25,PROD_006,Adidas Own The Run Jacket,Running,Ropa Running,65,False,3,191.55,2024,10,25,Friday,4,False,False,True,False,False,False,,False,False,False,False,False,False,43,4,299,67,True,25,False,False,2.0,6.0,6.0,8.0,10.0,15.0,13.0,8.571428571428571,1.769230769230767,1.034622447877282
2024-10-26,PROD_006,Adidas Own The Run Jacket,Running,Ropa Running,65,False,3,196.98,2024,10,26,Saturday,5,True,False,False,True,False,False,,False,False,False,False,False,False,43,4,300,66,True,26,False,False,3.0,2.0,6.0,6.0,8.0,10.0,15.0,7.142857142857143,-1.0153846153846102,1.0469862868076965
2024-10-27,PROD_006,Adidas Own The Run Jacket,Running,Ropa Running,65,False,2,127.58,2024,10,27,Sunday,6,True,False,False,False,True,False,,False,False,False,False,False,False,43,4,301,65,True,27,False,False,3.0,3.0,2.0,6.0,6.0,8.0,10.0,5.428571428571429,1.8615384615384627,1.031644204851752
2024-10-28,PROD_006,Adidas Own The Run Jacket,Running,Ropa Running,65,False,2,129.8,2024,10,28,Monday,0,False,True,False,False,False,False,,False,False,False,False,False,False,44,4,302,64,True,28,True,False,2.0,3.0,3.0,2.0,6.0,6.0,8.0,4.285714285714286,0.1538461538461451,1.036575626896662
2024-10-29,PROD_006,Adidas Own The Run Jacket,Running,Ropa Running,65,False,2,132.3,2024,10,29,Tuesday,1,False,False,False,False,False,False,,False,False,False,False,False,False,44,4,303,63,True,29,True,False,2.0,2.0,3.0,3.0,2.0,6.0,6.0,3.4285714285714284,-1.769230769230778,1.050500238208671
2024-10-30,PROD_006,Adidas Own The Run Jacket,Running,Ropa Running,65,False,2,132.28,2024,10,30,Wednesday,2,False,False,False,False,False,False,,False,False,False,False,False,False,44,4,304,62,True,30,True,False,2.0,2.0,2.0,3.0,3.0,2.0,6.0,2.857142857142857,-1.7538461538461547,1.0356490422255857
2024-10-31,PROD_006,Adidas Own The Run Jacket,Running,Ropa Running,65,False,2,131.54,2024,10,31,Thursday,3,False,False,False,False,False,False,,False,False,False,False,False,False,44,4,305,61,True,31,True,False,2.0,2.0,2.0,2.0,3.0,3.0,2.0,2.2857142857142856,-1.1846153846153784,1.031039347860166
2024-11-01,PROD_006,Adidas Own The Run Jacket,Running,Ropa Running,65,False,3,196.68,2024,11,1,Friday,4,False,False,True,False,False,True,Todos los Santos,False,False,True,False,False,False,44,4,306,60,False,1,False,True,2.0,2.0,2.0,2.0,2.0,3.0,3.0,2.2857142857142856,-0.8615384615384649,1.0212368243418661
2024-11-02,PROD_006,Adidas Own The Run Jacket,Running,Ropa Running,65,False,3,196.83,2024,11,2,Saturday,5,True,False,False,True,False,False,,False,False,True,False,False,False,44,4,307,59,False,2,False,True,3.0,2.0,2.0,2.0,2.0,2.0,3.0,2.2857142857142856,-0.9384615384615377,1.0598212362696533
2024-11-03,PROD_006,Adidas Own The Run Jacket,Running,Ropa Running,65,False,2,132.5,2024,11,3,Sunday,6,True,False,False,False,True,False,,False,False,True,False,False,False,44,4,308,58,False,3,False,True,3.0,3.0,2.0,2.0,2.0,2.0,2.0,2.2857142857142856,-1.9230769230769231,1.0732800518414516
2024-11-04,PROD_006,Adidas Own The Run Jacket,Running,Ropa Running,65,False,2,126.86,2024,11,4,Monday,0,False,True,False,False,False,False,,False,False,True,False,False,False,45,4,309,57,False,4,False,False,2.0,3.0,3.0,2.0,2.0,2.0,2.0,2.2857142857142856,2.4153846153846157,1.0115351903040612
2024-11-05,PROD_006,Adidas Own The Run Jacket,Running,Ropa Running,65,False,2,131.38,2024,11,5,Tuesday,1,False,False,False,False,False,False,,False,False,True,False,False,False,45,4,310,56,False,5,False,False,2.0,2.0,3.0,3.0,2.0,2.0,2.0,2.2857142857142856,-1.061538461538458,1.0308086619939323
2024-11-06,PROD_006,Adidas Own The Run Jacket,Running,Ropa Running,65,False,2,128.62,2024,11,6,Wednesday,2,False,False,False,False,False,False,,False,False,True,False,False,False,45,4,311,55,False,6,False,False,2.0,2.0,2.0,3.0,3.0,2.0,2.0,2.2857142857142856,1.061538461538458,0.9965907329924069
2024-11-07,PROD_006,Adidas Own The Run Jacket,Running,Ropa Running,65,False,2,128.3,2024,11,7,Thursday,3,False,False,False,False,False,False,,False,False,True,False,False,False,45,4,312,54,False,7,False,False,2.0,2.0,2.0,2.0,3.0,3.0,2.0,2.2857142857142856,1.307692307692299,1.0567788699137883
2024-11-08,PROD_006,Adidas Own The Run Jacket,Running,Ropa Running,65,False,3,191.73,2024,11,8,Friday,4,False,False,True,False,False,False,,False,False,True,False,False,False,45,4,313,53,False,8,False,False,2.0,2.0,2.0,2.0,2.0,3.0,3.0,2.2857142857142856,1.676923076923082,0.9921345407503233
2024-11-09,PROD_006,Adidas Own The Run Jacket,Running,Ropa Running,65,False,3,189.3,2024,11,9,Saturday,5,True,False,False,True,False,False,,False,False,True,False,False,False,45,4,314,52,False,9,False,False,3.0,2.0,2.0,2.0,2.0,2.0,3.0,2.2857142857142856,2.923076923076921,1.0082556591211718
2024-11-10,PROD_006,Adidas Own The Run Jacket,Running,Ropa Running,65,False,3,200.7,2024,11,10,Sunday,6,True,False,False,False,True,False,,False,False,True,False,False,False,45,4,315,51,False,10,False,False,3.0,3.0,2.0,2.0,2.0,2.0,2.0,2.2857142857142856,-2.923076923076932,1.0825242718446602
2024-11-11,PROD_006,Adidas Own The Run Jacket,Running,Ropa Running,65,False,3,198.36,2024,11,11,Monday,0,False,True,False,False,False,False,,False,False,True,False,False,False,46,4,316,50,False,11,False,False,3.0,3.0,3.0,2.0,2.0,2.0,2.0,2.4285714285714284,-1.7230769230769298,1.006188495485442
2024-11-12,PROD_006,Adidas Own The Run Jacket,Running,Ropa Running,65,False,3,190.95,2024,11,12,Tuesday,1,False,False,False,False,False,False,,False,False,True,False,False,False,46,4,317,49,False,12,False,False,3.0,3.0,3.0,3.0,2.0,2.0,2.0,2.5714285714285716,2.076923076923079,0.9969197034561972
2024-11-13,PROD_006,Adidas Own The Run Jacket,Running,Ropa Running,65,False,3,197.37,2024,11,13,Wednesday,2,False,False,False,False,False,False,,False,False,True,False,False,False,46,4,318,48,False,13,False,False,3.0,3.0,3.0,3.0,3.0,2.0,2.0,2.7142857142857144,-1.2153846153846248,1.0854047514298284
2024-11-14,PROD_006,Adidas Own The Run Jacket,Running,Ropa Running,65,False,3,197.55,2024,11,14,Thursday,3,False,False,False,False,False,False,,False,False,True,False,False,False,46,4,319,47,False,14,False,False,3.0,3.0,3.0,3.0,3.0,3.0,2.0,2.857142857142857,-1.307692307692299,1.0766841072596467
2024-11-15,PROD_006,Adidas Own The Run Jacket,Running,Ropa Running,65,False,3,199.23,2024,11,15,Friday,4,False,False,True,False,False,False,,False,False,True,False,False,False,46,4,320,46,False,15,False,False,3.0,3.0,3.0,3.0,3.0,3.0,3.0,3.0,-2.1692307692307637,1.056698843746685
2024-11-16,PROD_006,Adidas Own The Run Jacket,Running,Ropa Running,65,False,4,256.92,2024,11,16,Saturday,5,True,False,False,True,False,False,,False,False,True,False,False,False,46,4,321,45,False,16,False,False,3.0,3.0,3.0,3.0,3.0,3.0,3.0,3.0,1.1846153846153784,1.0380326455853042
2024-11-17,PROD_006,Adidas Own The Run Jacket,Running,Ropa Running,65,False,2,126.42,2024,11,17,Sunday,6,True,False,False,False,True,False,,False,False,True,False,False,False,46,4,322,44,False,17,False,False,4.0,3.0,3.0,3.0,3.0,3.0,3.0,3.142857142857143,2.7538461538461525,1.016292405809529
2024-11-18,PROD_006,Adidas Own The Run Jacket,Running,Ropa Running,65,False,2,133.24,2024,11,18,Monday,0,False,True,False,False,False,False,,False,False,True,False,False,False,47,4,323,43,False,18,False,False,2.0,4.0,3.0,3.0,3.0,3.0,3.0,3.0,-2.4923076923076994,1.0475391792022644
2024-11-19,PROD_006,Adidas Own The Run Jacket,Running,Ropa Running,65,False,3,192.93,2024,11,19,Tuesday,1,False,False,False,False,False,False,,False,False,True,False,False,False,47,4,324,42,False,19,False,False,2.0,2.0,4.0,3.0,3.0,3.0,3.0,2.857142857142857,1.061538461538458,1.007730477931575
2024-11-20,PROD_006,Adidas Own The Run Jacket,Running,Ropa Running,65,False,3,198.3,2024,11,20,Wednesday,2,False,False,False,False,False,False,,False,False,True,False,False,False,47,4,325,41,False,20,False,False,3.0,2.0,2.0,4.0,3.0,3.0,3.0,2.857142857142857,-1.6923076923076836,1.0430254576057225
2024-11-21,PROD_006,Adidas Own The Run Jacket,Running,Ropa Running,65,False,2,131.14,2024,11,21,Thursday,3,False,False,False,False,False,False,,False,False,True,False,False,False,47,4,326,40,False,21,False,False,3.0,3.0,2.0,2.0,4.0,3.0,3.0,2.857142857142857,-0.8769230769230665,1.0180096258344977
2024-11-22,PROD_006,Adidas Own The Run Jacket,Running,Ropa Running,65,False,3,189.84,2024,11,22,Friday,4,False,False,True,False,False,False,,False,False,True,False,False,False,47,4,327,39,False,22,False,False,2.0,3.0,3.0,2.0,2.0,4.0,3.0,2.7142857142857144,2.6461538461538443,0.9681268805140497
2024-11-23,PROD_006,Adidas Own The Run Jacket,Running,Ropa Running,65,False,4,263.28,2024,11,23,Saturday,5,True,False,False,True,False,False,,False,False,True,False,False,False,47,4,328,38,False,23,False,False,3.0,2.0,3.0,3.0,2.0,2.0,4.0,2.7142857142857144,-1.261538461538451,1.050430896903926
2024-11-24,PROD_006,Adidas Own The Run Jacket,Running,Ropa Running,65,False,3,194.37,2024,11,24,Sunday,6,True,False,False,False,True,False,,False,False,True,False,False,False,47,4,329,37,False,24,False,False,4.0,3.0,2.0,3.0,3.0,2.0,2.0,2.7142857142857144,0.32307692307691344,1.0313594396688954
2024-11-25,PROD_006,Adidas Own The Run Jacket,Running,Ropa Running,65,False,3,192.9,2024,11,25,Monday,0,False,True,False,False,False,False,,False,False,True,False,False,False,48,4,330,36,False,25,False,False,3.0,4.0,3.0,2.0,3.0,3.0,2.0,2.857142857142857,1.0769230769230813,1.0489396411092986
2024-11-26,PROD_006,Adidas Own The Run Jacket,Running,Ropa Running,65,False,4,265.4,2024,11,26,Tuesday,1,False,False,False,False,False,False,,False,False,True,False,False,False,48,4,331,35,False,26,False,False,3.0,3.0,4.0,3.0,2.0,3.0,3.0,3.0,-2.076923076923068,1.0140608283661927
2024-11-27,PROD_006,Adidas Own The Run Jacket,Running,Ropa Running,65,False,4,254.8,2024,11,27,Wednesday,2,False,False,False,False,False,False,,False,False,True,False,False,False,48,4,332,34,False,27,False,False,4.0,3.0,3.0,4.0,3.0,2.0,3.0,3.142857142857143,1.9999999999999956,0.9962984203117669
2024-11-28,PROD_006,Adidas Own The Run Jacket,Running,Ropa Running,65,False,4,258.44,2024,11,28,Thursday,3,False,False,False,False,False,False,,False,False,True,False,False,False,48,4,333,33,False,28,True,False,4.0,4.0,3.0,3.0,4.0,3.0,2.0,3.2857142857142856,0.6000000000000009,1.0537102473498234
2024-11-29,PROD_006,Adidas Own The Run Jacket,Running,Ropa Running,65,False,12,663.0,2024,11,29,Friday,4,False,False,True,False,False,False,,True,False,True,False,False,False,48,4,334,32,False,29,True,False,4.0,4.0,4.0,3.0,3.0,4.0,3.0,3.5714285714285716,15.0,0.9974124443374653
2024-11-30,PROD_006,Adidas Own The Run Jacket,Running,Ropa Running,65,False,13,743.6,2024,11,30,Saturday,5,True,False,False,True,False,False,,False,False,True,False,False,False,48,4,335,31,False,30,True,False,12.0,4.0,4.0,4.0,3.0,3.0,4.0,4.857142857142857,11.999999999999995,0.929627823825776
2021-11-01,PROD_007,Puma Velocity Nitro 2,Running,Zapatillas Running,70,False,2,142.76,2021,11,1,Monday,0,False,True,False,False,False,True,Todos los Santos,False,False,True,False,False,False,44,4,305,60,False,1,False,True,2.0,3.0,2.0,1.0,2.0,2.0,2.0,2.0,-1.9714285714285649,1.0814605322963486
2021-11-02,PROD_007,Puma Velocity Nitro 2,Running,Zapatillas Running,70,False,2,141.82,2021,11,2,Tuesday,1,False,False,False,False,False,False,,False,False,True,False,False,False,44,4,306,59,False,2,False,True,2.0,2.0,3.0,2.0,1.0,2.0,2.0,2.0,-1.2999999999999952,1.0216597829219092
2021-11-03,PROD_007,Puma Velocity Nitro 2,Running,Zapatillas Running,70,False,2,143.52,2021,11,3,Wednesday,2,False,False,False,False,False,False,,False,False,True,False,False,False,44,4,307,58,False,3,False,True,2.0,2.0,2.0,3.0,2.0,1.0,2.0,2.0,-2.514285714285722,1.070938215102975
2021-11-04,PROD_007,Puma Velocity Nitro 2,Running,Zapatillas Running,70,False,2,142.2,2021,11,4,Thursday,3,False,False,False,False,False,False,,False,False,True,False,False,False,44,4,308,57,False,4,False,False,2.0,2.0,2.0,2.0,3.0,2.0,1.0,2.0,-1.5714285714285632,1.0451271497868588
2021-11-05,PROD_007,Puma Velocity Nitro 2,Running,Zapatillas Running,70,False,3,214.29,2021,11,5,Friday,4,False,False,True,False,False,False,,False,False,True,False,False,False,44,4,309,56,False,5,False,False,2.0,2.0,2.0,2.0,2.0,3.0,2.0,2.142857142857143,-2.0428571428571525,1.0608941036684987
2021-11-06,PROD_007,Puma Velocity Nitro 2,Running,Zapatillas Running,70,False,3,208.08,2021,11,6,Saturday,5,True,False,False,True,False,False,,False,False,True,False,False,False,44,4,310,55,False,6,False,False,3.0,2.0,2.0,2.0,2.0,2.0,3.0,2.2857142857142856,0.914285714285715,1.027758569593994
2021-11-07,PROD_007,Puma Velocity Nitro 2,Running,Zapatillas Running,70,False,2,142.16,2021,11,7,Sunday,6,True,False,False,False,True,False,,False,False,True,False,False,False,44,4,311,54,False,7,False,False,3.0,3.0,2.0,2.0,2.0,2.0,2.0,2.2857142857142856,-1.5428571428571405,1.0375632541845077
2021-11-08,PROD_007,Puma Velocity Nitro 2,Running,Zapatillas Running,70,False,2,143.92,2021,11,8,Monday,0,False,True,False,False,False,False,,False,False,True,False,False,False,45,4,312,53,False,8,False,False,2.0,3.0,3.0,2.0,2.0,2.0,2.0,2.2857142857142856,-2.799999999999991,1.0446143423981418
2021-11-09,PROD_007,Puma Velocity Nitro 2,Running,Zapatillas Running,70,False,2,138.14,2021,11,9,Tuesday,1,False,False,False,False,False,False,,False,False,True,False,False,False,45,4,313,52,False,9,False,False,2.0,2.0,3.0,3.0,2.0,2.0,2.0,2.2857142857142856,1.3285714285714383,0.9846044191019243
2021-11-10,PROD_007,Puma Velocity Nitro 2,Running,Zapatillas Running,70,False,2,143.38,2021,11,10,Wednesday,2,False,False,False,False,False,False,,False,False,True,False,False,False,45,4,314,51,False,10,False,False,2.0,2.0,2.0,3.0,3.0,2.0,2.0,2.2857142857142856,-2.414285714285711,1.0472828204129334
2021-11-11,PROD_007,Puma Velocity Nitro 2,Running,Zapatillas Running,70,False,2,140.94,2021,11,11,Thursday,3,False,False,False,False,False,False,,False,False,True,False,False,False,45,4,315,50,False,11,False,False,2.0,2.0,2.0,2.0,3.0,3.0,2.0,2.2857142857142856,-0.6714285714285698,1.0687528436378342
2021-11-12,PROD_007,Puma Velocity Nitro 2,Running,Zapatillas Running,70,False,3,212.25,2021,11,12,Friday,4,False,False,True,False,False,False,,False,False,True,False,False,False,45,4,316,49,False,12,False,False,2.0,2.0,2.0,2.0,2.0,3.0,3.0,2.2857142857142856,-1.0714285714285714,1.0512109355653507
2021-11-13,PROD_007,Puma Velocity Nitro 2,Running,Zapatillas Running,70,False,2,141.22,2021,11,13,Saturday,5,True,False,False,True,False,False,,False,False,True,False,False,False,45,4,317,48,False,13,False,False,3.0,2.0,2.0,2.0,2.0,2.0,3.0,2.2857142857142856,-0.8714285714285706,1.0161661709680514
2021-11-14,PROD_007,Puma Velocity Nitro 2,Running,Zapatillas Running,70,False,2,139.52,2021,11,14,Sunday,6,True,False,False,False,True,False,,False,False,True,False,False,False,45,4,318,47,False,14,False,False,2.0,3.0,2.0,2.0,2.0,2.0,2.0,2.142857142857143,0.34285714285713553,1.050075263421977
2021-11-15,PROD_007,Puma Velocity Nitro 2,Running,Zapatillas Running,70,False,2,136.32,2021,11,15,Monday,0,False,True,False,False,False,False,,False,False,True,False,False,False,46,4,319,46,False,15,False,False,2.0,2.0,3.0,2.0,2.0,2.0,2.0,2.142857142857143,2.6285714285714334,1.042626963083826
2021-11-16,PROD_007,Puma Velocity Nitro 2,Running,Zapatillas Running,70,False,2,136.22,2021,11,16,Tuesday,1,False,False,False,False,False,False,,False,False,True,False,False,False,46,4,320,45,False,16,False,False,2.0,2.0,2.0,3.0,2.0,2.0,2.0,2.142857142857143,2.7000000000000006,1.0074946994724125
2021-11-17,PROD_007,Puma Velocity Nitro 2,Running,Zapatillas Running,70,False,2,138.82,2021,11,17,Wednesday,2,False,False,False,False,False,False,,False,False,True,False,False,False,46,4,321,44,False,17,False,False,2.0,2.0,2.0,2.0,3.0,2.0,2.0,2.142857142857143,0.8428571428571477,1.0003843382176314
2021-11-18,PROD_007,Puma Velocity Nitro 2,Running,Zapatillas Running,70,False,2,141.22,2021,11,18,Thursday,3,False,False,False,False,False,False,,False,False,True,False,False,False,46,4,322,43,False,18,False,False,2.0,2.0,2.0,2.0,2.0,3.0,2.0,2.142857142857143,-0.8714285714285706,1.0417527294187077
2021-11-19,PROD_007,Puma Velocity Nitro 2,Running,Zapatillas Running,70,False,2,139.14,2021,11,19,Friday,4,False,False,True,False,False,False,,False,False,True,False,False,False,46,4,323,42,False,19,False,False,2.0,2.0,2.0,2.0,2.0,2.0,3.0,2.142857142857143,0.6142857142857241,1.013893611853291
2021-11-20,PROD_007,Puma Velocity Nitro 2,Running,Zapatillas Running,70,False,3,209.31,2021,11,20,Saturday,5,True,False,False,True,False,False,,False,False,True,False,False,False,46,4,324,41,False,20,False,False,2.0,2.0,2.0,2.0,2.0,2.0,2.0,2.0,0.3285714285714343,1.0339870572543595
2021-11-21,PROD_007,Puma Velocity Nitro 2,Running,Zapatillas Running,70,False,2,139.14,2021,11,21,Sunday,6,True,False,False,False,True,False,,False,False,True,False,False,False,46,4,325,40,False,21,False,False,3.0,2.0,2.0,2.0,2.0,2.0,2.0,2.142857142857143,0.6142857142857241,1.0255011792452828
2021-11-22,PROD_007,Puma Velocity Nitro 2,Running,Zapatillas Running,70,False,2,142.62,2021,11,22,Monday,0,False,True,False,False,False,False,,False,False,True,False,False,False,47,4,326,39,False,22,False,False,2.0,3.0,2.0,2.0,2.0,2.0,2.0,2.142857142857143,-1.8714285714285745,1.0416301489921123
2021-11-23,PROD_007,Puma Velocity Nitro 2,Running,Zapatillas Running,70,False,3,213.27,2021,11,23,Tuesday,1,False,False,False,False,False,False,,False,False,True,False,False,False,47,4,327,38,False,23,False,False,2.0,2.0,3.0,2.0,2.0,2.0,2.0,2.142857142857143,-1.557142857142862,1.083193661435319
2021-11-24,PROD_007,Puma Velocity Nitro 2,Running,Zapatillas Running,70,False,2,141.46,2021,11,24,Wednesday,2,False,False,False,False,False,False,,False,False,True,False,False,False,47,4,328,37,False,24,False,False,3.0,2.0,2.0,3.0,2.0,2.0,2.0,2.2857142857142856,-1.0428571428571485,1.028002519257788
2021-11-25,PROD_007,Puma Velocity Nitro 2,Running,Zapatillas Running,70,False,3,211.98,2021,11,25,Thursday,3,False,False,False,False,False,False,,False,False,True,False,False,False,47,4,329,36,False,25,False,False,2.0,3.0,2.0,2.0,3.0,2.0,2.0,2.2857142857142856,-0.942857142857138,1.060271094883209
2021-11-26,PROD_007,Puma Velocity Nitro 2,Running,Zapatillas Running,70,False,10,595.0,2021,11,26,Friday,4,False,False,True,False,False,False,,True,False,True,False,False,False,47,4,330,35,False,26,False,False,3.0,2.0,3.0,2.0,2.0,3.0,2.0,2.4285714285714284,15.0,0.9667984617884418
2021-11-27,PROD_007,Puma Velocity Nitro 2,Running,Zapatillas Running,70,False,11,677.6,2021,11,27,Saturday,5,True,False,False,True,False,False,,False,False,True,False,False,False,47,4,331,34,False,27,False,False,10.0,3.0,2.0,3.0,2.0,2.0,3.0,3.5714285714285716,11.999999999999998,0.9364073980238156
2021-11-28,PROD_007,Puma Velocity Nitro 2,Running,Zapatillas Running,70,False,8,492.8,2021,11,28,Sunday,6,True,False,False,False,True,False,,False,False,True,False,False,False,47,4,332,33,False,28,True,False,11.0,10.0,3.0,2.0,3.0,2.0,2.0,4.714285714285714,11.999999999999998,0.8903020667726551
2021-11-29,PROD_007,Puma Velocity Nitro 2,Running,Zapatillas Running,70,False,9,535.5,2021,11,29,Monday,0,False,True,False,False,False,False,,False,True,True,False,False,False,48,4,333,32,False,29,True,False,8.0,11.0,10.0,3.0,2.0,3.0,2.0,5.571428571428571,15.0,0.8831387294676429
2021-11-30,PROD_007,Puma Velocity Nitro 2,Running,Zapatillas Running,70,False,5,322.0,2021,11,30,Tuesday,1,False,False,False,False,False,False,,False,False,True,False,False,False,48,4,334,31,False,30,True,False,9.0,8.0,11.0,10.0,3.0,2.0,3.0,6.571428571428571,7.999999999999992,0.9252430439155213
2022-10-25,PROD_007,Puma Velocity Nitro 2,Running,Zapatillas Running,70,False,2,143.0,2022,10,25,Tuesday,1,False,False,False,False,False,False,,False,False,False,False,False,False,43,4,298,67,True,25,False,False,5.0,9.0,8.0,11.0,10.0,3.0,2.0,6.857142857142857,-2.142857142857143,1.0261684925608765
2022-10-26,PROD_007,Puma Velocity Nitro 2,Running,Zapatillas Running,70,False,2,135.84,2022,10,26,Wednesday,2,False,False,False,False,False,False,,False,False,False,False,False,False,43,4,299,66,True,26,False,False,2.0,5.0,9.0,8.0,11.0,10.0,3.0,6.857142857142857,2.971428571428569,1.0184435447593343
2022-10-27,PROD_007,Puma Velocity Nitro 2,Running,Zapatillas Running,70,False,2,138.58,2022,10,27,Thursday,3,False,False,False,False,False,False,,False,False,False,False,False,False,43,4,300,65,True,27,False,False,2.0,2.0,5.0,9.0,8.0,11.0,10.0,6.714285714285714,1.0142857142857054,0.9861005692599621
2022-10-28,PROD_007,Puma Velocity Nitro 2,Running,Zapatillas Running,70,False,2,143.16,2022,10,28,Friday,4,False,False,True,False,False,False,,False,False,False,False,False,False,43,4,301,64,True,28,True,False,2.0,2.0,2.0,5.0,9.0,8.0,11.0,5.571428571428571,-2.257142857142855,1.0468483400770243
2022-10-29,PROD_007,Puma Velocity Nitro 2,Running,Zapatillas Running,70,False,2,136.62,2022,10,29,Saturday,5,True,False,False,True,False,False,,False,False,False,False,False,False,43,4,302,63,True,29,True,False,2.0,2.0,2.0,2.0,5.0,9.0,8.0,4.285714285714286,2.414285714285711,1.0120499777766803
2022-10-30,PROD_007,Puma Velocity Nitro 2,Running,Zapatillas Running,70,False,1,68.11,2022,10,30,Sunday,6,True,False,False,False,True,False,,False,False,False,False,False,False,43,4,303,62,True,30,True,False,2.0,2.0,2.0,2.0,2.0,5.0,9.0,3.4285714285714284,2.7000000000000006,1.0282306763285023
2022-10-31,PROD_007,Puma Velocity Nitro 2,Running,Zapatillas Running,70,False,2,140.6,2022,10,31,Monday,0,False,True,False,False,False,False,,False,False,False,False,False,False,44,4,304,61,True,31,True,False,1.0,2.0,2.0,2.0,2.0,2.0,5.0,2.2857142857142856,-0.4285714285714245,0.9821636473711172
2022-11-01,PROD_007,Puma Velocity Nitro 2,Running,Zapatillas Running,70,False,2,137.42,2022,11,1,Tuesday,1,False,False,False,False,False,True,Todos los Santos,False,False,True,False,False,False,44,4,305,60,False,1,False,True,2.0,1.0,2.0,2.0,2.0,2.0,2.0,1.8571428571428572,1.8428571428571516,0.9944519490544188
2022-11-02,PROD_007,Puma Velocity Nitro 2,Running,Zapatillas Running,70,False,2,142.82,2022,11,2,Wednesday,2,False,False,False,False,False,False,,False,False,True,False,False,False,44,4,306,59,False,2,False,True,2.0,2.0,1.0,2.0,2.0,2.0,2.0,1.8571428571428572,-2.0142857142857093,1.0324834931803941
2022-11-03,PROD_007,Puma Velocity Nitro 2,Running,Zapatillas Running,70,False,2,143.28,2022,11,3,Thursday,3,False,False,False,False,False,False,,False,False,True,False,False,False,44,4,307,58,False,3,False,True,2.0,2.0,2.0,1.0,2.0,2.0,2.0,1.8571428571428572,-2.342857142857144,1.0421374193861221
2022-11-04,PROD_007,Puma Velocity Nitro 2,Running,Zapatillas Running,70,False,2,143.76,2022,11,4,Friday,4,False,False,True,False,False,False,,False,False,True,False,False,False,44,4,308,57,False,4,False,False,2.0,2.0,2.0,2.0,1.0,2.0,2.0,1.8571428571428572,-2.6857142857142793,1.0488326848249028
2022-11-05,PROD_007,Puma Velocity Nitro 2,Running,Zapatillas Running,70,False,3,203.79,2022,11,5,Saturday,5,True,False,False,True,False,False,,False,False,True,False,False,False,44,4,309,56,False,5,False,False,2.0,2.0,2.0,2.0,2.0,1.0,2.0,1.8571428571428572,2.9571428571428475,0.9583803611738151
2022-11-06,PROD_007,Puma Velocity Nitro 2,Running,Zapatillas Running,70,False,2,141.76,2022,11,6,Sunday,6,True,False,False,False,True,False,,False,False,True,False,False,False,44,4,310,55,False,6,False,False,3.0,2.0,2.0,2.0,2.0,2.0,1.0,2.0,-1.2571428571428507,1.0094469499169236
2022-11-07,PROD_007,Puma Velocity Nitro 2,Running,Zapatillas Running,70,False,2,137.18,2022,11,7,Monday,0,False,True,False,False,False,False,,False,False,True,False,False,False,45,4,311,54,False,7,False,False,2.0,3.0,2.0,2.0,2.0,2.0,2.0,2.142857142857143,2.0142857142857093,1.0117514013177304
2022-11-08,PROD_007,Puma Velocity Nitro 2,Running,Zapatillas Running,70,False,2,142.04,2022,11,8,Tuesday,1,False,False,False,False,False,False,,False,False,True,False,False,False,45,4,312,53,False,8,False,False,2.0,2.0,3.0,2.0,2.0,2.0,2.0,2.142857142857143,-1.4571428571428515,1.0859880727865845
2022-11-09,PROD_007,Puma Velocity Nitro 2,Running,Zapatillas Running,70,False,2,139.74,2022,11,9,Wednesday,2,False,False,False,False,False,False,,False,False,True,False,False,False,45,4,313,52,False,9,False,False,2.0,2.0,2.0,3.0,2.0,2.0,2.0,2.142857142857143,0.18571428571427923,1.0789067325509574
2022-11-10,PROD_007,Puma Velocity Nitro 2,Running,Zapatillas Running,70,False,3,215.82,2022,11,10,Thursday,3,False,False,False,False,False,False,,False,False,True,False,False,False,45,4,314,51,False,10,False,False,2.0,2.0,2.0,2.0,3.0,2.0,2.0,2.142857142857143,-2.7714285714285682,1.0443745463343816
2022-11-11,PROD_007,Puma Velocity Nitro 2,Running,Zapatillas Running,70,False,2,139.98,2022,11,11,Friday,4,False,False,True,False,False,False,,False,False,True,False,False,False,45,4,315,50,False,11,False,False,3.0,2.0,2.0,2.0,2.0,3.0,2.0,2.2857142857142856,0.014285714285721594,1.0135154703866391
2022-11-12,PROD_007,Puma Velocity Nitro 2,Running,Zapatillas Running,70,False,3,215.52,2022,11,12,Saturday,5,True,False,False,True,False,False,,False,False,True,False,False,False,45,4,316,49,False,12,False,False,2.0,3.0,2.0,2.0,2.0,2.0,3.0,2.2857142857142856,-2.6285714285714334,1.075180843103018
2022-11-13,PROD_007,Puma Velocity Nitro 2,Running,Zapatillas Running,70,False,3,214.47,2022,11,13,Sunday,6,True,False,False,False,True,False,,False,False,True,False,False,False,45,4,317,48,False,13,False,False,3.0,2.0,3.0,2.0,2.0,2.0,2.0,2.2857142857142856,-2.1285714285714215,1.0498825141962014
2022-11-14,PROD_007,Puma Velocity Nitro 2,Running,Zapatillas Running,70,False,2,143.76,2022,11,14,Monday,0,False,True,False,False,False,False,,False,False,True,False,False,False,46,4,318,47,False,14,False,False,3.0,3.0,2.0,3.0,2.0,2.0,2.0,2.4285714285714284,-2.6857142857142793,1.0565409113179813
2022-11-15,PROD_007,Puma Velocity Nitro 2,Running,Zapatillas Running,70,False,2,143.74,2022,11,15,Tuesday,1,False,False,False,False,False,False,,False,False,True,False,False,False,46,4,319,46,False,15,False,False,2.0,3.0,3.0,2.0,3.0,2.0,2.0,2.4285714285714284,-2.671428571428578,1.0551531760790838
2022-11-16,PROD_007,Puma Velocity Nitro 2,Running,Zapatillas Running,70,False,2,139.04,2022,11,16,Wednesday,2,False,False,False,False,False,False,,False,False,True,False,False,False,46,4,320,45,False,16,False,False,2.0,2.0,3.0,3.0,2.0,3.0,2.0,2.4285714285714284,0.6857142857142914,0.9935686722881234
2022-11-17,PROD_007,Puma Velocity Nitro 2,Running,Zapatillas Running,70,False,2,144.16,2022,11,17,Thursday,3,False,False,False,False,False,False,,False,False,True,False,False,False,46,4,321,44,False,17,False,False,2.0,2.0,2.0,3.0,3.0,2.0,3.0,2.4285714285714284,-2.971428571428569,1.0382676333605416
2022-11-18,PROD_007,Puma Velocity Nitro 2,Running,Zapatillas Running,70,False,3,208.26,2022,11,18,Friday,4,False,False,True,False,False,False,,False,False,True,False,False,False,46,4,322,43,False,18,False,False,2.0,2.0,2.0,2.0,3.0,3.0,2.0,2.2857142857142856,0.8285714285714261,1.0462697814619442
2022-11-19,PROD_007,Puma Velocity Nitro 2,Running,Zapatillas Running,70,False,3,209.22,2022,11,19,Saturday,5,True,False,False,True,False,False,,False,False,True,False,False,False,46,4,323,42,False,19,False,False,3.0,2.0,2.0,2.0,2.0,3.0,3.0,2.4285714285714284,0.37142857142857877,1.0562932296662797
2022-11-20,PROD_007,Puma Velocity Nitro 2,Running,Zapatillas Running,70,False,2,142.92,2022,11,20,Sunday,6,True,False,False,False,True,False,,False,False,True,False,False,False,46,4,324,41,False,20,False,False,3.0,3.0,2.0,2.0,2.0,2.0,3.0,2.4285714285714284,-2.085714285714277,1.0672043010752685
2022-11-21,PROD_007,Puma Velocity Nitro 2,Running,Zapatillas Running,70,False,2,144.08,2022,11,21,Monday,0,False,True,False,False,False,False,,False,False,True,False,False,False,47,4,325,40,False,21,False,False,2.0,3.0,3.0,2.0,2.0,2.0,2.0,2.2857142857142856,-2.914285714285723,1.0625368731563423
2022-11-22,PROD_007,Puma Velocity Nitro 2,Running,Zapatillas Running,70,False,3,214.98,2022,11,22,Tuesday,1,False,False,False,False,False,False,,False,False,True,False,False,False,47,4,326,39,False,22,False,False,2.0,2.0,3.0,3.0,2.0,2.0,2.0,2.2857142857142856,-2.3714285714285666,1.0617344922955352
2022-11-23,PROD_007,Puma Velocity Nitro 2,Running,Zapatillas Running,70,False,3,213.27,2022,11,23,Wednesday,2,False,False,False,False,False,False,,False,False,True,False,False,False,47,4,327,38,False,23,False,False,3.0,2.0,2.0,3.0,3.0,2.0,2.0,2.4285714285714284,-1.557142857142862,1.0384165936313177
2022-11-24,PROD_007,Puma Velocity Nitro 2,Running,Zapatillas Running,70,False,3,206.49,2022,11,24,Thursday,3,False,False,False,False,False,False,,False,False,True,False,False,False,47,4,328,37,False,24,False,False,3.0,3.0,2.0,2.0,3.0,3.0,2.0,2.5714285714285716,1.6714285714285737,1.0312125449460647
2022-11-25,PROD_007,Puma Velocity Nitro 2,Running,Zapatillas Running,70,False,10,595.0,2022,11,25,Friday,4,False,False,True,False,False,False,,True,False,True,False,False,False,47,4,329,36,False,25,False,False,3.0,3.0,3.0,2.0,2.0,3.0,3.0,2.7142857142857144,15.0,1.0188356164383563
2022-11-26,PROD_007,Puma Velocity Nitro 2,Running,Zapatillas Running,70,False,10,616.0,2022,11,26,Saturday,5,True,False,False,True,False,False,,False,False,True,False,False,False,47,4,330,35,False,26,False,False,10.0,3.0,3.0,3.0,2.0,2.0,3.0,3.7142857142857144,11.999999999999998,0.9034465900757761
2022-11-27,PROD_007,Puma Velocity Nitro 2,Running,Zapatillas Running,70,False,11,677.6,2022,11,27,Sunday,6,True,False,False,False,True,False,,False,False,True,False,False,False,47,4,331,34,False,27,False,False,10.0,10.0,3.0,3.0,3.0,2.0,2.0,4.714285714285714,11.999999999999998,0.9206396652219397
2022-11-28,PROD_007,Puma Velocity Nitro 2,Running,Zapatillas Running,70,False,10,595.0,2022,11,28,Monday,0,False,True,False,False,False,False,,False,True,True,False,False,False,48,4,332,33,False,28,True,False,11.0,10.0,10.0,3.0,3.0,3.0,2.0,6.0,15.0,0.8628190255220418
2022-11-29,PROD_007,Puma Velocity Nitro 2,Running,Zapatillas Running,70,False,6,386.4,2022,11,29,Tuesday,1,False,False,False,False,False,False,,False,False,True,False,False,False,48,4,333,32,False,29,True,False,10.0,11.0,10.0,10.0,3.0,3.0,3.0,7.142857142857143,7.999999999999992,0.9232974910394266
2022-11-30,PROD_007,Puma Velocity Nitro 2,Running,Zapatillas Running,70,False,5,322.0,2022,11,30,Wednesday,2,False,False,False,False,False,False,,False,False,True,False,False,False,48,4,334,31,False,30,True,False,6.0,10.0,11.0,10.0,10.0,3.0,3.0,7.571428571428571,7.999999999999992,0.94000875784557
2023-10-25,PROD_007,Puma Velocity Nitro 2,Running,Zapatillas Running,70,False,2,143.36,2023,10,25,Wednesday,2,False,False,False,False,False,False,,False,False,False,False,False,False,43,4,298,67,True,25,False,False,5.0,6.0,10.0,11.0,10.0,10.0,3.0,7.857142857142857,-2.4000000000000097,1.0440862303359875
2023-10-26,PROD_007,Puma Velocity Nitro 2,Running,Zapatillas Running,70,False,2,142.56,2023,10,26,Thursday,3,False,False,False,False,False,False,,False,False,False,False,False,False,43,4,299,66,True,26,False,False,2.0,5.0,6.0,10.0,11.0,10.0,10.0,7.714285714285714,-1.82857142857143,1.07641196013289
2023-10-27,PROD_007,Puma Velocity Nitro 2,Running,Zapatillas Running,70,False,2,136.86,2023,10,27,Friday,4,False,False,True,False,False,False,,False,False,False,False,False,False,43,4,300,65,True,27,False,False,2.0,2.0,5.0,6.0,10.0,11.0,10.0,6.571428571428571,2.242857142857133,0.993707343046614
2023-10-28,PROD_007,Puma Velocity Nitro 2,Running,Zapatillas Running,70,False,2,143.06,2023,10,28,Saturday,5,True,False,False,True,False,False,,False,False,False,False,False,False,43,4,301,64,True,28,True,False,2.0,2.0,2.0,5.0,6.0,10.0,11.0,5.428571428571429,-2.1857142857142873,1.0083168875105724
2023-10-29,PROD_007,Puma Velocity Nitro 2,Running,Zapatillas Running,70,False,2,141.88,2023,10,29,Sunday,6,True,False,False,False,True,False,,False,False,False,False,False,False,43,4,302,63,True,29,True,False,2.0,2.0,2.0,2.0,5.0,6.0,10.0,4.142857142857143,-1.3428571428571396,1.0292595637665038
2023-10-30,PROD_007,Puma Velocity Nitro 2,Running,Zapatillas Running,70,False,2,139.54,2023,10,30,Monday,0,False,True,False,False,False,False,,False,False,False,False,False,False,44,4,303,62,True,30,True,False,2.0,2.0,2.0,2.0,2.0,5.0,6.0,3.0,0.3285714285714343,1.030018207765366
2023-10-31,PROD_007,Puma Velocity Nitro 2,Running,Zapatillas Running,70,False,2,136.92,2023,10,31,Tuesday,1,False,False,False,False,False,False,,False,False,False,False,False,False,44,4,304,61,True,31,True,False,2.0,2.0,2.0,2.0,2.0,2.0,5.0,2.4285714285714284,2.200000000000009,0.9839505581373065
2023-11-01,PROD_007,Puma Velocity Nitro 2,Running,Zapatillas Running,70,False,2,136.06,2023,11,1,Wednesday,2,False,False,False,False,False,True,Todos los Santos,False,False,True,False,False,False,44,4,305,60,False,1,False,True,2.0,2.0,2.0,2.0,2.0,2.0,2.0,2.0,2.8142857142857127,1.0229562427948475
2023-11-02,PROD_007,Puma Velocity Nitro 2,Running,Zapatillas Running,70,False,2,140.22,2023,11,2,Thursday,3,False,False,False,False,False,False,,False,False,True,False,False,False,44,4,306,59,False,2,False,True,2.0,2.0,2.0,2.0,2.0,2.0,2.0,2.0,-0.15714285714285633,0.995456481612949
2023-11-03,PROD_007,Puma Velocity Nitro 2,Running,Zapatillas Running,70,False,2,140.12,2023,11,3,Friday,4,False,False,True,False,False,False,,False,False,True,False,False,False,44,4,307,58,False,3,False,True,2.0,2.0,2.0,2.0,2.0,2.0,2.0,2.0,-0.08571428571428896,1.03864400079067
2023-11-04,PROD_007,Puma Velocity Nitro 2,Running,Zapatillas Running,70,False,2,138.1,2023,11,4,Saturday,5,True,False,False,True,False,False,,False,False,True,False,False,False,44,4,308,57,False,4,False,False,2.0,2.0,2.0,2.0,2.0,2.0,2.0,2.0,1.3571428571428612,1.020895963727761
2023-11-05,PROD_007,Puma Velocity Nitro 2,Running,Zapatillas Running,70,False,3,209.94,2023,11,5,Sunday,6,True,False,False,False,True,False,,False,False,True,False,False,False,44,4,309,56,False,5,False,False,2.0,2.0,2.0,2.0,2.0,2.0,2.0,2.0,0.028571428571422888,1.009472520075011
2023-11-06,PROD_007,Puma Velocity Nitro 2,Running,Zapatillas Running,70,False,2,141.4,2023,11,6,Monday,0,False,True,False,False,False,False,,False,False,True,False,False,False,45,4,310,55,False,6,False,False,3.0,2.0,2.0,2.0,2.0,2.0,2.0,2.142857142857143,-1.000000000000004,1.021135236627991
2023-11-07,PROD_007,Puma Velocity Nitro 2,Running,Zapatillas Running,70,False,2,140.2,2023,11,7,Tuesday,1,False,False,False,False,False,False,,False,False,True,False,False,False,45,4,311,54,False,7,False,False,2.0,3.0,2.0,2.0,2.0,2.0,2.0,2.142857142857143,-0.14285714285713474,1.0399050585966472
2023-11-08,PROD_007,Puma Velocity Nitro 2,Running,Zapatillas Running,70,False,3,214.74,2023,11,8,Wednesday,2,False,False,False,False,False,False,,False,False,True,False,False,False,45,4,312,53,False,8,False,False,2.0,2.0,3.0,2.0,2.0,2.0,2.0,2.142857142857143,-2.257142857142855,1.0872911392405065
2023-11-09,PROD_007,Puma Velocity Nitro 2,Running,Zapatillas Running,70,False,2,142.44,2023,11,9,Thursday,3,False,False,False,False,False,False,,False,False,True,False,False,False,45,4,313,52,False,9,False,False,3.0,2.0,2.0,3.0,2.0,2.0,2.0,2.2857142857142856,-1.742857142857141,1.0591909577632361
2023-11-10,PROD_007,Puma Velocity Nitro 2,Running,Zapatillas Running,70,False,2,139.66,2023,11,10,Friday,4,False,False,True,False,False,False,,False,False,True,False,False,False,45,4,314,51,False,10,False,False,2.0,3.0,2.0,2.0,3.0,2.0,2.0,2.2857142857142856,0.2428571428571453,1.016399010237252
2023-11-11,PROD_007,Puma Velocity Nitro 2,Running,Zapatillas Running,70,False,3,210.96,2023,11,11,Saturday,5,True,False,False,True,False,False,,False,False,True,False,False,False,45,4,315,50,False,11,False,False,2.0,2.0,3.0,2.0,2.0,3.0,2.0,2.2857142857142856,-0.45714285714284736,1.027319211102995
2023-11-12,PROD_007,Puma Velocity Nitro 2,Running,Zapatillas Running,70,False,2,139.54,2023,11,12,Sunday,6,True,False,False,False,True,False,,False,False,True,False,False,False,45,4,316,49,False,12,False,False,3.0,2.0,2.0,3.0,2.0,2.0,3.0,2.4285714285714284,0.3285714285714343,1.0406184746942428
2023-11-13,PROD_007,Puma Velocity Nitro 2,Running,Zapatillas Running,70,False,2,143.84,2023,11,13,Monday,0,False,True,False,False,False,False,,False,False,True,False,False,False,46,4,317,48,False,13,False,False,2.0,3.0,2.0,2.0,3.0,2.0,2.0,2.2857142857142856,-2.742857142857145,1.0359629327315505
2023-11-14,PROD_007,Puma Velocity Nitro 2,Running,Zapatillas Running,70,False,3,216.15,2023,11,14,Tuesday,1,False,False,False,False,False,False,,False,False,True,False,False,False,46,4,318,47,False,14,False,False,2.0,2.0,3.0,2.0,2.0,3.0,2.0,2.2857142857142856,-2.9285714285714244,1.0697847067557533
2023-11-15,PROD_007,Puma Velocity Nitro 2,Running,Zapatillas Running,70,False,2,141.46,2023,11,15,Wednesday,2,False,False,False,False,False,False,,False,False,True,False,False,False,46,4,319,46,False,15,False,False,3.0,2.0,2.0,3.0,2.0,2.0,3.0,2.4285714285714284,-1.0428571428571485,1.0370967741935484
2023-11-16,PROD_007,Puma Velocity Nitro 2,Running,Zapatillas Running,70,False,2,144.0,2023,11,16,Thursday,3,False,False,False,False,False,False,,False,False,True,False,False,False,46,4,320,45,False,16,False,False,2.0,3.0,2.0,2.0,3.0,2.0,2.0,2.2857142857142856,-2.857142857142857,1.0415159843772601
2023-11-17,PROD_007,Puma Velocity Nitro 2,Running,Zapatillas Running,70,False,3,203.7,2023,11,17,Friday,4,False,False,True,False,False,False,,False,False,True,False,False,False,46,4,321,44,False,17,False,False,2.0,2.0,3.0,2.0,2.0,3.0,2.0,2.2857142857142856,2.999999999999992,0.9939009514515735
2023-11-18,PROD_007,Puma Velocity Nitro 2,Running,Zapatillas Running,70,False,3,206.13,2023,11,18,Saturday,5,True,False,False,True,False,False,,False,False,True,False,False,False,46,4,322,43,False,18,False,False,3.0,2.0,2.0,3.0,2.0,2.0,3.0,2.4285714285714284,1.8428571428571516,1.0275672981056827
2023-11-19,PROD_007,Puma Velocity Nitro 2,Running,Zapatillas Running,70,False,2,142.72,2023,11,19,Sunday,6,True,False,False,False,True,False,,False,False,True,False,False,False,46,4,323,42,False,19,False,False,3.0,3.0,2.0,2.0,3.0,2.0,2.0,2.4285714285714284,-1.942857142857142,1.0214227778042846
2023-11-20,PROD_007,Puma Velocity Nitro 2,Running,Zapatillas Running,70,False,2,136.88,2023,11,20,Monday,0,False,True,False,False,False,False,,False,False,True,False,False,False,47,4,324,41,False,20,False,False,2.0,3.0,3.0,2.0,2.0,3.0,2.0,2.4285714285714284,2.2285714285714318,1.024346437836759
2023-11-21,PROD_007,Puma Velocity Nitro 2,Running,Zapatillas Running,70,False,3,206.67,2023,11,21,Tuesday,1,False,False,False,False,False,False,,False,False,True,False,False,False,47,4,325,40,False,21,False,False,2.0,2.0,3.0,3.0,2.0,2.0,3.0,2.4285714285714284,1.5857142857142847,0.9969128358496936
2023-11-22,PROD_007,Puma Velocity Nitro 2,Running,Zapatillas Running,70,False,3,210.33,2023,11,22,Wednesday,2,False,False,False,False,False,False,,False,False,True,False,False,False,47,4,326,39,False,22,False,False,3.0,2.0,2.0,3.0,3.0,2.0,2.0,2.4285714285714284,-0.15714285714285633,1.02201166180758
2023-11-23,PROD_007,Puma Velocity Nitro 2,Running,Zapatillas Running,70,False,3,215.25,2023,11,23,Thursday,3,False,False,False,False,False,False,,False,False,True,False,False,False,47,4,327,38,False,23,False,False,3.0,3.0,2.0,2.0,3.0,3.0,2.0,2.5714285714285716,-2.5,1.0107057332018592
2023-11-24,PROD_007,Puma Velocity Nitro 2,Running,Zapatillas Running,70,False,12,714.0,2023,11,24,Friday,4,False,False,True,False,False,False,,True,False,True,False,False,False,47,4,328,37,False,24,False,False,3.0,3.0,3.0,2.0,2.0,3.0,3.0,2.7142857142857144,15.0,0.974025974025974
2023-11-25,PROD_007,Puma Velocity Nitro 2,Running,Zapatillas Running,70,False,8,492.8,2023,11,25,Saturday,5,True,False,False,True,False,False,,False,False,True,False,False,False,47,4,329,36,False,25,False,False,12.0,3.0,3.0,3.0,2.0,2.0,3.0,4.0,11.999999999999998,0.8758708943551827
2023-11-26,PROD_007,Puma Velocity Nitro 2,Running,Zapatillas Running,70,False,10,616.0,2023,11,26,Sunday,6,True,False,False,False,True,False,,False,False,True,False,False,False,47,4,330,35,False,26,False,False,8.0,12.0,3.0,3.0,3.0,2.0,2.0,4.714285714285714,11.999999999999998,0.9048621652058954
2023-11-27,PROD_007,Puma Velocity Nitro 2,Running,Zapatillas Running,70,False,11,654.5,2023,11,27,Monday,0,False,True,False,False,False,False,,False,True,True,False,False,False,48,4,331,34,False,27,False,False,10.0,8.0,12.0,3.0,3.0,3.0,2.0,5.857142857142857,15.0,0.8905408102175215
2023-11-28,PROD_007,Puma Velocity Nitro 2,Running,Zapatillas Running,70,False,5,322.0,2023,11,28,Tuesday,1,False,False,False,False,False,False,,False,False,True,False,False,False,48,4,332,33,False,28,True,False,11.0,10.0,8.0,12.0,3.0,3.0,3.0,7.142857142857143,7.999999999999992,0.9808600294461086
2023-11-29,PROD_007,Puma Velocity Nitro 2,Running,Zapatillas Running,70,False,7,450.8,2023,11,29,Wednesday,2,False,False,False,False,False,False,,False,False,True,False,False,False,48,4,333,32,False,29,True,False,5.0,11.0,10.0,8.0,12.0,3.0,3.0,7.428571428571429,7.999999999999992,0.9329277125887296
2023-11-30,PROD_007,Puma Velocity Nitro 2,Running,Zapatillas Running,70,False,2,142.36,2023,11,30,Thursday,3,False,False,False,False,False,False,,False,False,True,False,False,False,48,4,334,31,False,30,True,False,7.0,5.0,11.0,10.0,8.0,12.0,3.0,8.0,-1.6857142857142955,1.0704832564668139
2024-10-25,PROD_007,Puma Velocity Nitro 2,Running,Zapatillas Running,70,False,2,141.6,2024,10,25,Friday,4,False,False,True,False,False,False,,False,False,False,False,False,False,43,4,299,67,True,25,False,False,2.0,7.0,5.0,11.0,10.0,8.0,12.0,7.857142857142857,-1.1428571428571388,1.037768114525822
2024-10-26,PROD_007,Puma Velocity Nitro 2,Running,Zapatillas Running,70,False,3,211.89,2024,10,26,Saturday,5,True,False,False,True,False,False,,False,False,False,False,False,False,43,4,300,66,True,26,False,False,2.0,2.0,7.0,5.0,11.0,10.0,8.0,6.428571428571429,-0.8999999999999935,1.021156626506024
2024-10-27,PROD_007,Puma Velocity Nitro 2,Running,Zapatillas Running,70,False,2,142.16,2024,10,27,Sunday,6,True,False,False,False,True,False,,False,False,False,False,False,False,43,4,301,65,True,27,False,False,3.0,2.0,2.0,7.0,5.0,11.0,10.0,5.714285714285714,-1.5428571428571405,1.059735612762151
2024-10-28,PROD_007,Puma Velocity Nitro 2,Running,Zapatillas Running,70,False,3,213.3,2024,10,28,Monday,0,False,True,False,False,False,False,,False,False,False,False,False,False,44,4,302,64,True,28,True,False,2.0,3.0,2.0,2.0,7.0,5.0,11.0,4.571428571428571,-1.5714285714285632,1.0719131614654003
2024-10-29,PROD_007,Puma Velocity Nitro 2,Running,Zapatillas Running,70,False,2,142.94,2024,10,29,Tuesday,1,False,False,False,False,False,False,,False,False,False,False,False,False,44,4,303,63,True,29,True,False,3.0,2.0,3.0,2.0,2.0,7.0,5.0,3.4285714285714284,-2.0999999999999983,1.0555309407768425
2024-10-30,PROD_007,Puma Velocity Nitro 2,Running,Zapatillas Running,70,False,3,214.68,2024,10,30,Wednesday,2,False,False,False,False,False,False,,False,False,False,False,False,False,44,4,304,62,True,30,True,False,2.0,3.0,2.0,3.0,2.0,2.0,7.0,3.0,-2.2285714285714318,1.063193343898574
2024-10-31,PROD_007,Puma Velocity Nitro 2,Running,Zapatillas Running,70,False,2,140.86,2024,10,31,Thursday,3,False,False,False,False,False,False,,False,False,False,False,False,False,44,4,305,61,True,31,True,False,3.0,2.0,3.0,2.0,3.0,2.0,2.0,2.4285714285714284,-0.6142857142857241,1.0369552414605419
2024-11-01,PROD_007,Puma Velocity Nitro 2,Running,Zapatillas Running,70,False,3,204.78,2024,11,1,Friday,4,False,False,True,False,False,True,Todos los Santos,False,False,True,False,False,False,44,4,306,60,False,1,False,True,2.0,3.0,2.0,3.0,2.0,3.0,2.0,2.4285714285714284,2.485714285714278,1.0185019397194868
2024-11-02,PROD_007,Puma Velocity Nitro 2,Running,Zapatillas Running,70,False,3,208.8,2024,11,2,Saturday,5,True,False,False,True,False,False,,False,False,True,False,False,False,44,4,307,59,False,2,False,True,3.0,2.0,3.0,2.0,3.0,2.0,3.0,2.5714285714285716,0.5714285714285796,1.0471939415216411
2024-11-03,PROD_007,Puma Velocity Nitro 2,Running,Zapatillas Running,70,False,2,136.8,2024,11,3,Sunday,6,True,False,False,False,True,False,,False,False,True,False,False,False,44,4,308,58,False,3,False,True,3.0,3.0,2.0,3.0,2.0,3.0,2.0,2.5714285714285716,2.2857142857142776,0.9796619879690632
2024-11-04,PROD_007,Puma Velocity Nitro 2,Running,Zapatillas Running,70,False,2,141.8,2024,11,4,Monday,0,False,True,False,False,False,False,,False,False,True,False,False,False,45,4,309,57,False,4,False,False,2.0,3.0,3.0,2.0,3.0,2.0,3.0,2.5714285714285716,-1.2857142857142938,1.0093005599316693
2024-11-05,PROD_007,Puma Velocity Nitro 2,Running,Zapatillas Running,70,False,3,206.01,2024,11,5,Tuesday,1,False,False,False,False,False,False,,False,False,True,False,False,False,45,4,310,56,False,5,False,False,2.0,2.0,3.0,3.0,2.0,3.0,2.0,2.4285714285714284,1.8999999999999975,1.017735401640154
2024-11-06,PROD_007,Puma Velocity Nitro 2,Running,Zapatillas Running,70,False,3,211.71,2024,11,6,Wednesday,2,False,False,False,False,False,False,,False,False,True,False,False,False,45,4,311,55,False,6,False,False,3.0,2.0,2.0,3.0,3.0,2.0,3.0,2.5714285714285716,-0.8142857142857045,1.0629612893508058
2024-11-07,PROD_007,Puma Velocity Nitro 2,Running,Zapatillas Running,70,False,2,138.86,2024,11,7,Thursday,3,False,False,False,False,False,False,,False,False,True,False,False,False,45,4,312,54,False,7,False,False,3.0,3.0,2.0,2.0,3.0,3.0,2.0,2.5714285714285716,0.8142857142857045,1.056558790707112
2024-11-08,PROD_007,Puma Velocity Nitro 2,Running,Zapatillas Running,70,False,3,209.25,2024,11,8,Friday,4,False,False,True,False,False,False,,False,False,True,False,False,False,45,4,313,53,False,8,False,False,2.0,3.0,3.0,2.0,2.0,3.0,3.0,2.5714285714285716,0.35714285714285715,1.038513077572088
2024-11-09,PROD_007,Puma Velocity Nitro 2,Running,Zapatillas Running,70,False,3,205.71,2024,11,9,Saturday,5,True,False,False,True,False,False,,False,False,True,False,False,False,45,4,314,52,False,9,False,False,3.0,2.0,3.0,3.0,2.0,2.0,3.0,2.5714285714285716,2.0428571428571525,1.0116553555621126
2024-11-10,PROD_007,Puma Velocity Nitro 2,Running,Zapatillas Running,70,False,3,211.8,2024,11,10,Sunday,6,True,False,False,False,True,False,,False,False,True,False,False,False,45,4,315,51,False,10,False,False,3.0,3.0,2.0,3.0,3.0,2.0,2.0,2.5714285714285716,-0.857142857142849,1.0472187886279356
2024-11-11,PROD_007,Puma Velocity Nitro 2,Running,Zapatillas Running,70,False,3,208.59,2024,11,11,Monday,0,False,True,False,False,False,False,,False,False,True,False,False,False,46,4,316,50,False,11,False,False,3.0,3.0,3.0,2.0,3.0,3.0,2.0,2.7142857142857144,0.6714285714285698,1.0094855538885932
2024-11-12,PROD_007,Puma Velocity Nitro 2,Running,Zapatillas Running,70,False,2,137.16,2024,11,12,Tuesday,1,False,False,False,False,False,False,,False,False,True,False,False,False,46,4,317,49,False,12,False,False,3.0,3.0,3.0,3.0,2.0,3.0,3.0,2.857142857142857,2.028571428571431,0.9567077423854917
2024-11-13,PROD_007,Puma Velocity Nitro 2,Running,Zapatillas Running,70,False,3,204.6,2024,11,13,Wednesday,2,False,False,False,False,False,False,,False,False,True,False,False,False,46,4,318,48,False,13,False,False,2.0,3.0,3.0,3.0,3.0,2.0,3.0,2.7142857142857144,2.571428571428567,1.0364216605035208
2024-11-14,PROD_007,Puma Velocity Nitro 2,Running,Zapatillas Running,70,False,3,205.17,2024,11,14,Thursday,3,False,False,False,False,False,False,,False,False,True,False,False,False,46,4,319,47,False,14,False,False,3.0,2.0,3.0,3.0,3.0,3.0,2.0,2.7142857142857144,2.2999999999999994,1.0334978843441467
2024-11-15,PROD_007,Puma Velocity Nitro 2,Running,Zapatillas Running,70,False,3,204.03,2024,11,15,Friday,4,False,False,True,False,False,False,,False,False,True,False,False,False,46,4,320,46,False,15,False,False,3.0,3.0,2.0,3.0,3.0,3.0,3.0,2.857142857142857,2.8428571428571354,0.959689557855127
2024-11-16,PROD_007,Puma Velocity Nitro 2,Running,Zapatillas Running,70,False,3,215.34,2024,11,16,Saturday,5,True,False,False,True,False,False,,False,False,True,False,False,False,46,4,321,45,False,16,False,False,3.0,3.0,3.0,2.0,3.0,3.0,3.0,2.857142857142857,-2.5428571428571445,1.089171008042082
2024-11-17,PROD_007,Puma Velocity Nitro 2,Running,Zapatillas Running,70,False,3,206.46,2024,11,17,Sunday,6,True,False,False,False,True,False,,False,False,True,False,False,False,46,4,322,44,False,17,False,False,3.0,3.0,3.0,3.0,2.0,3.0,3.0,2.857142857142857,1.6857142857142955,0.9985007496251873
2024-11-18,PROD_007,Puma Velocity Nitro 2,Running,Zapatillas Running,70,False,3,203.85,2024,11,18,Monday,0,False,True,False,False,False,False,,False,False,True,False,False,False,47,4,323,43,False,18,False,False,3.0,3.0,3.0,3.0,3.0,2.0,3.0,2.857142857142857,2.9285714285714244,0.9900917965904125
2024-11-19,PROD_007,Puma Velocity Nitro 2,Running,Zapatillas Running,70,False,3,209.37,2024,11,19,Tuesday,1,False,False,False,False,False,False,,False,False,True,False,False,False,47,4,324,42,False,19,False,False,3.0,3.0,3.0,3.0,3.0,3.0,2.0,2.857142857142857,0.29999999999999105,1.0525865969533963
2024-11-20,PROD_007,Puma Velocity Nitro 2,Running,Zapatillas Running,70,False,2,139.48,2024,11,20,Wednesday,2,False,False,False,False,False,False,,False,False,True,False,False,False,47,4,325,41,False,20,False,False,3.0,3.0,3.0,3.0,3.0,3.0,3.0,3.0,0.37142857142857877,1.034615765008407
2024-11-21,PROD_007,Puma Velocity Nitro 2,Running,Zapatillas Running,70,False,3,212.67,2024,11,21,Thursday,3,False,False,False,False,False,False,,False,False,True,False,False,False,47,4,326,40,False,21,False,False,2.0,3.0,3.0,3.0,3.0,3.0,3.0,2.857142857142857,-1.2714285714285722,1.0832272194774104
2024-11-22,PROD_007,Puma Velocity Nitro 2,Running,Zapatillas Running,70,False,3,214.68,2024,11,22,Friday,4,False,False,True,False,False,False,,False,False,True,False,False,False,47,4,327,39,False,22,False,False,3.0,2.0,3.0,3.0,3.0,3.0,3.0,2.857142857142857,-2.2285714285714318,1.0248233721596336
2024-11-23,PROD_007,Puma Velocity Nitro 2,Running,Zapatillas Running,70,False,3,208.56,2024,11,23,Saturday,5,True,False,False,True,False,False,,False,False,True,False,False,False,47,4,328,38,False,23,False,False,3.0,3.0,2.0,3.0,3.0,3.0,3.0,2.857142857142857,0.6857142857142914,1.042643603459481
2024-11-24,PROD_007,Puma Velocity Nitro 2,Running,Zapatillas Running,70,False,2,140.3,2024,11,24,Sunday,6,True,False,False,False,True,False,,False,False,True,False,False,False,47,4,329,37,False,24,False,False,3.0,3.0,3.0,2.0,3.0,3.0,3.0,2.857142857142857,-0.2142857142857224,1.0455064831834666
2024-11-25,PROD_007,Puma Velocity Nitro 2,Running,Zapatillas Running,70,False,3,207.54,2024,11,25,Monday,0,False,True,False,False,False,False,,False,False,True,False,False,False,48,4,330,36,False,25,False,False,2.0,3.0,3.0,3.0,2.0,3.0,3.0,2.7142857142857144,1.1714285714285617,1.0194017387887422
2024-11-26,PROD_007,Puma Velocity Nitro 2,Running,Zapatillas Running,70,False,3,214.17,2024,11,26,Tuesday,1,False,False,False,False,False,False,,False,False,True,False,False,False,48,4,331,35,False,26,False,False,3.0,2.0,3.0,3.0,3.0,2.0,3.0,2.7142857142857144,-1.9857142857142864,1.0555446032528337
2024-11-27,PROD_007,Puma Velocity Nitro 2,Running,Zapatillas Running,70,False,3,211.95,2024,11,27,Wednesday,2,False,False,False,False,False,False,,False,False,True,False,False,False,48,4,332,34,False,27,False,False,3.0,3.0,2.0,3.0,3.0,3.0,2.0,2.7142857142857144,-0.9285714285714367,1.026740299375091
2024-11-28,PROD_007,Puma Velocity Nitro 2,Running,Zapatillas Running,70,False,3,209.64,2024,11,28,Thursday,3,False,False,False,False,False,False,,False,False,True,False,False,False,48,4,333,33,False,28,True,False,3.0,3.0,3.0,2.0,3.0,3.0,3.0,2.857142857142857,0.17142857142857792,1.0526210082345853
2024-11-29,PROD_007,Puma Velocity Nitro 2,Running,Zapatillas Running,70,False,13,773.5,2024,11,29,Friday,4,False,False,True,False,False,False,,True,False,True,False,False,False,48,4,334,32,False,29,True,False,3.0,3.0,3.0,3.0,2.0,3.0,3.0,2.857142857142857,15.0,0.9830377794911335
2024-11-30,PROD_007,Puma Velocity Nitro 2,Running,Zapatillas Running,70,False,12,739.2,2024,11,30,Saturday,5,True,False,False,True,False,False,,False,False,True,False,False,False,48,4,335,31,False,30,True,False,13.0,3.0,3.0,3.0,3.0,2.0,3.0,4.285714285714286,11.999999999999998,0.9247860681579343
2021-11-01,PROD_008,Reebok Floatride Energy 5,Running,Zapatillas Running,65,False,2,126.18,2021,11,1,Monday,0,False,True,False,False,False,True,Todos los Santos,False,False,True,False,False,False,44,4,305,60,False,1,False,True,2.0,2.0,2.0,2.0,2.0,2.0,2.0,2.0,2.9384615384615334,1.0149613899613898
2021-11-02,PROD_008,Reebok Floatride Energy 5,Running,Zapatillas Running,65,False,2,128.42,2021,11,2,Tuesday,1,False,False,False,False,False,False,,False,False,True,False,False,False,44,4,306,59,False,2,False,True,2.0,2.0,2.0,2.0,2.0,2.0,2.0,2.0,1.2153846153846248,0.9844636377574487
2021-11-03,PROD_008,Reebok Floatride Energy 5,Running,Zapatillas Running,65,False,2,129.7,2021,11,3,Wednesday,2,False,False,False,False,False,False,,False,False,True,False,False,False,44,4,307,58,False,3,False,True,2.0,2.0,2.0,2.0,2.0,2.0,2.0,2.0,0.2307692307692395,1.0279509669238085
2021-11-04,PROD_008,Reebok Floatride Energy 5,Running,Zapatillas Running,65,False,2,127.26,2021,11,4,Thursday,3,False,False,False,False,False,False,,False,False,True,False,False,False,44,4,308,57,False,4,False,False,2.0,2.0,2.0,2.0,2.0,2.0,2.0,2.0,2.1076923076923038,1.018677624206201
2021-11-05,PROD_008,Reebok Floatride Energy 5,Running,Zapatillas Running,65,False,2,130.68,2021,11,5,Friday,4,False,False,True,False,False,False,,False,False,True,False,False,False,44,4,309,56,False,5,False,False,2.0,2.0,2.0,2.0,2.0,2.0,2.0,2.0,-0.5230769230769283,1.0286523929471032
2021-11-06,PROD_008,Reebok Floatride Energy 5,Running,Zapatillas Running,65,False,3,195.69,2021,11,6,Saturday,5,True,False,False,True,False,False,,False,False,True,False,False,False,44,4,310,55,False,6,False,False,2.0,2.0,2.0,2.0,2.0,2.0,2.0,2.0,-0.35384615384615997,1.0438470155224837
2021-11-07,PROD_008,Reebok Floatride Energy 5,Running,Zapatillas Running,65,False,2,132.94,2021,11,7,Sunday,6,True,False,False,False,True,False,,False,False,True,False,False,False,44,4,311,54,False,7,False,False,3.0,2.0,2.0,2.0,2.0,2.0,2.0,2.142857142857143,-2.2615384615384597,1.0423941453214844
2021-11-08,PROD_008,Reebok Floatride Energy 5,Running,Zapatillas Running,65,False,2,131.3,2021,11,8,Monday,0,False,True,False,False,False,False,,False,False,True,False,False,False,45,4,312,53,False,8,False,False,2.0,3.0,2.0,2.0,2.0,2.0,2.0,2.142857142857143,-1.0000000000000087,1.0686960768354226
2021-11-09,PROD_008,Reebok Floatride Energy 5,Running,Zapatillas Running,65,False,2,130.1,2021,11,9,Tuesday,1,False,False,False,False,False,False,,False,False,True,False,False,False,45,4,313,52,False,9,False,False,2.0,2.0,3.0,2.0,2.0,2.0,2.0,2.142857142857143,-0.07692307692307256,1.024839827749186
2021-11-10,PROD_008,Reebok Floatride Energy 5,Running,Zapatillas Running,65,False,2,130.72,2021,11,10,Wednesday,2,False,False,False,False,False,False,,False,False,True,False,False,False,45,4,314,51,False,10,False,False,2.0,2.0,2.0,3.0,2.0,2.0,2.0,2.142857142857143,-0.553846153846153,1.026543112926025
2021-11-11,PROD_008,Reebok Floatride Energy 5,Running,Zapatillas Running,65,False,2,130.12,2021,11,11,Thursday,3,False,False,False,False,False,False,,False,False,True,False,False,False,45,4,315,50,False,11,False,False,2.0,2.0,2.0,2.0,3.0,2.0,2.0,2.142857142857143,-0.09230769230769581,1.0260750709704551
2021-11-12,PROD_008,Reebok Floatride Energy 5,Running,Zapatillas Running,65,False,2,126.18,2021,11,12,Friday,4,False,False,True,False,False,False,,False,False,True,False,False,False,45,4,316,49,False,12,False,False,2.0,2.0,2.0,2.0,2.0,3.0,2.0,2.142857142857143,2.9384615384615334,0.9797090946736375
2021-11-13,PROD_008,Reebok Floatride Energy 5,Running,Zapatillas Running,65,False,3,189.99,2021,11,13,Saturday,5,True,False,False,True,False,False,,False,False,True,False,False,False,45,4,317,48,False,13,False,False,2.0,2.0,2.0,2.0,2.0,2.0,3.0,2.142857142857143,2.569230769230772,0.9928926051737653
2021-11-14,PROD_008,Reebok Floatride Energy 5,Running,Zapatillas Running,65,False,3,193.86,2021,11,14,Sunday,6,True,False,False,False,True,False,,False,False,True,False,False,False,45,4,318,47,False,14,False,False,3.0,2.0,2.0,2.0,2.0,2.0,2.0,2.142857142857143,0.5846153846153777,1.0212295211505031
2021-11-15,PROD_008,Reebok Floatride Energy 5,Running,Zapatillas Running,65,False,2,130.08,2021,11,15,Monday,0,False,True,False,False,False,False,,False,False,True,False,False,False,46,4,319,46,False,15,False,False,3.0,3.0,2.0,2.0,2.0,2.0,2.0,2.2857142857142856,-0.06153846153847116,0.9996413750704443
2021-11-16,PROD_008,Reebok Floatride Energy 5,Running,Zapatillas Running,65,False,2,128.4,2021,11,16,Tuesday,1,False,False,False,False,False,False,,False,False,True,False,False,False,46,4,320,45,False,16,False,False,2.0,3.0,3.0,2.0,2.0,2.0,2.0,2.2857142857142856,1.2307692307692264,0.9795544705523344
2021-11-17,PROD_008,Reebok Floatride Energy 5,Running,Zapatillas Running,65,False,2,128.54,2021,11,17,Wednesday,2,False,False,False,False,False,False,,False,False,True,False,False,False,46,4,321,44,False,17,False,False,2.0,2.0,3.0,3.0,2.0,2.0,2.0,2.2857142857142856,1.1230769230769293,1.0180042238648364
2021-11-18,PROD_008,Reebok Floatride Energy 5,Running,Zapatillas Running,65,False,2,127.66,2021,11,18,Thursday,3,False,False,False,False,False,False,,False,False,True,False,False,False,46,4,322,43,False,18,False,False,2.0,2.0,2.0,3.0,3.0,2.0,2.0,2.2857142857142856,1.8000000000000027,1.027968649345072
2021-11-19,PROD_008,Reebok Floatride Energy 5,Running,Zapatillas Running,65,False,2,127.88,2021,11,19,Friday,4,False,False,True,False,False,False,,False,False,True,False,False,False,46,4,323,42,False,19,False,False,2.0,2.0,2.0,2.0,3.0,3.0,2.0,2.2857142857142856,1.6307692307692343,1.0398438770531793
2021-11-20,PROD_008,Reebok Floatride Energy 5,Running,Zapatillas Running,65,False,3,191.97,2021,11,20,Saturday,5,True,False,False,True,False,False,,False,False,True,False,False,False,46,4,324,41,False,20,False,False,2.0,2.0,2.0,2.0,2.0,3.0,3.0,2.2857142857142856,1.5538461538461508,1.0181924260103956
2021-11-21,PROD_008,Reebok Floatride Energy 5,Running,Zapatillas Running,65,False,2,131.98,2021,11,21,Sunday,6,True,False,False,False,True,False,,False,False,True,False,False,False,46,4,325,40,False,21,False,False,3.0,2.0,2.0,2.0,2.0,2.0,3.0,2.2857142857142856,-1.5230769230769152,1.0080965475099297
2021-11-22,PROD_008,Reebok Floatride Energy 5,Running,Zapatillas Running,65,False,2,131.52,2021,11,22,Monday,0,False,True,False,False,False,False,,False,False,True,False,False,False,47,4,326,39,False,22,False,False,2.0,3.0,2.0,2.0,2.0,2.0,2.0,2.142857142857143,-1.169230769230777,1.021805562749262
2021-11-23,PROD_008,Reebok Floatride Energy 5,Running,Zapatillas Running,65,False,2,130.06,2021,11,23,Tuesday,1,False,False,False,False,False,False,,False,False,True,False,False,False,47,4,327,38,False,23,False,False,2.0,2.0,3.0,2.0,2.0,2.0,2.0,2.142857142857143,-0.046153846153847905,1.0308586525759578
2021-11-24,PROD_008,Reebok Floatride Energy 5,Running,Zapatillas Running,65,False,3,196.47,2021,11,24,Wednesday,2,False,False,False,False,False,False,,False,False,True,False,False,False,47,4,328,37,False,24,False,False,2.0,2.0,2.0,3.0,2.0,2.0,2.0,2.142857142857143,-0.7538461538461461,1.0422811671087533
2021-11-25,PROD_008,Reebok Floatride Energy 5,Running,Zapatillas Running,65,False,3,190.05,2021,11,25,Thursday,3,False,False,False,False,False,False,,False,False,True,False,False,False,47,4,329,36,False,25,False,False,3.0,2.0,2.0,2.0,3.0,2.0,2.0,2.2857142857142856,2.538461538461536,0.9882995319812792
2021-11-26,PROD_008,Reebok Floatride Energy 5,Running,Zapatillas Running,65,False,8,442.0,2021,11,26,Friday,4,False,False,True,False,False,False,,True,False,True,False,False,False,47,4,330,35,False,26,False,False,3.0,3.0,2.0,2.0,2.0,3.0,2.0,2.4285714285714284,15.0,0.9741404642962092
2021-11-27,PROD_008,Reebok Floatride Energy 5,Running,Zapatillas Running,65,False,9,514.8,2021,11,27,Saturday,5,True,False,False,True,False,False,,False,False,True,False,False,False,47,4,331,34,False,27,False,False,8.0,3.0,3.0,2.0,2.0,2.0,3.0,3.2857142857142856,11.999999999999995,0.8812201509782775
2021-11-28,PROD_008,Reebok Floatride Energy 5,Running,Zapatillas Running,65,False,9,514.8,2021,11,28,Sunday,6,True,False,False,False,True,False,,False,False,True,False,False,False,47,4,332,33,False,28,True,False,9.0,8.0,3.0,3.0,2.0,2.0,2.0,4.142857142857143,11.999999999999995,0.8999842660093355
2021-11-29,PROD_008,Reebok Floatride Energy 5,Running,Zapatillas Running,65,False,9,497.25,2021,11,29,Monday,0,False,True,False,False,False,False,,False,True,True,False,False,False,48,4,333,32,False,29,True,False,9.0,9.0,8.0,3.0,3.0,2.0,2.0,5.142857142857143,15.0,0.8527989298209507
2021-11-30,PROD_008,Reebok Floatride Energy 5,Running,Zapatillas Running,65,False,5,299.0,2021,11,30,Tuesday,1,False,False,False,False,False,False,,False,False,True,False,False,False,48,4,334,31,False,30,True,False,9.0,9.0,9.0,8.0,3.0,3.0,2.0,6.142857142857143,8.000000000000004,0.9507658063490381
2022-10-25,PROD_008,Reebok Floatride Energy 5,Running,Zapatillas Running,65,False,2,133.88,2022,10,25,Tuesday,1,False,False,False,False,False,False,,False,False,False,False,False,False,43,4,298,67,True,25,False,False,5.0,9.0,9.0,9.0,8.0,3.0,3.0,6.571428571428571,-2.984615384615381,1.0101609657947686
2022-10-26,PROD_008,Reebok Floatride Energy 5,Running,Zapatillas Running,65,False,2,133.62,2022,10,26,Wednesday,2,False,False,False,False,False,False,,False,False,False,False,False,False,43,4,299,66,True,26,False,False,2.0,5.0,9.0,9.0,9.0,8.0,3.0,6.428571428571429,-2.784615384615388,1.047069271758437
2022-10-27,PROD_008,Reebok Floatride Energy 5,Running,Zapatillas Running,65,False,2,130.28,2022,10,27,Thursday,3,False,False,False,False,False,False,,False,False,False,False,False,False,43,4,300,65,True,27,False,False,2.0,2.0,5.0,9.0,9.0,9.0,8.0,6.285714285714286,-0.21538461538461623,1.0062821833161688
2022-10-28,PROD_008,Reebok Floatride Energy 5,Running,Zapatillas Running,65,False,2,129.66,2022,10,28,Friday,4,False,False,True,False,False,False,,False,False,False,False,False,False,43,4,301,64,True,28,True,False,2.0,2.0,2.0,5.0,9.0,9.0,9.0,5.428571428571429,0.26153846153846416,1.018005757655064
2022-10-29,PROD_008,Reebok Floatride Energy 5,Running,Zapatillas Running,65,False,2,126.68,2022,10,29,Saturday,5,True,False,False,True,False,False,,False,False,False,False,False,False,43,4,302,63,True,29,True,False,2.0,2.0,2.0,2.0,5.0,9.0,9.0,4.428571428571429,2.5538461538461488,0.9850699844479006
2022-10-30,PROD_008,Reebok Floatride Energy 5,Running,Zapatillas Running,65,False,3,197.94,2022,10,30,Sunday,6,True,False,False,False,True,False,,False,False,False,False,False,False,43,4,303,62,True,30,True,False,2.0,2.0,2.0,2.0,2.0,5.0,9.0,3.4285714285714284,-1.5076923076923139,1.0361180904522613
2022-10-31,PROD_008,Reebok Floatride Energy 5,Running,Zapatillas Running,65,False,2,127.32,2022,10,31,Monday,0,False,True,False,False,False,False,,False,False,False,False,False,False,44,4,304,61,True,31,True,False,3.0,2.0,2.0,2.0,2.0,2.0,5.0,2.5714285714285716,2.0615384615384666,1.02843295638126
2022-11-01,PROD_008,Reebok Floatride Energy 5,Running,Zapatillas Running,65,False,2,127.88,2022,11,1,Tuesday,1,False,False,False,False,False,True,Todos los Santos,False,False,True,False,False,False,44,4,305,60,False,1,False,True,2.0,3.0,2.0,2.0,2.0,2.0,2.0,2.142857142857143,1.6307692307692343,0.9908057851239667
2022-11-02,PROD_008,Reebok Floatride Energy 5,Running,Zapatillas Running,65,False,2,126.62,2022,11,2,Wednesday,2,False,False,False,False,False,False,,False,False,True,False,False,False,44,4,306,59,False,2,False,True,2.0,2.0,3.0,2.0,2.0,2.0,2.0,2.142857142857143,2.5999999999999965,0.9765540644763228
2022-11-03,PROD_008,Reebok Floatride Energy 5,Running,Zapatillas Running,65,False,2,131.64,2022,11,3,Thursday,3,False,False,False,False,False,False,,False,False,True,False,False,False,44,4,307,58,False,3,False,True,2.0,2.0,2.0,3.0,2.0,2.0,2.0,2.142857142857143,-1.261538461538451,1.0521660361272445
2022-11-04,PROD_008,Reebok Floatride Energy 5,Running,Zapatillas Running,65,False,2,130.76,2022,11,4,Friday,4,False,False,True,False,False,False,,False,False,True,False,False,False,44,4,308,57,False,4,False,False,2.0,2.0,2.0,2.0,3.0,2.0,2.0,2.142857142857143,-0.5846153846153777,1.0337303678718244
2022-11-05,PROD_008,Reebok Floatride Energy 5,Running,Zapatillas Running,65,False,3,200.07,2022,11,5,Saturday,5,True,False,False,True,False,False,,False,False,True,False,False,False,44,4,309,56,False,5,False,False,2.0,2.0,2.0,2.0,2.0,3.0,2.0,2.142857142857143,-2.5999999999999965,1.1142236578302518
2022-11-06,PROD_008,Reebok Floatride Energy 5,Running,Zapatillas Running,65,False,2,132.68,2022,11,6,Sunday,6,True,False,False,False,True,False,,False,False,True,False,False,False,44,4,310,55,False,6,False,False,3.0,2.0,2.0,2.0,2.0,2.0,3.0,2.2857142857142856,-2.0615384615384666,1.0324220573740728
2022-11-07,PROD_008,Reebok Floatride Energy 5,Running,Zapatillas Running,65,False,2,128.24,2022,11,7,Monday,0,False,True,False,False,False,False,,False,False,True,False,False,False,45,4,311,54,False,7,False,False,2.0,3.0,2.0,2.0,2.0,2.0,2.0,2.142857142857143,1.3538461538461468,1.0059091146786592
2022-11-08,PROD_008,Reebok Floatride Energy 5,Running,Zapatillas Running,65,False,2,127.98,2022,11,8,Tuesday,1,False,False,False,False,False,False,,False,False,True,False,False,False,45,4,312,53,False,8,False,False,2.0,2.0,3.0,2.0,2.0,2.0,2.0,2.142857142857143,1.5538461538461508,0.9671032745591939
2022-11-09,PROD_008,Reebok Floatride Energy 5,Running,Zapatillas Running,65,False,2,129.94,2022,11,9,Wednesday,2,False,False,False,False,False,False,,False,False,True,False,False,False,45,4,313,52,False,9,False,False,2.0,2.0,2.0,3.0,2.0,2.0,2.0,2.142857142857143,0.046153846153847905,1.0048461102232304
2022-11-10,PROD_008,Reebok Floatride Energy 5,Running,Zapatillas Running,65,False,2,127.54,2022,11,10,Thursday,3,False,False,False,False,False,False,,False,False,True,False,False,False,45,4,314,51,False,10,False,False,2.0,2.0,2.0,2.0,3.0,2.0,2.0,2.142857142857143,1.8923076923076876,1.0168491548846605
2022-11-11,PROD_008,Reebok Floatride Energy 5,Running,Zapatillas Running,65,False,2,127.84,2022,11,11,Friday,4,False,False,True,False,False,False,,False,False,True,False,False,False,45,4,315,50,False,11,False,False,2.0,2.0,2.0,2.0,2.0,3.0,2.0,2.142857142857143,1.6615384615384587,1.044728956687551
2022-11-12,PROD_008,Reebok Floatride Energy 5,Running,Zapatillas Running,65,False,3,192.0,2022,11,12,Saturday,5,True,False,False,True,False,False,,False,False,True,False,False,False,45,4,316,49,False,12,False,False,2.0,2.0,2.0,2.0,2.0,2.0,3.0,2.142857142857143,1.5384615384615385,1.063535146513045
2022-11-13,PROD_008,Reebok Floatride Energy 5,Running,Zapatillas Running,65,False,2,126.42,2022,11,13,Sunday,6,True,False,False,False,True,False,,False,False,True,False,False,False,45,4,317,48,False,13,False,False,3.0,2.0,2.0,2.0,2.0,2.0,2.0,2.142857142857143,2.7538461538461525,1.0123318385650224
2022-11-14,PROD_008,Reebok Floatride Energy 5,Running,Zapatillas Running,65,False,2,128.84,2022,11,14,Monday,0,False,True,False,False,False,False,,False,False,True,False,False,False,46,4,318,47,False,14,False,False,2.0,3.0,2.0,2.0,2.0,2.0,2.0,2.142857142857143,0.8923076923076897,1.0476500243942104
2022-11-15,PROD_008,Reebok Floatride Energy 5,Running,Zapatillas Running,65,False,3,194.13,2022,11,15,Tuesday,1,False,False,False,False,False,False,,False,False,True,False,False,False,46,4,319,46,False,15,False,False,2.0,2.0,3.0,2.0,2.0,2.0,2.0,2.142857142857143,0.4461538461538557,1.018146535899722
2022-11-16,PROD_008,Reebok Floatride Energy 5,Running,Zapatillas Running,65,False,2,127.1,2022,11,16,Wednesday,2,False,False,False,False,False,False,,False,False,True,False,False,False,46,4,320,45,False,16,False,False,3.0,2.0,2.0,3.0,2.0,2.0,2.0,2.2857142857142856,2.2307692307692353,1.0043725634811926
2022-11-17,PROD_008,Reebok Floatride Energy 5,Running,Zapatillas Running,65,False,3,193.95,2022,11,17,Thursday,3,False,False,False,False,False,False,,False,False,True,False,False,False,46,4,321,44,False,17,False,False,2.0,3.0,2.0,2.0,3.0,2.0,2.0,2.2857142857142856,0.5384615384615297,1.0690662550986663
2022-11-18,PROD_008,Reebok Floatride Energy 5,Running,Zapatillas Running,65,False,2,127.36,2022,11,18,Friday,4,False,False,True,False,False,False,,False,False,True,False,False,False,46,4,322,43,False,18,False,False,3.0,2.0,3.0,2.0,2.0,3.0,2.0,2.4285714285714284,2.030769230769231,1.055644581974913
2022-11-19,PROD_008,Reebok Floatride Energy 5,Running,Zapatillas Running,65,False,2,133.0,2022,11,19,Saturday,5,True,False,False,True,False,False,,False,False,True,False,False,False,46,4,323,42,False,19,False,False,2.0,3.0,2.0,3.0,2.0,2.0,3.0,2.4285714285714284,-2.307692307692308,1.0327156020291957
2022-11-20,PROD_008,Reebok Floatride Energy 5,Running,Zapatillas Running,65,False,2,127.08,2022,11,20,Sunday,6,True,False,False,False,True,False,,False,False,True,False,False,False,46,4,324,41,False,20,False,False,2.0,2.0,3.0,2.0,3.0,2.0,2.0,2.2857142857142856,2.2461538461538475,0.969977610421331
2022-11-21,PROD_008,Reebok Floatride Energy 5,Running,Zapatillas Running,65,False,2,130.04,2022,11,21,Monday,0,False,True,False,False,False,False,,False,False,True,False,False,False,47,4,325,40,False,21,False,False,2.0,2.0,2.0,3.0,2.0,3.0,2.0,2.2857142857142856,-0.03076923076922465,1.0405974926647106
2022-11-22,PROD_008,Reebok Floatride Energy 5,Running,Zapatillas Running,65,False,3,190.71,2022,11,22,Tuesday,1,False,False,False,False,False,False,,False,False,True,False,False,False,47,4,326,39,False,22,False,False,2.0,2.0,2.0,2.0,3.0,2.0,3.0,2.2857142857142856,2.1999999999999997,0.9823323374884103
2022-11-23,PROD_008,Reebok Floatride Energy 5,Running,Zapatillas Running,65,False,3,199.41,2022,11,23,Wednesday,2,False,False,False,False,False,False,,False,False,True,False,False,False,47,4,327,38,False,23,False,False,3.0,2.0,2.0,2.0,2.0,3.0,2.0,2.2857142857142856,-2.2615384615384597,1.0777753756350663
2022-11-24,PROD_008,Reebok Floatride Energy 5,Running,Zapatillas Running,65,False,3,190.89,2022,11,24,Thursday,3,False,False,False,False,False,False,,False,False,True,False,False,False,47,4,328,37,False,24,False,False,3.0,3.0,2.0,2.0,2.0,2.0,3.0,2.4285714285714284,2.1076923076923038,0.9798275331074839
2022-11-25,PROD_008,Reebok Floatride Energy 5,Running,Zapatillas Running,65,False,12,663.0,2022,11,25,Friday,4,False,False,True,False,False,False,,True,False,True,False,False,False,47,4,329,36,False,25,False,False,3.0,3.0,3.0,2.0,2.0,2.0,2.0,2.4285714285714284,15.0,0.9910313901345291
2022-11-26,PROD_008,Reebok Floatride Energy 5,Running,Zapatillas Running,65,False,9,514.8,2022,11,26,Saturday,5,True,False,False,True,False,False,,False,False,True,False,False,False,47,4,330,35,False,26,False,False,12.0,3.0,3.0,3.0,2.0,2.0,2.0,3.857142857142857,11.999999999999995,0.9177942985505697
2022-11-27,PROD_008,Reebok Floatride Energy 5,Running,Zapatillas Running,65,False,10,572.0,2022,11,27,Sunday,6,True,False,False,False,True,False,,False,False,True,False,False,False,47,4,331,34,False,27,False,False,9.0,12.0,3.0,3.0,3.0,2.0,2.0,4.857142857142857,11.999999999999995,0.9264158073746154
2022-11-28,PROD_008,Reebok Floatride Energy 5,Running,Zapatillas Running,65,False,8,442.0,2022,11,28,Monday,0,False,True,False,False,False,False,,False,True,True,False,False,False,48,4,332,33,False,28,True,False,10.0,9.0,12.0,3.0,3.0,3.0,2.0,6.0,15.0,0.8541172833144388
2022-11-29,PROD_008,Reebok Floatride Energy 5,Running,Zapatillas Running,65,False,4,239.2,2022,11,29,Tuesday,1,False,False,False,False,False,False,,False,False,True,False,False,False,48,4,333,32,False,29,True,False,8.0,10.0,9.0,12.0,3.0,3.0,3.0,6.857142857142857,8.000000000000004,0.9522292993630572
2022-11-30,PROD_008,Reebok Floatride Energy 5,Running,Zapatillas Running,65,False,5,299.0,2022,11,30,Wednesday,2,False,False,False,False,False,False,,False,False,True,False,False,False,48,4,334,31,False,30,True,False,4.0,8.0,10.0,9.0,12.0,3.0,3.0,7.0,8.000000000000004,0.9212756123863811
2023-10-25,PROD_008,Reebok Floatride Energy 5,Running,Zapatillas Running,65,False,2,127.8,2023,10,25,Wednesday,2,False,False,False,False,False,False,,False,False,False,False,False,False,43,4,298,67,True,25,False,False,5.0,4.0,8.0,10.0,9.0,12.0,3.0,7.285714285714286,1.6923076923076943,1.0023005333054482
2023-10-26,PROD_008,Reebok Floatride Energy 5,Running,Zapatillas Running,65,False,2,128.82,2023,10,26,Thursday,3,False,False,False,False,False,False,,False,False,False,False,False,False,43,4,299,66,True,26,False,False,2.0,5.0,4.0,8.0,10.0,9.0,12.0,7.142857142857143,0.907692307692313,1.0078760692676818
2023-10-27,PROD_008,Reebok Floatride Energy 5,Running,Zapatillas Running,65,False,2,129.62,2023,10,27,Friday,4,False,False,True,False,False,False,,False,False,False,False,False,False,43,4,300,65,True,27,False,False,2.0,2.0,5.0,4.0,8.0,10.0,9.0,5.714285714285714,0.2923076923076888,1.0553655756391467
2023-10-28,PROD_008,Reebok Floatride Energy 5,Running,Zapatillas Running,65,False,3,193.23,2023,10,28,Saturday,5,True,False,False,True,False,False,,False,False,False,False,False,False,43,4,301,64,True,28,True,False,2.0,2.0,2.0,5.0,4.0,8.0,10.0,4.714285714285714,0.907692307692313,1.02607264231096
2023-10-29,PROD_008,Reebok Floatride Energy 5,Running,Zapatillas Running,65,False,2,130.62,2023,10,29,Sunday,6,True,False,False,False,True,False,,False,False,False,False,False,False,43,4,302,63,True,29,True,False,3.0,2.0,2.0,2.0,5.0,4.0,8.0,3.7142857142857144,-0.47692307692308045,0.9926537643124936
2023-10-30,PROD_008,Reebok Floatride Energy 5,Running,Zapatillas Running,65,False,2,130.66,2023,10,30,Monday,0,False,True,False,False,False,False,,False,False,False,False,False,False,44,4,303,62,True,30,True,False,2.0,3.0,2.0,2.0,2.0,5.0,4.0,2.857142857142857,-0.5076923076923051,0.9883509833585475
2023-10-31,PROD_008,Reebok Floatride Energy 5,Running,Zapatillas Running,65,False,2,131.5,2023,10,31,Tuesday,1,False,False,False,False,False,False,,False,False,False,False,False,False,44,4,304,61,True,31,True,False,2.0,2.0,3.0,2.0,2.0,2.0,5.0,2.5714285714285716,-1.153846153846154,1.0228686994399505
2023-11-01,PROD_008,Reebok Floatride Energy 5,Running,Zapatillas Running,65,False,2,130.88,2023,11,1,Wednesday,2,False,False,False,False,False,True,Todos los Santos,False,False,True,False,False,False,44,4,305,60,False,1,False,True,2.0,2.0,2.0,3.0,2.0,2.0,2.0,2.142857142857143,-0.6769230769230734,1.0295783511642542
2023-11-02,PROD_008,Reebok Floatride Energy 5,Running,Zapatillas Running,65,False,3,197.34,2023,11,2,Thursday,3,False,False,False,False,False,False,,False,False,True,False,False,False,44,4,306,59,False,2,False,True,2.0,2.0,2.0,2.0,3.0,2.0,2.0,2.142857142857143,-1.2000000000000017,1.0627389735580806
2023-11-03,PROD_008,Reebok Floatride Energy 5,Running,Zapatillas Running,65,False,3,199.32,2023,11,3,Friday,4,False,False,True,False,False,False,,False,False,True,False,False,False,44,4,307,58,False,3,False,True,3.0,2.0,2.0,2.0,2.0,3.0,2.0,2.2857142857142856,-2.215384615384612,1.0131137541933517
2023-11-04,PROD_008,Reebok Floatride Energy 5,Running,Zapatillas Running,65,False,3,200.43,2023,11,4,Saturday,5,True,False,False,True,False,False,,False,False,True,False,False,False,44,4,308,57,False,4,False,False,3.0,3.0,2.0,2.0,2.0,2.0,3.0,2.4285714285714284,-2.784615384615388,1.0191183200284741
2023-11-05,PROD_008,Reebok Floatride Energy 5,Running,Zapatillas Running,65,False,3,192.81,2023,11,5,Sunday,6,True,False,False,False,True,False,,False,False,True,False,False,False,44,4,309,56,False,5,False,False,3.0,3.0,3.0,2.0,2.0,2.0,2.0,2.4285714285714284,1.1230769230769293,1.0166086681429927
2023-11-06,PROD_008,Reebok Floatride Energy 5,Running,Zapatillas Running,65,False,2,126.62,2023,11,6,Monday,0,False,True,False,False,False,False,,False,False,True,False,False,False,45,4,310,55,False,6,False,False,3.0,3.0,3.0,3.0,2.0,2.0,2.0,2.5714285714285716,2.5999999999999965,0.9929422835633627
2023-11-07,PROD_008,Reebok Floatride Energy 5,Running,Zapatillas Running,65,False,2,127.52,2023,11,7,Tuesday,1,False,False,False,False,False,False,,False,False,True,False,False,False,45,4,311,54,False,7,False,False,2.0,3.0,3.0,3.0,3.0,2.0,2.0,2.5714285714285716,1.9076923076923107,0.9930948548881159
2023-11-08,PROD_008,Reebok Floatride Energy 5,Running,Zapatillas Running,65,False,2,130.9,2023,11,8,Wednesday,2,False,False,False,False,False,False,,False,False,True,False,False,False,45,4,312,53,False,8,False,False,2.0,2.0,3.0,3.0,3.0,3.0,2.0,2.5714285714285716,-0.6923076923076966,1.0467533852223052
2023-11-09,PROD_008,Reebok Floatride Energy 5,Running,Zapatillas Running,65,False,3,189.21,2023,11,9,Thursday,3,False,False,False,False,False,False,,False,False,True,False,False,False,45,4,313,52,False,9,False,False,2.0,2.0,2.0,3.0,3.0,3.0,3.0,2.5714285714285716,2.969230769230769,1.0258620689655173
2023-11-10,PROD_008,Reebok Floatride Energy 5,Running,Zapatillas Running,65,False,2,130.94,2023,11,10,Friday,4,False,False,True,False,False,False,,False,False,True,False,False,False,45,4,314,51,False,10,False,False,3.0,2.0,2.0,2.0,3.0,3.0,3.0,2.5714285714285716,-0.7230769230769213,1.0851980772418364
2023-11-11,PROD_008,Reebok Floatride Energy 5,Running,Zapatillas Running,65,False,3,195.42,2023,11,11,Saturday,5,True,False,False,True,False,False,,False,False,True,False,False,False,45,4,315,50,False,11,False,False,2.0,3.0,2.0,2.0,2.0,3.0,3.0,2.4285714285714284,-0.21538461538461623,1.0396892955948074
2023-11-12,PROD_008,Reebok Floatride Energy 5,Running,Zapatillas Running,65,False,2,133.72,2023,11,12,Sunday,6,True,False,False,False,True,False,,False,False,True,False,False,False,45,4,316,49,False,12,False,False,3.0,2.0,3.0,2.0,2.0,2.0,3.0,2.4285714285714284,-2.8615384615384607,1.0479076328300505
2023-11-13,PROD_008,Reebok Floatride Energy 5,Running,Zapatillas Running,65,False,3,197.04,2023,11,13,Monday,0,False,True,False,False,False,False,,False,False,True,False,False,False,46,4,317,48,False,13,False,False,2.0,3.0,2.0,3.0,2.0,2.0,2.0,2.2857142857142856,-1.0461538461538566,1.0449170069470226
2023-11-14,PROD_008,Reebok Floatride Energy 5,Running,Zapatillas Running,65,False,2,128.9,2023,11,14,Tuesday,1,False,False,False,False,False,False,,False,False,True,False,False,False,46,4,318,47,False,14,False,False,3.0,2.0,3.0,2.0,3.0,2.0,2.0,2.4285714285714284,0.8461538461538418,1.0086071987480438
2023-11-15,PROD_008,Reebok Floatride Energy 5,Running,Zapatillas Running,65,False,2,129.34,2023,11,15,Wednesday,2,False,False,False,False,False,False,,False,False,True,False,False,False,46,4,319,46,False,15,False,False,2.0,3.0,2.0,3.0,2.0,3.0,2.0,2.4285714285714284,0.5076923076923051,1.0482494056624163
2023-11-16,PROD_008,Reebok Floatride Energy 5,Running,Zapatillas Running,65,False,2,128.4,2023,11,16,Thursday,3,False,False,False,False,False,False,,False,False,True,False,False,False,46,4,320,45,False,16,False,False,2.0,2.0,3.0,2.0,3.0,2.0,3.0,2.4285714285714284,1.2307692307692264,1.0373801572767423
2023-11-17,PROD_008,Reebok Floatride Energy 5,Running,Zapatillas Running,65,False,3,189.3,2023,11,17,Friday,4,False,False,True,False,False,False,,False,False,True,False,False,False,46,4,321,44,False,17,False,False,2.0,2.0,2.0,3.0,2.0,3.0,2.0,2.2857142857142856,2.923076923076921,1.0160485212817347
2023-11-18,PROD_008,Reebok Floatride Energy 5,Running,Zapatillas Running,65,False,3,200.01,2023,11,18,Saturday,5,True,False,False,True,False,False,,False,False,True,False,False,False,46,4,322,43,False,18,False,False,3.0,2.0,2.0,2.0,3.0,2.0,3.0,2.4285714285714284,-2.569230769230772,1.06552661019658
2023-11-19,PROD_008,Reebok Floatride Energy 5,Running,Zapatillas Running,65,False,3,197.55,2023,11,19,Sunday,6,True,False,False,False,True,False,,False,False,True,False,False,False,46,4,323,42,False,19,False,False,3.0,3.0,2.0,2.0,2.0,3.0,2.0,2.4285714285714284,-1.307692307692299,1.0775062724991817
2023-11-20,PROD_008,Reebok Floatride Energy 5,Running,Zapatillas Running,65,False,2,126.78,2023,11,20,Monday,0,False,True,False,False,False,False,,False,False,True,False,False,False,47,4,324,41,False,20,False,False,3.0,3.0,3.0,2.0,2.0,2.0,3.0,2.5714285714285716,2.476923076923076,1.0320742429176164
2023-11-21,PROD_008,Reebok Floatride Energy 5,Running,Zapatillas Running,65,False,3,192.72,2023,11,21,Tuesday,1,False,False,False,False,False,False,,False,False,True,False,False,False,47,4,325,40,False,21,False,False,2.0,3.0,3.0,3.0,2.0,2.0,2.0,2.4285714285714284,1.169230769230777,1.0274016419660945
2023-11-22,PROD_008,Reebok Floatride Energy 5,Running,Zapatillas Running,65,False,3,198.45,2023,11,22,Wednesday,2,False,False,False,False,False,False,,False,False,True,False,False,False,47,4,326,39,False,22,False,False,3.0,2.0,3.0,3.0,3.0,2.0,2.0,2.5714285714285716,-1.769230769230778,1.1036036036036037
2023-11-23,PROD_008,Reebok Floatride Energy 5,Running,Zapatillas Running,65,False,3,191.04,2023,11,23,Thursday,3,False,False,False,False,False,False,,False,False,True,False,False,False,47,4,327,38,False,23,False,False,3.0,3.0,2.0,3.0,3.0,3.0,2.0,2.7142857142857144,2.030769230769231,1.020894565275477
2023-11-24,PROD_008,Reebok Floatride Energy 5,Running,Zapatillas Running,65,False,12,663.0,2023,11,24,Friday,4,False,False,True,False,False,False,,True,False,True,False,False,False,47,4,328,37,False,24,False,False,3.0,3.0,3.0,2.0,3.0,3.0,3.0,2.857142857142857,15.0,1.0412740294006786
2023-11-25,PROD_008,Reebok Floatride Energy 5,Running,Zapatillas Running,65,False,11,629.2,2023,11,25,Saturday,5,True,False,False,True,False,False,,False,False,True,False,False,False,47,4,329,36,False,25,False,False,12.0,3.0,3.0,3.0,2.0,3.0,3.0,4.142857142857143,11.999999999999995,0.9153952843273233
2023-11-26,PROD_008,Reebok Floatride Energy 5,Running,Zapatillas Running,65,False,9,514.8,2023,11,26,Sunday,6,True,False,False,False,True,False,,False,False,True,False,False,False,47,4,330,35,False,26,False,False,11.0,12.0,3.0,3.0,3.0,2.0,3.0,5.285714285714286,11.999999999999995,0.920353982300885
2023-11-27,PROD_008,Reebok Floatride Energy 5,Running,Zapatillas Running,65,False,10,552.5,2023,11,27,Monday,0,False,True,False,False,False,False,,False,True,True,False,False,False,48,4,331,34,False,27,False,False,9.0,11.0,12.0,3.0,3.0,3.0,2.0,6.142857142857143,15.0,0.8799638989169675
2023-11-28,PROD_008,Reebok Floatride Energy 5,Running,Zapatillas Running,65,False,5,299.0,2023,11,28,Tuesday,1,False,False,False,False,False,False,,False,False,True,False,False,False,48,4,332,33,False,28,True,False,10.0,9.0,11.0,12.0,3.0,3.0,3.0,7.285714285714286,8.000000000000004,0.9159136161739928
2023-11-29,PROD_008,Reebok Floatride Energy 5,Running,Zapatillas Running,65,False,6,358.8,2023,11,29,Wednesday,2,False,False,False,False,False,False,,False,False,True,False,False,False,48,4,333,32,False,29,True,False,5.0,10.0,9.0,11.0,12.0,3.0,3.0,7.571428571428571,8.000000000000004,0.9504635761589404
2023-11-30,PROD_008,Reebok Floatride Energy 5,Running,Zapatillas Running,65,False,2,133.38,2023,11,30,Thursday,3,False,False,False,False,False,False,,False,False,True,False,False,False,48,4,334,31,False,30,True,False,6.0,5.0,10.0,9.0,11.0,12.0,3.0,8.0,-2.5999999999999965,1.0848018218294204
2024-10-25,PROD_008,Reebok Floatride Energy 5,Running,Zapatillas Running,65,False,2,131.92,2024,10,25,Friday,4,False,False,True,False,False,False,,False,False,False,False,False,False,43,4,299,67,True,25,False,False,2.0,6.0,5.0,10.0,9.0,11.0,12.0,7.857142857142857,-1.4769230769230672,1.0623859121657897
2024-10-26,PROD_008,Reebok Floatride Energy 5,Running,Zapatillas Running,65,False,3,196.5,2024,10,26,Saturday,5,True,False,False,True,False,False,,False,False,False,False,False,False,43,4,300,66,True,26,False,False,2.0,2.0,6.0,5.0,10.0,9.0,11.0,6.428571428571429,-0.7692307692307693,1.0067629880110667
2024-10-27,PROD_008,Reebok Floatride Energy 5,Running,Zapatillas Running,65,False,2,131.0,2024,10,27,Sunday,6,True,False,False,False,True,False,,False,False,False,False,False,False,43,4,301,65,True,27,False,False,3.0,2.0,2.0,6.0,5.0,10.0,9.0,5.285714285714286,-0.7692307692307693,1.024504692387904
2024-10-28,PROD_008,Reebok Floatride Energy 5,Running,Zapatillas Running,65,False,2,131.58,2024,10,28,Monday,0,False,True,False,False,False,False,,False,False,False,False,False,False,44,4,302,64,True,28,True,False,2.0,3.0,2.0,2.0,6.0,5.0,10.0,4.285714285714286,-1.2153846153846248,1.0598754161744175
2024-10-29,PROD_008,Reebok Floatride Energy 5,Running,Zapatillas Running,65,False,2,127.4,2024,10,29,Tuesday,1,False,False,False,False,False,False,,False,False,False,False,False,False,44,4,303,63,True,29,True,False,2.0,2.0,3.0,2.0,2.0,6.0,5.0,3.142857142857143,1.9999999999999956,1.0207788045510389
2024-10-30,PROD_008,Reebok Floatride Energy 5,Running,Zapatillas Running,65,False,2,128.16,2024,10,30,Wednesday,2,False,False,False,False,False,False,,False,False,False,False,False,False,44,4,304,62,True,30,True,False,2.0,2.0,2.0,3.0,2.0,2.0,6.0,2.7142857142857144,1.415384615384618,1.0138705764463898
2024-10-31,PROD_008,Reebok Floatride Energy 5,Running,Zapatillas Running,65,False,3,197.94,2024,10,31,Thursday,3,False,False,False,False,False,False,,False,False,False,False,False,False,44,4,305,61,True,31,True,False,2.0,2.0,2.0,2.0,3.0,2.0,2.0,2.142857142857143,-1.5076923076923139,1.0558489358297327
2024-11-01,PROD_008,Reebok Floatride Energy 5,Running,Zapatillas Running,65,False,3,194.94,2024,11,1,Friday,4,False,False,True,False,False,True,Todos los Santos,False,False,True,False,False,False,44,4,306,60,False,1,False,True,3.0,2.0,2.0,2.0,2.0,3.0,2.0,2.2857142857142856,0.03076923076922465,1.0262700710713346
2024-11-02,PROD_008,Reebok Floatride Energy 5,Running,Zapatillas Running,65,False,3,190.53,2024,11,2,Saturday,5,True,False,False,True,False,False,,False,False,True,False,False,False,44,4,307,59,False,2,False,True,3.0,3.0,2.0,2.0,2.0,2.0,3.0,2.4285714285714284,2.2923076923076953,1.0662003357582541
2024-11-03,PROD_008,Reebok Floatride Energy 5,Running,Zapatillas Running,65,False,3,189.87,2024,11,3,Sunday,6,True,False,False,False,True,False,,False,False,True,False,False,False,44,4,308,58,False,3,False,True,3.0,3.0,3.0,2.0,2.0,2.0,2.0,2.4285714285714284,2.630769230769232,1.0393584409897088
2024-11-04,PROD_008,Reebok Floatride Energy 5,Running,Zapatillas Running,65,False,3,193.5,2024,11,4,Monday,0,False,True,False,False,False,False,,False,False,True,False,False,False,45,4,309,57,False,4,False,False,3.0,3.0,3.0,3.0,2.0,2.0,2.0,2.5714285714285716,0.7692307692307693,1.0414984660100113
2024-11-05,PROD_008,Reebok Floatride Energy 5,Running,Zapatillas Running,65,False,3,198.9,2024,11,5,Tuesday,1,False,False,False,False,False,False,,False,False,True,False,False,False,45,4,310,56,False,5,False,False,3.0,3.0,3.0,3.0,3.0,2.0,2.0,2.7142857142857144,-1.9999999999999956,1.037396338601158
2024-11-06,PROD_008,Reebok Floatride Energy 5,Running,Zapatillas Running,65,False,2,132.2,2024,11,6,Wednesday,2,False,False,False,False,False,False,,False,False,True,False,False,False,45,4,311,55,False,6,False,False,3.0,3.0,3.0,3.0,3.0,3.0,2.0,2.857142857142857,-1.6923076923076836,1.0178626424391746
2024-11-07,PROD_008,Reebok Floatride Energy 5,Running,Zapatillas Running,65,False,2,129.22,2024,11,7,Thursday,3,False,False,False,False,False,False,,False,False,True,False,False,False,45,4,312,54,False,7,False,False,2.0,3.0,3.0,3.0,3.0,3.0,3.0,2.857142857142857,0.6000000000000009,1.0092684196823745
2024-11-08,PROD_008,Reebok Floatride Energy 5,Running,Zapatillas Running,65,False,2,127.94,2024,11,8,Friday,4,False,False,True,False,False,False,,False,False,True,False,False,False,45,4,313,53,False,8,False,False,2.0,2.0,3.0,3.0,3.0,3.0,3.0,2.7142857142857144,1.5846153846153863,1.025763001763857
2024-11-09,PROD_008,Reebok Floatride Energy 5,Running,Zapatillas Running,65,False,3,190.11,2024,11,9,Saturday,5,True,False,False,True,False,False,,False,False,True,False,False,False,45,4,314,52,False,9,False,False,2.0,2.0,2.0,3.0,3.0,3.0,3.0,2.5714285714285716,2.5076923076923117,1.0451921491011051
2024-11-10,PROD_008,Reebok Floatride Energy 5,Running,Zapatillas Running,65,False,3,196.32,2024,11,10,Sunday,6,True,False,False,False,True,False,,False,False,True,False,False,False,45,4,315,51,False,10,False,False,3.0,2.0,2.0,2.0,3.0,3.0,3.0,2.5714285714285716,-0.6769230769230734,1.0261878626313312
2024-11-11,PROD_008,Reebok Floatride Energy 5,Running,Zapatillas Running,65,False,3,192.66,2024,11,11,Monday,0,False,True,False,False,False,False,,False,False,True,False,False,False,46,4,316,50,False,11,False,False,3.0,3.0,2.0,2.0,2.0,3.0,3.0,2.5714285714285716,1.2000000000000017,1.053765793359952
2024-11-12,PROD_008,Reebok Floatride Energy 5,Running,Zapatillas Running,65,False,2,127.46,2024,11,12,Tuesday,1,False,False,False,False,False,False,,False,False,True,False,False,False,46,4,317,49,False,12,False,False,3.0,3.0,3.0,2.0,2.0,2.0,3.0,2.5714285714285716,1.953846153846159,0.9930916268439642
2024-11-13,PROD_008,Reebok Floatride Energy 5,Running,Zapatillas Running,65,False,3,200.67,2024,11,13,Wednesday,2,False,False,False,False,False,False,,False,False,True,False,False,False,46,4,318,48,False,13,False,False,2.0,3.0,3.0,3.0,2.0,2.0,2.0,2.4285714285714284,-2.907692307692309,1.048542167415613
2024-11-14,PROD_008,Reebok Floatride Energy 5,Running,Zapatillas Running,65,False,2,126.76,2024,11,14,Thursday,3,False,False,False,False,False,False,,False,False,True,False,False,False,46,4,319,47,False,14,False,False,3.0,2.0,3.0,3.0,3.0,2.0,2.0,2.5714285714285716,2.4923076923076883,1.0227529449733743
2024-11-15,PROD_008,Reebok Floatride Energy 5,Running,Zapatillas Running,65,False,3,199.5,2024,11,15,Friday,4,False,False,True,False,False,False,,False,False,True,False,False,False,46,4,320,46,False,15,False,False,2.0,3.0,2.0,3.0,3.0,3.0,2.0,2.5714285714285716,-2.307692307692308,1.0286156225831402
2024-11-16,PROD_008,Reebok Floatride Energy 5,Running,Zapatillas Running,65,False,3,191.25,2024,11,16,Saturday,5,True,False,False,True,False,False,,False,False,True,False,False,False,46,4,321,45,False,16,False,False,3.0,2.0,3.0,2.0,3.0,3.0,3.0,2.7142857142857144,1.9230769230769231,1.0062611806797854
2024-11-17,PROD_008,Reebok Floatride Energy 5,Running,Zapatillas Running,65,False,3,193.02,2024,11,17,Sunday,6,True,False,False,False,True,False,,False,False,True,False,False,False,46,4,322,44,False,17,False,False,3.0,3.0,2.0,3.0,2.0,3.0,3.0,2.7142857142857144,1.0153846153846102,1.0164296998420224
2024-11-18,PROD_008,Reebok Floatride Energy 5,Running,Zapatillas Running,65,False,2,131.82,2024,11,18,Monday,0,False,True,False,False,False,False,,False,False,True,False,False,False,47,4,323,43,False,18,False,False,3.0,3.0,3.0,2.0,3.0,2.0,3.0,2.7142857142857144,-1.3999999999999948,1.030165676773992
2024-11-19,PROD_008,Reebok Floatride Energy 5,Running,Zapatillas Running,65,False,3,192.87,2024,11,19,Tuesday,1,False,False,False,False,False,False,,False,False,True,False,False,False,47,4,324,42,False,19,False,False,2.0,3.0,3.0,3.0,2.0,3.0,2.0,2.5714285714285716,1.0923076923076827,1.0100549882168108
2024-11-20,PROD_008,Reebok Floatride Energy 5,Running,Zapatillas Running,65,False,2,131.9,2024,11,20,Wednesday,2,False,False,False,False,False,False,,False,False,True,False,False,False,47,4,325,41,False,20,False,False,3.0,2.0,3.0,3.0,3.0,2.0,3.0,2.7142857142857144,-1.461538461538466,1.0050289545870161
2024-11-21,PROD_008,Reebok Floatride Energy 5,Running,Zapatillas Running,65,False,2,127.02,2024,11,21,Thursday,3,False,False,False,False,False,False,,False,False,True,False,False,False,47,4,326,40,False,21,False,False,2.0,3.0,2.0,3.0,3.0,3.0,2.0,2.5714285714285716,2.2923076923076953,1.0202409638554217
2024-11-22,PROD_008,Reebok Floatride Energy 5,Running,Zapatillas Running,65,False,3,193.8,2024,11,22,Friday,4,False,False,True,False,False,False,,False,False,True,False,False,False,47,4,327,39,False,22,False,False,2.0,2.0,3.0,2.0,3.0,3.0,3.0,2.5714285714285716,0.6153846153846242,1.0230152027027026
2024-11-23,PROD_008,Reebok Floatride Energy 5,Running,Zapatillas Running,65,False,4,258.56,2024,11,23,Saturday,5,True,False,False,True,False,False,,False,False,True,False,False,False,47,4,328,38,False,23,False,False,3.0,2.0,2.0,3.0,2.0,3.0,3.0,2.5714285714285716,0.553846153846153,1.0233245382585752
2024-11-24,PROD_008,Reebok Floatride Energy 5,Running,Zapatillas Running,65,False,3,189.42,2024,11,24,Sunday,6,True,False,False,False,True,False,,False,False,True,False,False,False,47,4,329,37,False,24,False,False,4.0,3.0,2.0,2.0,3.0,2.0,3.0,2.7142857142857144,2.8615384615384607,0.9850746268656715
2024-11-25,PROD_008,Reebok Floatride Energy 5,Running,Zapatillas Running,65,False,2,132.52,2024,11,25,Monday,0,False,True,False,False,False,False,,False,False,True,False,False,False,48,4,330,36,False,25,False,False,3.0,4.0,3.0,2.0,2.0,3.0,2.0,2.7142857142857144,-1.9384615384615462,1.0611787315823191
2024-11-26,PROD_008,Reebok Floatride Energy 5,Running,Zapatillas Running,65,False,3,199.74,2024,11,26,Tuesday,1,False,False,False,False,False,False,,False,False,True,False,False,False,48,4,331,35,False,26,False,False,2.0,3.0,4.0,3.0,2.0,2.0,3.0,2.7142857142857144,-2.430769230769228,1.0532032691800686
2024-11-27,PROD_008,Reebok Floatride Energy 5,Running,Zapatillas Running,65,False,3,190.08,2024,11,27,Wednesday,2,False,False,False,False,False,False,,False,False,True,False,False,False,48,4,332,34,False,27,False,False,3.0,2.0,3.0,4.0,3.0,2.0,2.0,2.7142857142857144,2.523076923076924,0.997376429845734
2024-11-28,PROD_008,Reebok Floatride Energy 5,Running,Zapatillas Running,65,False,3,191.04,2024,11,28,Thursday,3,False,False,False,False,False,False,,False,False,True,False,False,False,48,4,333,33,False,28,True,False,3.0,3.0,2.0,3.0,4.0,3.0,2.0,2.857142857142857,2.030769230769231,0.984539270253556
2024-11-29,PROD_008,Reebok Floatride Energy 5,Running,Zapatillas Running,65,False,12,663.0,2024,11,29,Friday,4,False,False,True,False,False,False,,True,False,True,False,False,False,48,4,334,32,False,29,True,False,3.0,3.0,3.0,2.0,3.0,4.0,3.0,3.0,15.0,0.9863722923113545
2024-11-30,PROD_008,Reebok Floatride Energy 5,Running,Zapatillas Running,65,False,12,686.4,2024,11,30,Saturday,5,True,False,False,True,False,False,,False,False,True,False,False,False,48,4,335,31,False,30,True,False,12.0,3.0,3.0,3.0,2.0,3.0,4.0,4.285714285714286,11.999999999999995,0.9106830122591945
2021-11-01,PROD_009,Bowflex SelectTech 552,Fitness,Mancuernas Ajustables,400,True,2,795.98,2021,11,1,Monday,0,False,True,False,False,False,True,Todos los Santos,False,False,True,False,False,False,44,4,305,60,False,1,False,True,2.0,2.0,2.0,1.0,2.0,2.0,2.0,1.8571428571428572,0.5024999999999977,1.136973517564492
2021-11-02,PROD_009,Bowflex SelectTech 552,Fitness,Mancuernas Ajustables,400,True,2,792.78,2021,11,2,Tuesday,1,False,False,False,False,False,False,,False,False,True,False,False,False,44,4,306,59,False,2,False,True,2.0,2.0,2.0,2.0,1.0,2.0,2.0,1.8571428571428572,0.9025000000000035,1.1279344392908972
2021-11-03,PROD_009,Bowflex SelectTech 552,Fitness,Mancuernas Ajustables,400,True,2,816.42,2021,11,3,Wednesday,2,False,False,False,False,False,False,,False,False,True,False,False,False,44,4,307,58,False,3,False,True,2.0,2.0,2.0,2.0,2.0,1.0,2.0,1.8571428571428572,-2.052499999999995,1.1699914015477213
2021-11-04,PROD_009,Bowflex SelectTech 552,Fitness,Mancuernas Ajustables,400,True,2,790.66,2021,11,4,Thursday,3,False,False,False,False,False,False,,False,False,True,False,False,False,44,4,308,57,False,4,False,False,2.0,2.0,2.0,2.0,2.0,2.0,1.0,1.8571428571428572,1.167500000000004,1.1316590490548755
2021-11-05,PROD_009,Bowflex SelectTech 552,Fitness,Mancuernas Ajustables,400,True,2,784.86,2021,11,5,Friday,4,False,False,True,False,False,False,,False,False,True,False,False,False,44,4,309,56,False,5,False,False,2.0,2.0,2.0,2.0,2.0,2.0,2.0,2.0,1.8924999999999983,1.1131713313161877
2021-11-06,PROD_009,Bowflex SelectTech 552,Fitness,Mancuernas Ajustables,400,True,2,820.96,2021,11,6,Saturday,5,True,False,False,True,False,False,,False,False,True,False,False,False,44,4,310,55,False,6,False,False,2.0,2.0,2.0,2.0,2.0,2.0,2.0,2.0,-2.6200000000000045,1.1741754626848595
2021-11-07,PROD_009,Bowflex SelectTech 552,Fitness,Mancuernas Ajustables,400,True,2,818.22,2021,11,7,Sunday,6,True,False,False,False,True,False,,False,False,True,False,False,False,44,4,311,54,False,7,False,False,2.0,2.0,2.0,2.0,2.0,2.0,2.0,2.0,-2.2775000000000034,1.162156276039694
2021-11-08,PROD_009,Bowflex SelectTech 552,Fitness,Mancuernas Ajustables,400,True,1,403.23,2021,11,8,Monday,0,False,True,False,False,False,False,,False,False,True,False,False,False,45,4,312,53,False,8,False,False,2.0,2.0,2.0,2.0,2.0,2.0,2.0,2.0,-0.8075000000000045,1.1757919189759243
2021-11-09,PROD_009,Bowflex SelectTech 552,Fitness,Mancuernas Ajustables,400,True,2,790.66,2021,11,9,Tuesday,1,False,False,False,False,False,False,,False,False,True,False,False,False,45,4,313,52,False,9,False,False,1.0,2.0,2.0,2.0,2.0,2.0,2.0,1.8571428571428572,1.167500000000004,1.134799207738898
2021-11-10,PROD_009,Bowflex SelectTech 552,Fitness,Mancuernas Ajustables,400,True,2,818.84,2021,11,10,Wednesday,2,False,False,False,False,False,False,,False,False,True,False,False,False,45,4,314,51,False,10,False,False,2.0,1.0,2.0,2.0,2.0,2.0,2.0,1.8571428571428572,-2.355000000000004,1.1736949230284093
2021-11-11,PROD_009,Bowflex SelectTech 552,Fitness,Mancuernas Ajustables,400,True,2,776.26,2021,11,11,Thursday,3,False,False,False,False,False,False,,False,False,True,False,False,False,45,4,315,50,False,11,False,False,2.0,2.0,1.0,2.0,2.0,2.0,2.0,1.8571428571428572,2.967500000000001,1.0979321659924755
2021-11-12,PROD_009,Bowflex SelectTech 552,Fitness,Mancuernas Ajustables,400,True,2,806.54,2021,11,12,Friday,4,False,False,True,False,False,False,,False,False,True,False,False,False,45,4,316,49,False,12,False,False,2.0,2.0,2.0,1.0,2.0,2.0,2.0,1.8571428571428572,-0.8174999999999955,1.1650376048457767
2021-11-13,PROD_009,Bowflex SelectTech 552,Fitness,Mancuernas Ajustables,400,True,3,1193.49,2021,11,13,Saturday,5,True,False,False,True,False,False,,False,False,True,False,False,False,45,4,317,48,False,13,False,False,2.0,2.0,2.0,2.0,1.0,2.0,2.0,1.8571428571428572,0.542500000000004,1.1367978892624802
2021-11-14,PROD_009,Bowflex SelectTech 552,Fitness,Mancuernas Ajustables,400,True,2,823.7,2021,11,14,Sunday,6,True,False,False,False,True,False,,False,False,True,False,False,False,45,4,318,47,False,14,False,False,3.0,2.0,2.0,2.0,2.0,1.0,2.0,2.0,-2.9625000000000057,1.185407272378394
2021-11-15,PROD_009,Bowflex SelectTech 552,Fitness,Mancuernas Ajustables,400,True,2,806.08,2021,11,15,Monday,0,False,True,False,False,False,False,,False,False,True,False,False,False,46,4,319,46,False,15,False,False,2.0,3.0,2.0,2.0,2.0,2.0,1.0,2.0,-0.7600000000000051,1.1615208745605103
2021-11-16,PROD_009,Bowflex SelectTech 552,Fitness,Mancuernas Ajustables,400,True,2,787.16,2021,11,16,Tuesday,1,False,False,False,False,False,False,,False,False,True,False,False,False,46,4,320,45,False,16,False,False,2.0,2.0,3.0,2.0,2.0,2.0,2.0,2.142857142857143,1.605000000000004,1.121598130574791
2021-11-17,PROD_009,Bowflex SelectTech 552,Fitness,Mancuernas Ajustables,400,True,2,813.86,2021,11,17,Wednesday,2,False,False,False,False,False,False,,False,False,True,False,False,False,46,4,321,44,False,17,False,False,2.0,2.0,2.0,3.0,2.0,2.0,2.0,2.142857142857143,-1.7325000000000017,1.17129123251396
2021-11-18,PROD_009,Bowflex SelectTech 552,Fitness,Mancuernas Ajustables,400,True,2,818.74,2021,11,18,Thursday,3,False,False,False,False,False,False,,False,False,True,False,False,False,46,4,322,43,False,18,False,False,2.0,2.0,2.0,2.0,3.0,2.0,2.0,2.142857142857143,-2.342500000000001,1.1587473817296623
2021-11-19,PROD_009,Bowflex SelectTech 552,Fitness,Mancuernas Ajustables,400,True,3,1181.76,2021,11,19,Friday,4,False,False,True,False,False,False,,False,False,True,False,False,False,46,4,323,42,False,19,False,False,2.0,2.0,2.0,2.0,2.0,3.0,2.0,2.142857142857143,1.519999999999996,1.132984995925411
2021-11-20,PROD_009,Bowflex SelectTech 552,Fitness,Mancuernas Ajustables,400,True,2,822.12,2021,11,20,Saturday,5,True,False,False,True,False,False,,False,False,True,False,False,False,46,4,324,41,False,20,False,False,3.0,2.0,2.0,2.0,2.0,2.0,3.0,2.2857142857142856,-2.7650000000000006,1.1753078418664937
2021-11-21,PROD_009,Bowflex SelectTech 552,Fitness,Mancuernas Ajustables,400,True,2,820.08,2021,11,21,Sunday,6,True,False,False,False,True,False,,False,False,True,False,False,False,46,4,325,40,False,21,False,False,2.0,3.0,2.0,2.0,2.0,2.0,2.0,2.142857142857143,-2.510000000000005,1.161970434043357
2021-11-22,PROD_009,Bowflex SelectTech 552,Fitness,Mancuernas Ajustables,400,True,2,813.02,2021,11,22,Monday,0,False,True,False,False,False,False,,False,False,True,False,False,False,47,4,326,39,False,22,False,False,2.0,2.0,3.0,2.0,2.0,2.0,2.0,2.142857142857143,-1.6274999999999977,1.178346780037683
2021-11-23,PROD_009,Bowflex SelectTech 552,Fitness,Mancuernas Ajustables,400,True,2,793.72,2021,11,23,Tuesday,1,False,False,False,False,False,False,,False,False,True,False,False,False,47,4,327,38,False,23,False,False,2.0,2.0,2.0,3.0,2.0,2.0,2.0,2.142857142857143,0.7849999999999966,1.245050980392157
2021-11-24,PROD_009,Bowflex SelectTech 552,Fitness,Mancuernas Ajustables,400,True,2,803.44,2021,11,24,Wednesday,2,False,False,False,False,False,False,,False,False,True,False,False,False,47,4,328,37,False,24,False,False,2.0,2.0,2.0,2.0,3.0,2.0,2.0,2.142857142857143,-0.4300000000000069,1.2532601235415237
2021-11-25,PROD_009,Bowflex SelectTech 552,Fitness,Mancuernas Ajustables,400,True,2,779.62,2021,11,25,Thursday,3,False,False,False,False,False,False,,False,False,True,False,False,False,47,4,329,36,False,25,False,False,2.0,2.0,2.0,2.0,2.0,3.0,2.0,2.142857142857143,2.5474999999999994,1.2003510428641813
2021-11-26,PROD_009,Bowflex SelectTech 552,Fitness,Mancuernas Ajustables,400,True,10,3600.0,2021,11,26,Friday,4,False,False,True,False,False,False,,True,False,True,False,False,False,47,4,330,35,False,26,False,False,2.0,2.0,2.0,2.0,2.0,2.0,3.0,2.142857142857143,10.0,1.0535557506584723
2021-11-27,PROD_009,Bowflex SelectTech 552,Fitness,Mancuernas Ajustables,400,True,9,3312.0,2021,11,27,Saturday,5,True,False,False,True,False,False,,False,False,True,False,False,False,47,4,331,34,False,27,False,False,10.0,2.0,2.0,2.0,2.0,2.0,2.0,3.142857142857143,8.0,1.0243681787077092
2021-11-28,PROD_009,Bowflex SelectTech 552,Fitness,Mancuernas Ajustables,400,True,6,2208.0,2021,11,28,Sunday,6,True,False,False,False,True,False,,False,False,True,False,False,False,47,4,332,33,False,28,True,False,9.0,10.0,2.0,2.0,2.0,2.0,2.0,4.142857142857143,8.0,1.036814425244177
2021-11-29,PROD_009,Bowflex SelectTech 552,Fitness,Mancuernas Ajustables,400,True,6,2160.0,2021,11,29,Monday,0,False,True,False,False,False,False,,False,True,True,False,False,False,48,4,333,32,False,29,True,False,6.0,9.0,10.0,2.0,2.0,2.0,2.0,4.714285714285714,10.0,1.0435412766471406
2021-11-30,PROD_009,Bowflex SelectTech 552,Fitness,Mancuernas Ajustables,400,True,4,1520.0,2021,11,30,Tuesday,1,False,False,False,False,False,False,,False,False,True,False,False,False,48,4,334,31,False,30,True,False,6.0,6.0,9.0,10.0,2.0,2.0,2.0,5.285714285714286,5.0,0.983691431529899
2022-10-25,PROD_009,Bowflex SelectTech 552,Fitness,Mancuernas Ajustables,400,True,2,784.32,2022,10,25,Tuesday,1,False,False,False,False,False,False,,False,False,False,False,False,False,43,4,298,67,True,25,False,False,4.0,6.0,6.0,9.0,10.0,2.0,2.0,5.571428571428571,1.9599999999999937,1.0925908727873845
2022-10-26,PROD_009,Bowflex SelectTech 552,Fitness,Mancuernas Ajustables,400,True,2,794.98,2022,10,26,Wednesday,2,False,False,False,False,False,False,,False,False,False,False,False,False,43,4,299,66,True,26,False,False,2.0,4.0,6.0,6.0,9.0,10.0,2.0,5.571428571428571,0.6274999999999977,1.1008160552406625
2022-10-27,PROD_009,Bowflex SelectTech 552,Fitness,Mancuernas Ajustables,400,True,1,406.66,2022,10,27,Thursday,3,False,False,False,False,False,False,,False,False,False,False,False,False,43,4,300,65,True,27,False,False,2.0,2.0,4.0,6.0,6.0,9.0,10.0,5.571428571428571,-1.6650000000000065,1.1290256903827645
2022-10-28,PROD_009,Bowflex SelectTech 552,Fitness,Mancuernas Ajustables,400,True,2,776.38,2022,10,28,Friday,4,False,False,True,False,False,False,,False,False,False,False,False,False,43,4,301,64,True,28,True,False,1.0,2.0,2.0,4.0,6.0,6.0,9.0,4.285714285714286,2.9525000000000006,1.0692466602396364
2022-10-29,PROD_009,Bowflex SelectTech 552,Fitness,Mancuernas Ajustables,400,True,2,783.3,2022,10,29,Saturday,5,True,False,False,True,False,False,,False,False,False,False,False,False,43,4,302,63,True,29,True,False,2.0,1.0,2.0,2.0,4.0,6.0,6.0,3.2857142857142856,2.0875000000000057,1.0783710855758286
2022-10-30,PROD_009,Bowflex SelectTech 552,Fitness,Mancuernas Ajustables,400,True,2,789.54,2022,10,30,Sunday,6,True,False,False,False,True,False,,False,False,False,False,False,False,43,4,303,62,True,30,True,False,2.0,2.0,1.0,2.0,2.0,4.0,6.0,2.7142857142857144,1.3075000000000045,1.0791766142406736
2022-10-31,PROD_009,Bowflex SelectTech 552,Fitness,Mancuernas Ajustables,400,True,2,783.88,2022,10,31,Monday,0,False,True,False,False,False,False,,False,False,False,False,False,False,44,4,304,61,True,31,True,False,2.0,2.0,2.0,1.0,2.0,2.0,4.0,2.142857142857143,2.0150000000000006,1.0895595689279722
2022-11-01,PROD_009,Bowflex SelectTech 552,Fitness,Mancuernas Ajustables,400,True,2,787.72,2022,11,1,Tuesday,1,False,False,False,False,False,True,Todos los Santos,False,False,True,False,False,False,44,4,305,60,False,1,False,True,2.0,2.0,2.0,2.0,1.0,2.0,2.0,1.8571428571428572,1.5349999999999966,1.0954248366013073
2022-11-02,PROD_009,Bowflex SelectTech 552,Fitness,Mancuernas Ajustables,400,True,3,1167.09,2022,11,2,Wednesday,2,False,False,False,False,False,False,,False,False,True,False,False,False,44,4,306,59,False,2,False,True,2.0,2.0,2.0,2.0,2.0,1.0,2.0,1.8571428571428572,2.742500000000007,1.067317189157552
2022-11-03,PROD_009,Bowflex SelectTech 552,Fitness,Mancuernas Ajustables,400,True,2,822.6,2022,11,3,Thursday,3,False,False,False,False,False,False,,False,False,True,False,False,False,44,4,307,58,False,3,False,True,3.0,2.0,2.0,2.0,2.0,2.0,1.0,2.0,-2.825000000000003,1.1451720681590376
2022-11-04,PROD_009,Bowflex SelectTech 552,Fitness,Mancuernas Ajustables,400,True,2,787.88,2022,11,4,Friday,4,False,False,True,False,False,False,,False,False,True,False,False,False,44,4,308,57,False,4,False,False,2.0,3.0,2.0,2.0,2.0,2.0,2.0,2.142857142857143,1.5150000000000006,1.0965215858376864
2022-11-05,PROD_009,Bowflex SelectTech 552,Fitness,Mancuernas Ajustables,400,True,2,786.04,2022,11,5,Saturday,5,True,False,False,True,False,False,,False,False,True,False,False,False,44,4,309,56,False,5,False,False,2.0,2.0,3.0,2.0,2.0,2.0,2.0,2.142857142857143,1.7450000000000045,1.0799824133951306
2022-11-06,PROD_009,Bowflex SelectTech 552,Fitness,Mancuernas Ajustables,400,True,2,792.24,2022,11,6,Sunday,6,True,False,False,False,True,False,,False,False,True,False,False,False,44,4,310,55,False,6,False,False,2.0,2.0,2.0,3.0,2.0,2.0,2.0,2.142857142857143,0.9699999999999989,1.0883713262567887
2022-11-07,PROD_009,Bowflex SelectTech 552,Fitness,Mancuernas Ajustables,400,True,2,805.94,2022,11,7,Monday,0,False,True,False,False,False,False,,False,False,True,False,False,False,45,4,311,54,False,7,False,False,2.0,2.0,2.0,2.0,3.0,2.0,2.0,2.142857142857143,-0.7425000000000068,1.1287358897509874
2022-11-08,PROD_009,Bowflex SelectTech 552,Fitness,Mancuernas Ajustables,400,True,2,791.72,2022,11,8,Tuesday,1,False,False,False,False,False,False,,False,False,True,False,False,False,45,4,312,53,False,8,False,False,2.0,2.0,2.0,2.0,2.0,3.0,2.0,2.142857142857143,1.0349999999999966,1.0956646892212312
2022-11-09,PROD_009,Bowflex SelectTech 552,Fitness,Mancuernas Ajustables,400,True,2,783.94,2022,11,9,Wednesday,2,False,False,False,False,False,False,,False,False,True,False,False,False,45,4,313,52,False,9,False,False,2.0,2.0,2.0,2.0,2.0,2.0,3.0,2.142857142857143,2.007499999999993,1.0931985943513751
2022-11-10,PROD_009,Bowflex SelectTech 552,Fitness,Mancuernas Ajustables,400,True,2,809.38,2022,11,10,Thursday,3,False,False,False,False,False,False,,False,False,True,False,False,False,45,4,314,51,False,10,False,False,2.0,2.0,2.0,2.0,2.0,2.0,2.0,2.0,-1.1724999999999994,1.1089220145777388
2022-11-11,PROD_009,Bowflex SelectTech 552,Fitness,Mancuernas Ajustables,400,True,3,1215.03,2022,11,11,Friday,4,False,False,True,False,False,False,,False,False,True,False,False,False,45,4,315,50,False,11,False,False,2.0,2.0,2.0,2.0,2.0,2.0,2.0,2.0,-1.2524999999999977,1.1341323401752958
2022-11-12,PROD_009,Bowflex SelectTech 552,Fitness,Mancuernas Ajustables,400,True,3,1201.86,2022,11,12,Saturday,5,True,False,False,True,False,False,,False,False,True,False,False,False,45,4,316,49,False,12,False,False,3.0,2.0,2.0,2.0,2.0,2.0,2.0,2.142857142857143,-0.15500000000000114,1.100181248970176
2022-11-13,PROD_009,Bowflex SelectTech 552,Fitness,Mancuernas Ajustables,400,True,2,805.26,2022,11,13,Sunday,6,True,False,False,False,True,False,,False,False,True,False,False,False,45,4,317,48,False,13,False,False,3.0,3.0,2.0,2.0,2.0,2.0,2.0,2.2857142857142856,-0.6574999999999989,1.1056403778558874
2022-11-14,PROD_009,Bowflex SelectTech 552,Fitness,Mancuernas Ajustables,400,True,2,789.0,2022,11,14,Monday,0,False,True,False,False,False,False,,False,False,True,False,False,False,46,4,318,47,False,14,False,False,2.0,3.0,3.0,2.0,2.0,2.0,2.0,2.2857142857142856,1.375,1.094556350923922
2022-11-15,PROD_009,Bowflex SelectTech 552,Fitness,Mancuernas Ajustables,400,True,2,820.1,2022,11,15,Tuesday,1,False,False,False,False,False,False,,False,False,True,False,False,False,46,4,319,46,False,15,False,False,2.0,2.0,3.0,3.0,2.0,2.0,2.0,2.2857142857142856,-2.512500000000003,1.133423627618995
2022-11-16,PROD_009,Bowflex SelectTech 552,Fitness,Mancuernas Ajustables,400,True,2,793.26,2022,11,16,Wednesday,2,False,False,False,False,False,False,,False,False,True,False,False,False,46,4,320,45,False,16,False,False,2.0,2.0,2.0,3.0,3.0,2.0,2.0,2.2857142857142856,0.842500000000001,1.101647995555967
2022-11-17,PROD_009,Bowflex SelectTech 552,Fitness,Mancuernas Ajustables,400,True,2,791.0,2022,11,17,Thursday,3,False,False,False,False,False,False,,False,False,True,False,False,False,46,4,321,44,False,17,False,False,2.0,2.0,2.0,2.0,3.0,3.0,2.0,2.2857142857142856,1.125,1.0806207763347238
2022-11-18,PROD_009,Bowflex SelectTech 552,Fitness,Mancuernas Ajustables,400,True,3,1164.93,2022,11,18,Friday,4,False,False,True,False,False,False,,False,False,True,False,False,False,46,4,322,43,False,18,False,False,2.0,2.0,2.0,2.0,2.0,3.0,3.0,2.2857142857142856,2.9224999999999994,1.0666977996318985
2022-11-19,PROD_009,Bowflex SelectTech 552,Fitness,Mancuernas Ajustables,400,True,2,804.98,2022,11,19,Saturday,5,True,False,False,True,False,False,,False,False,True,False,False,False,46,4,323,42,False,19,False,False,3.0,2.0,2.0,2.0,2.0,2.0,3.0,2.2857142857142856,-0.6225000000000023,1.1064611606447416
2022-11-20,PROD_009,Bowflex SelectTech 552,Fitness,Mancuernas Ajustables,400,True,2,795.44,2022,11,20,Sunday,6,True,False,False,False,True,False,,False,False,True,False,False,False,46,4,324,41,False,20,False,False,2.0,3.0,2.0,2.0,2.0,2.0,2.0,2.142857142857143,0.5699999999999932,1.099271243124718
2022-11-21,PROD_009,Bowflex SelectTech 552,Fitness,Mancuernas Ajustables,400,True,1,399.32,2022,11,21,Monday,0,False,True,False,False,False,False,,False,False,True,False,False,False,47,4,325,40,False,21,False,False,2.0,2.0,3.0,2.0,2.0,2.0,2.0,2.142857142857143,0.1700000000000017,1.0857085889848557
2022-11-22,PROD_009,Bowflex SelectTech 552,Fitness,Mancuernas Ajustables,400,True,2,800.1,2022,11,22,Tuesday,1,False,False,False,False,False,False,,False,False,True,False,False,False,47,4,326,39,False,22,False,False,1.0,2.0,2.0,3.0,2.0,2.0,2.0,2.0,-0.01250000000000284,1.2076616554971926
2022-11-23,PROD_009,Bowflex SelectTech 552,Fitness,Mancuernas Ajustables,400,True,2,790.24,2022,11,23,Wednesday,2,False,False,False,False,False,False,,False,False,True,False,False,False,47,4,327,38,False,23,False,False,2.0,1.0,2.0,2.0,3.0,2.0,2.0,2.0,1.2199999999999989,1.1861547236648555
2022-11-24,PROD_009,Bowflex SelectTech 552,Fitness,Mancuernas Ajustables,400,True,2,802.28,2022,11,24,Thursday,3,False,False,False,False,False,False,,False,False,True,False,False,False,47,4,328,37,False,24,False,False,2.0,2.0,1.0,2.0,2.0,3.0,2.0,2.0,-0.2849999999999966,1.1892912203028025
2022-11-25,PROD_009,Bowflex SelectTech 552,Fitness,Mancuernas Ajustables,400,True,7,2520.0,2022,11,25,Friday,4,False,False,True,False,False,False,,True,False,True,False,False,False,47,4,329,36,False,25,False,False,2.0,2.0,2.0,1.0,2.0,2.0,3.0,2.0,10.0,1.0496009329786071
2022-11-26,PROD_009,Bowflex SelectTech 552,Fitness,Mancuernas Ajustables,400,True,7,2576.0,2022,11,26,Saturday,5,True,False,False,True,False,False,,False,False,True,False,False,False,47,4,330,35,False,26,False,False,7.0,2.0,2.0,2.0,1.0,2.0,2.0,2.5714285714285716,8.0,0.973437672214262
2022-11-27,PROD_009,Bowflex SelectTech 552,Fitness,Mancuernas Ajustables,400,True,8,2944.0,2022,11,27,Sunday,6,True,False,False,False,True,False,,False,False,True,False,False,False,47,4,331,34,False,27,False,False,7.0,7.0,2.0,2.0,2.0,1.0,2.0,3.2857142857142856,8.0,1.004092769440655
2022-11-28,PROD_009,Bowflex SelectTech 552,Fitness,Mancuernas Ajustables,400,True,6,2160.0,2022,11,28,Monday,0,False,True,False,False,False,False,,False,True,True,False,False,False,48,4,332,33,False,28,True,False,8.0,7.0,7.0,2.0,2.0,2.0,1.0,4.142857142857143,10.0,1.0373643261934493
2022-11-29,PROD_009,Bowflex SelectTech 552,Fitness,Mancuernas Ajustables,400,True,5,1900.0,2022,11,29,Tuesday,1,False,False,False,False,False,False,,False,False,True,False,False,False,48,4,333,32,False,29,True,False,6.0,8.0,7.0,7.0,2.0,2.0,2.0,4.857142857142857,5.0,0.9595555742603427
2022-11-30,PROD_009,Bowflex SelectTech 552,Fitness,Mancuernas Ajustables,400,True,5,1900.0,2022,11,30,Wednesday,2,False,False,False,False,False,False,,False,False,True,False,False,False,48,4,334,31,False,30,True,False,5.0,6.0,8.0,7.0,7.0,2.0,2.0,5.285714285714286,5.0,0.9705844791622322
2023-10-25,PROD_009,Bowflex SelectTech 552,Fitness,Mancuernas Ajustables,400,True,2,817.34,2023,10,25,Wednesday,2,False,False,False,False,False,False,,False,False,False,False,False,False,43,4,298,67,True,25,False,False,5.0,5.0,6.0,8.0,7.0,7.0,2.0,5.714285714285714,-2.167500000000004,1.102923713566031
2023-10-26,PROD_009,Bowflex SelectTech 552,Fitness,Mancuernas Ajustables,400,True,2,822.14,2023,10,26,Thursday,3,False,False,False,False,False,False,,False,False,False,False,False,False,43,4,299,66,True,26,False,False,2.0,5.0,5.0,6.0,8.0,7.0,7.0,5.714285714285714,-2.7674999999999983,1.1026457202635884
2023-10-27,PROD_009,Bowflex SelectTech 552,Fitness,Mancuernas Ajustables,400,True,2,808.06,2023,10,27,Friday,4,False,False,True,False,False,False,,False,False,False,False,False,False,43,4,300,65,True,27,False,False,2.0,2.0,5.0,5.0,6.0,8.0,7.0,5.0,-1.0074999999999932,1.073168356279605
2023-10-28,PROD_009,Bowflex SelectTech 552,Fitness,Mancuernas Ajustables,400,True,2,820.96,2023,10,28,Saturday,5,True,False,False,True,False,False,,False,False,False,False,False,False,43,4,301,64,True,28,True,False,2.0,2.0,2.0,5.0,5.0,6.0,8.0,4.285714285714286,-2.6200000000000045,1.1087561337955252
2023-10-29,PROD_009,Bowflex SelectTech 552,Fitness,Mancuernas Ajustables,400,True,2,781.26,2023,10,29,Sunday,6,True,False,False,False,True,False,,False,False,False,False,False,False,43,4,302,63,True,29,True,False,2.0,2.0,2.0,2.0,5.0,5.0,6.0,3.4285714285714284,2.342500000000001,1.0402006035860112
2023-10-30,PROD_009,Bowflex SelectTech 552,Fitness,Mancuernas Ajustables,400,True,2,790.06,2023,10,30,Monday,0,False,True,False,False,False,False,,False,False,False,False,False,False,44,4,303,62,True,30,True,False,2.0,2.0,2.0,2.0,2.0,5.0,5.0,2.857142857142857,1.2425000000000068,1.0645891536934395
2023-10-31,PROD_009,Bowflex SelectTech 552,Fitness,Mancuernas Ajustables,400,True,2,801.38,2023,10,31,Tuesday,1,False,False,False,False,False,False,,False,False,False,False,False,False,44,4,304,61,True,31,True,False,2.0,2.0,2.0,2.0,2.0,2.0,5.0,2.4285714285714284,-0.17249999999999943,1.0686111530905242
2023-11-01,PROD_009,Bowflex SelectTech 552,Fitness,Mancuernas Ajustables,400,True,2,778.7,2023,11,1,Wednesday,2,False,False,False,False,False,True,Todos los Santos,False,False,True,False,False,False,44,4,305,60,False,1,False,True,2.0,2.0,2.0,2.0,2.0,2.0,2.0,2.0,2.6624999999999943,1.0489802516367164
2023-11-02,PROD_009,Bowflex SelectTech 552,Fitness,Mancuernas Ajustables,400,True,2,810.08,2023,11,2,Thursday,3,False,False,False,False,False,False,,False,False,True,False,False,False,44,4,306,59,False,2,False,True,2.0,2.0,2.0,2.0,2.0,2.0,2.0,2.0,-1.2600000000000051,1.0778647080738732
2023-11-03,PROD_009,Bowflex SelectTech 552,Fitness,Mancuernas Ajustables,400,True,3,1206.75,2023,11,3,Friday,4,False,False,True,False,False,False,,False,False,True,False,False,False,44,4,307,58,False,3,False,True,2.0,2.0,2.0,2.0,2.0,2.0,2.0,2.0,-0.5625,1.082743398562623
2023-11-04,PROD_009,Bowflex SelectTech 552,Fitness,Mancuernas Ajustables,400,True,3,1176.33,2023,11,4,Saturday,5,True,False,False,True,False,False,,False,False,True,False,False,False,44,4,308,57,False,4,False,False,3.0,2.0,2.0,2.0,2.0,2.0,2.0,2.142857142857143,1.9724999999999966,1.0531060599278432
2023-11-05,PROD_009,Bowflex SelectTech 552,Fitness,Mancuernas Ajustables,400,True,2,801.12,2023,11,5,Sunday,6,True,False,False,False,True,False,,False,False,True,False,False,False,44,4,309,56,False,5,False,False,3.0,3.0,2.0,2.0,2.0,2.0,2.0,2.2857142857142856,-0.14000000000000057,1.0751749190272535
2023-11-06,PROD_009,Bowflex SelectTech 552,Fitness,Mancuernas Ajustables,400,True,2,815.86,2023,11,6,Monday,0,False,True,False,False,False,False,,False,False,True,False,False,False,45,4,310,55,False,6,False,False,2.0,3.0,3.0,2.0,2.0,2.0,2.0,2.2857142857142856,-1.9825000000000017,1.094330680497183
2023-11-07,PROD_009,Bowflex SelectTech 552,Fitness,Mancuernas Ajustables,400,True,2,805.44,2023,11,7,Tuesday,1,False,False,False,False,False,False,,False,False,True,False,False,False,45,4,311,54,False,7,False,False,2.0,2.0,3.0,3.0,2.0,2.0,2.0,2.2857142857142856,-0.6800000000000068,1.0806246757660865
2023-11-08,PROD_009,Bowflex SelectTech 552,Fitness,Mancuernas Ajustables,400,True,2,793.86,2023,11,8,Wednesday,2,False,False,False,False,False,False,,False,False,True,False,False,False,45,4,312,53,False,8,False,False,2.0,2.0,2.0,3.0,3.0,2.0,2.0,2.2857142857142856,0.7674999999999983,1.0749336510859557
2023-11-09,PROD_009,Bowflex SelectTech 552,Fitness,Mancuernas Ajustables,400,True,3,1220.85,2023,11,9,Thursday,3,False,False,False,False,False,False,,False,False,True,False,False,False,45,4,313,52,False,9,False,False,2.0,2.0,2.0,2.0,3.0,3.0,2.0,2.2857142857142856,-1.737499999999997,1.0696449849302587
2023-11-10,PROD_009,Bowflex SelectTech 552,Fitness,Mancuernas Ajustables,400,True,3,1193.28,2023,11,10,Friday,4,False,False,True,False,False,False,,False,False,True,False,False,False,45,4,314,51,False,10,False,False,3.0,2.0,2.0,2.0,2.0,3.0,3.0,2.4285714285714284,0.5600000000000023,1.0788272202081204
2023-11-11,PROD_009,Bowflex SelectTech 552,Fitness,Mancuernas Ajustables,400,True,3,1180.77,2023,11,11,Saturday,5,True,False,False,True,False,False,,False,False,True,False,False,False,45,4,315,50,False,11,False,False,3.0,3.0,2.0,2.0,2.0,2.0,3.0,2.4285714285714284,1.6025000000000063,1.0611564454669637
2023-11-12,PROD_009,Bowflex SelectTech 552,Fitness,Mancuernas Ajustables,400,True,3,1220.67,2023,11,12,Sunday,6,True,False,False,False,True,False,,False,False,True,False,False,False,45,4,316,49,False,12,False,False,3.0,3.0,3.0,2.0,2.0,2.0,2.0,2.4285714285714284,-1.7224999999999966,1.0930459543679931
2023-11-13,PROD_009,Bowflex SelectTech 552,Fitness,Mancuernas Ajustables,400,True,2,810.94,2023,11,13,Monday,0,False,True,False,False,False,False,,False,False,True,False,False,False,46,4,317,48,False,13,False,False,3.0,3.0,3.0,3.0,2.0,2.0,2.0,2.5714285714285716,-1.3675000000000068,1.085595716198126
2023-11-14,PROD_009,Bowflex SelectTech 552,Fitness,Mancuernas Ajustables,400,True,3,1225.38,2023,11,14,Tuesday,1,False,False,False,False,False,False,,False,False,True,False,False,False,46,4,318,47,False,14,False,False,2.0,3.0,3.0,3.0,3.0,2.0,2.0,2.5714285714285716,-2.114999999999995,1.0885783577780344
2023-11-15,PROD_009,Bowflex SelectTech 552,Fitness,Mancuernas Ajustables,400,True,2,820.24,2023,11,15,Wednesday,2,False,False,False,False,False,False,,False,False,True,False,False,False,46,4,319,46,False,15,False,False,3.0,2.0,3.0,3.0,3.0,3.0,2.0,2.7142857142857144,-2.530000000000001,1.1019892699442
2023-11-16,PROD_009,Bowflex SelectTech 552,Fitness,Mancuernas Ajustables,400,True,2,821.74,2023,11,16,Thursday,3,False,False,False,False,False,False,,False,False,True,False,False,False,46,4,320,45,False,16,False,False,2.0,3.0,2.0,3.0,3.0,3.0,3.0,2.7142857142857144,-2.717500000000001,1.0911239565536839
2023-11-17,PROD_009,Bowflex SelectTech 552,Fitness,Mancuernas Ajustables,400,True,3,1164.63,2023,11,17,Friday,4,False,False,True,False,False,False,,False,False,True,False,False,False,46,4,321,44,False,17,False,False,2.0,2.0,3.0,2.0,3.0,3.0,3.0,2.5714285714285716,2.947500000000005,1.0466232307346663
2023-11-18,PROD_009,Bowflex SelectTech 552,Fitness,Mancuernas Ajustables,400,True,3,1175.73,2023,11,18,Saturday,5,True,False,False,True,False,False,,False,False,True,False,False,False,46,4,322,43,False,18,False,False,3.0,2.0,2.0,3.0,2.0,3.0,3.0,2.5714285714285716,2.0224999999999937,1.050687661415001
2023-11-19,PROD_009,Bowflex SelectTech 552,Fitness,Mancuernas Ajustables,400,True,2,814.46,2023,11,19,Sunday,6,True,False,False,False,True,False,,False,False,True,False,False,False,46,4,323,42,False,19,False,False,3.0,3.0,2.0,2.0,3.0,2.0,3.0,2.5714285714285716,-1.8075000000000045,1.0902203303616846
2023-11-20,PROD_009,Bowflex SelectTech 552,Fitness,Mancuernas Ajustables,400,True,2,801.7,2023,11,20,Monday,0,False,True,False,False,False,False,,False,False,True,False,False,False,47,4,324,41,False,20,False,False,2.0,3.0,3.0,2.0,2.0,3.0,2.0,2.4285714285714284,-0.21250000000000568,1.0680219545987424
2023-11-21,PROD_009,Bowflex SelectTech 552,Fitness,Mancuernas Ajustables,400,True,3,1198.2,2023,11,21,Tuesday,1,False,False,False,False,False,False,,False,False,True,False,False,False,47,4,325,40,False,21,False,False,2.0,2.0,3.0,3.0,2.0,2.0,3.0,2.4285714285714284,0.15000000000000568,1.1460325962200626
2023-11-22,PROD_009,Bowflex SelectTech 552,Fitness,Mancuernas Ajustables,400,True,2,814.46,2023,11,22,Wednesday,2,False,False,False,False,False,False,,False,False,True,False,False,False,47,4,326,39,False,22,False,False,3.0,2.0,2.0,3.0,3.0,2.0,2.0,2.4285714285714284,-1.8075000000000045,1.1843130792198227
2023-11-23,PROD_009,Bowflex SelectTech 552,Fitness,Mancuernas Ajustables,400,True,3,1230.81,2023,11,23,Thursday,3,False,False,False,False,False,False,,False,False,True,False,False,False,47,4,327,38,False,23,False,False,2.0,3.0,2.0,2.0,3.0,3.0,2.0,2.4285714285714284,-2.5674999999999955,1.1647125621007806
2023-11-24,PROD_009,Bowflex SelectTech 552,Fitness,Mancuernas Ajustables,400,True,11,3960.0,2023,11,24,Friday,4,False,False,True,False,False,False,,True,False,True,False,False,False,47,4,328,37,False,24,False,False,3.0,2.0,3.0,2.0,2.0,3.0,3.0,2.5714285714285716,10.0,0.9922708531921489
2023-11-25,PROD_009,Bowflex SelectTech 552,Fitness,Mancuernas Ajustables,400,True,12,4416.0,2023,11,25,Saturday,5,True,False,False,True,False,False,,False,False,True,False,False,False,47,4,329,36,False,25,False,False,11.0,3.0,2.0,3.0,2.0,2.0,3.0,3.7142857142857144,8.0,0.9453875960694482
2023-11-26,PROD_009,Bowflex SelectTech 552,Fitness,Mancuernas Ajustables,400,True,10,3680.0,2023,11,26,Sunday,6,True,False,False,False,True,False,,False,False,True,False,False,False,47,4,330,35,False,26,False,False,12.0,11.0,3.0,2.0,3.0,2.0,2.0,5.0,8.0,0.9507201446748047
2023-11-27,PROD_009,Bowflex SelectTech 552,Fitness,Mancuernas Ajustables,400,True,6,2160.0,2023,11,27,Monday,0,False,True,False,False,False,False,,False,True,True,False,False,False,48,4,331,34,False,27,False,False,10.0,12.0,11.0,3.0,2.0,3.0,2.0,6.142857142857143,10.0,0.9853677451729527
2023-11-28,PROD_009,Bowflex SelectTech 552,Fitness,Mancuernas Ajustables,400,True,4,1520.0,2023,11,28,Tuesday,1,False,False,False,False,False,False,,False,False,True,False,False,False,48,4,332,33,False,28,True,False,6.0,10.0,12.0,11.0,3.0,2.0,3.0,6.714285714285714,5.0,0.9132694445278937
2023-11-29,PROD_009,Bowflex SelectTech 552,Fitness,Mancuernas Ajustables,400,True,5,1900.0,2023,11,29,Wednesday,2,False,False,False,False,False,False,,False,False,True,False,False,False,48,4,333,32,False,29,True,False,4.0,6.0,10.0,12.0,11.0,3.0,2.0,6.857142857142857,5.0,0.9330495989523654
2023-11-30,PROD_009,Bowflex SelectTech 552,Fitness,Mancuernas Ajustables,400,True,2,816.54,2023,11,30,Thursday,3,False,False,False,False,False,False,,False,False,True,False,False,False,48,4,334,31,False,30,True,False,5.0,4.0,6.0,10.0,12.0,11.0,3.0,7.285714285714286,-2.0674999999999955,1.084555307618744
2024-10-25,PROD_009,Bowflex SelectTech 552,Fitness,Mancuernas Ajustables,400,True,2,793.42,2024,10,25,Friday,4,False,False,True,False,False,False,,False,False,False,False,False,False,43,4,299,67,True,25,False,False,2.0,5.0,4.0,6.0,10.0,12.0,11.0,7.142857142857143,0.8225000000000051,1.025947604803324
2024-10-26,PROD_009,Bowflex SelectTech 552,Fitness,Mancuernas Ajustables,400,True,3,1227.93,2024,10,26,Saturday,5,True,False,False,True,False,False,,False,False,False,False,False,False,43,4,300,66,True,26,False,False,2.0,2.0,5.0,4.0,6.0,10.0,12.0,5.857142857142857,-2.3275000000000006,1.065079365079365
2024-10-27,PROD_009,Bowflex SelectTech 552,Fitness,Mancuernas Ajustables,400,True,2,817.34,2024,10,27,Sunday,6,True,False,False,False,True,False,,False,False,False,False,False,False,43,4,301,65,True,27,False,False,3.0,2.0,2.0,5.0,4.0,6.0,10.0,4.571428571428571,-2.167500000000004,1.061609199383475
2024-10-28,PROD_009,Bowflex SelectTech 552,Fitness,Mancuernas Ajustables,400,True,2,794.68,2024,10,28,Monday,0,False,True,False,False,False,False,,False,False,False,False,False,False,44,4,302,64,True,28,True,False,2.0,3.0,2.0,2.0,5.0,4.0,6.0,3.4285714285714284,0.6650000000000063,1.0306866229150995
2024-10-29,PROD_009,Bowflex SelectTech 552,Fitness,Mancuernas Ajustables,400,True,2,783.48,2024,10,29,Tuesday,1,False,False,False,False,False,False,,False,False,False,False,False,False,44,4,303,63,True,29,True,False,2.0,2.0,3.0,2.0,2.0,5.0,4.0,2.857142857142857,2.0649999999999977,1.0123352571280901
2024-10-30,PROD_009,Bowflex SelectTech 552,Fitness,Mancuernas Ajustables,400,True,2,811.58,2024,10,30,Wednesday,2,False,False,False,False,False,False,,False,False,False,False,False,False,44,4,304,62,True,30,True,False,2.0,2.0,2.0,3.0,2.0,2.0,5.0,2.5714285714285716,-1.4475000000000051,1.0501992788005317
2024-10-31,PROD_009,Bowflex SelectTech 552,Fitness,Mancuernas Ajustables,400,True,2,807.02,2024,10,31,Thursday,3,False,False,False,False,False,False,,False,False,False,False,False,False,44,4,305,61,True,31,True,False,2.0,2.0,2.0,2.0,3.0,2.0,2.0,2.142857142857143,-0.8774999999999977,1.0293359863268794
2024-11-01,PROD_009,Bowflex SelectTech 552,Fitness,Mancuernas Ajustables,400,True,3,1231.26,2024,11,1,Friday,4,False,False,True,False,False,True,Todos los Santos,False,False,True,False,False,False,44,4,306,60,False,1,False,True,2.0,2.0,2.0,2.0,2.0,3.0,2.0,2.142857142857143,-2.605000000000004,1.0807636603028308
2024-11-02,PROD_009,Bowflex SelectTech 552,Fitness,Mancuernas Ajustables,400,True,3,1181.82,2024,11,2,Saturday,5,True,False,False,True,False,False,,False,False,True,False,False,False,44,4,307,59,False,2,False,True,3.0,2.0,2.0,2.0,2.0,2.0,3.0,2.2857142857142856,1.5150000000000006,1.0225656289476872
2024-11-03,PROD_009,Bowflex SelectTech 552,Fitness,Mancuernas Ajustables,400,True,3,1233.18,2024,11,3,Sunday,6,True,False,False,False,True,False,,False,False,True,False,False,False,44,4,308,58,False,3,False,True,3.0,3.0,2.0,2.0,2.0,2.0,2.0,2.2857142857142856,-2.7650000000000006,1.0629487566262983
2024-11-04,PROD_009,Bowflex SelectTech 552,Fitness,Mancuernas Ajustables,400,True,3,1170.48,2024,11,4,Monday,0,False,True,False,False,False,False,,False,False,True,False,False,False,45,4,309,57,False,4,False,False,3.0,3.0,3.0,2.0,2.0,2.0,2.0,2.4285714285714284,2.4599999999999937,1.0135693317515435
2024-11-05,PROD_009,Bowflex SelectTech 552,Fitness,Mancuernas Ajustables,400,True,3,1207.86,2024,11,5,Tuesday,1,False,False,False,False,False,False,,False,False,True,False,False,False,45,4,310,56,False,5,False,False,3.0,3.0,3.0,3.0,2.0,2.0,2.0,2.5714285714285716,-0.6550000000000011,1.0348443698112562
2024-11-06,PROD_009,Bowflex SelectTech 552,Fitness,Mancuernas Ajustables,400,True,2,803.76,2024,11,6,Wednesday,2,False,False,False,False,False,False,,False,False,True,False,False,False,45,4,311,55,False,6,False,False,3.0,3.0,3.0,3.0,3.0,2.0,2.0,2.7142857142857144,-0.46999999999999886,1.0435640650561322
2024-11-07,PROD_009,Bowflex SelectTech 552,Fitness,Mancuernas Ajustables,400,True,2,806.0,2024,11,7,Thursday,3,False,False,False,False,False,False,,False,False,True,False,False,False,45,4,312,54,False,7,False,False,2.0,3.0,3.0,3.0,3.0,3.0,2.0,2.7142857142857144,-0.75,1.046626382949253
2024-11-08,PROD_009,Bowflex SelectTech 552,Fitness,Mancuernas Ajustables,400,True,3,1212.12,2024,11,8,Friday,4,False,False,True,False,False,False,,False,False,True,False,False,False,45,4,313,53,False,8,False,False,2.0,2.0,3.0,3.0,3.0,3.0,3.0,2.7142857142857144,-1.0100000000000051,1.0501455503188246
2024-11-09,PROD_009,Bowflex SelectTech 552,Fitness,Mancuernas Ajustables,400,True,3,1233.9,2024,11,9,Saturday,5,True,False,False,True,False,False,,False,False,True,False,False,False,45,4,314,52,False,9,False,False,3.0,2.0,2.0,3.0,3.0,3.0,3.0,2.7142857142857144,-2.825000000000003,1.053166155973404
2024-11-10,PROD_009,Bowflex SelectTech 552,Fitness,Mancuernas Ajustables,400,True,2,798.6,2024,11,10,Sunday,6,True,False,False,False,True,False,,False,False,True,False,False,False,45,4,315,51,False,10,False,False,3.0,3.0,2.0,2.0,3.0,3.0,3.0,2.7142857142857144,0.17499999999999716,1.041606886657102
2024-11-11,PROD_009,Bowflex SelectTech 552,Fitness,Mancuernas Ajustables,400,True,3,1196.61,2024,11,11,Monday,0,False,True,False,False,False,False,,False,False,True,False,False,False,46,4,316,50,False,11,False,False,2.0,3.0,3.0,2.0,2.0,3.0,3.0,2.5714285714285716,0.28249999999999886,1.0333062761217229
2024-11-12,PROD_009,Bowflex SelectTech 552,Fitness,Mancuernas Ajustables,400,True,3,1183.35,2024,11,12,Tuesday,1,False,False,False,False,False,False,,False,False,True,False,False,False,46,4,317,49,False,12,False,False,3.0,2.0,3.0,3.0,2.0,2.0,3.0,2.5714285714285716,1.3875000000000028,1.018864513018322
2024-11-13,PROD_009,Bowflex SelectTech 552,Fitness,Mancuernas Ajustables,400,True,3,1188.63,2024,11,13,Wednesday,2,False,False,False,False,False,False,,False,False,True,False,False,False,46,4,318,48,False,13,False,False,3.0,3.0,2.0,3.0,3.0,2.0,2.0,2.5714285714285716,0.9475000000000051,1.0242836830539876
2024-11-14,PROD_009,Bowflex SelectTech 552,Fitness,Mancuernas Ajustables,400,True,2,781.6,2024,11,14,Thursday,3,False,False,False,False,False,False,,False,False,True,False,False,False,46,4,319,47,False,14,False,False,3.0,3.0,3.0,2.0,3.0,3.0,2.0,2.7142857142857144,2.299999999999997,1.0126013767371158
2024-11-15,PROD_009,Bowflex SelectTech 552,Fitness,Mancuernas Ajustables,400,True,3,1173.54,2024,11,15,Friday,4,False,False,True,False,False,False,,False,False,True,False,False,False,46,4,320,46,False,15,False,False,2.0,3.0,3.0,3.0,2.0,3.0,3.0,2.7142857142857144,2.2049999999999983,1.0070538564514466
2024-11-16,PROD_009,Bowflex SelectTech 552,Fitness,Mancuernas Ajustables,400,True,3,1205.64,2024,11,16,Saturday,5,True,False,False,True,False,False,,False,False,True,False,False,False,46,4,321,45,False,16,False,False,3.0,2.0,3.0,3.0,3.0,2.0,3.0,2.7142857142857144,-0.46999999999999886,1.0335179248032644
2024-11-17,PROD_009,Bowflex SelectTech 552,Fitness,Mancuernas Ajustables,400,True,3,1197.21,2024,11,17,Sunday,6,True,False,False,False,True,False,,False,False,True,False,False,False,46,4,322,44,False,17,False,False,3.0,3.0,2.0,3.0,3.0,3.0,2.0,2.7142857142857144,0.2325000000000017,1.0253333675907608
2024-11-18,PROD_009,Bowflex SelectTech 552,Fitness,Mancuernas Ajustables,400,True,3,1210.35,2024,11,18,Monday,0,False,True,False,False,False,False,,False,False,True,False,False,False,47,4,323,43,False,18,False,False,3.0,3.0,3.0,2.0,3.0,3.0,3.0,2.857142857142857,-0.8624999999999972,1.0432612743069922
2024-11-19,PROD_009,Bowflex SelectTech 552,Fitness,Mancuernas Ajustables,400,True,2,787.66,2024,11,19,Tuesday,1,False,False,False,False,False,False,,False,False,True,False,False,False,47,4,324,42,False,19,False,False,3.0,3.0,3.0,3.0,2.0,3.0,3.0,2.857142857142857,1.542500000000004,1.022280097599806
2024-11-20,PROD_009,Bowflex SelectTech 552,Fitness,Mancuernas Ajustables,400,True,3,1177.14,2024,11,20,Wednesday,2,False,False,False,False,False,False,,False,False,True,False,False,False,47,4,325,41,False,20,False,False,2.0,3.0,3.0,3.0,3.0,2.0,3.0,2.7142857142857144,1.9050000000000011,1.0093030035411432
2024-11-21,PROD_009,Bowflex SelectTech 552,Fitness,Mancuernas Ajustables,400,True,3,1164.72,2024,11,21,Thursday,3,False,False,False,False,False,False,,False,False,True,False,False,False,47,4,326,40,False,21,False,False,3.0,2.0,3.0,3.0,3.0,3.0,2.0,2.7142857142857144,2.9399999999999977,1.000618556701031
2024-11-22,PROD_009,Bowflex SelectTech 552,Fitness,Mancuernas Ajustables,400,True,3,1173.81,2024,11,22,Friday,4,False,False,True,False,False,False,,False,False,True,False,False,False,47,4,327,39,False,22,False,False,3.0,3.0,2.0,3.0,3.0,3.0,3.0,2.857142857142857,2.1825000000000045,1.0092168275885784
2024-11-23,PROD_009,Bowflex SelectTech 552,Fitness,Mancuernas Ajustables,400,True,3,1215.78,2024,11,23,Saturday,5,True,False,False,True,False,False,,False,False,True,False,False,False,47,4,328,38,False,23,False,False,3.0,3.0,3.0,2.0,3.0,3.0,3.0,2.857142857142857,-1.3149999999999977,1.049316439964096
2024-11-24,PROD_009,Bowflex SelectTech 552,Fitness,Mancuernas Ajustables,400,True,3,1173.03,2024,11,24,Sunday,6,True,False,False,False,True,False,,False,False,True,False,False,False,47,4,329,37,False,24,False,False,3.0,3.0,3.0,3.0,2.0,3.0,3.0,2.857142857142857,2.2475000000000023,1.0014342425406582
2024-11-25,PROD_009,Bowflex SelectTech 552,Fitness,Mancuernas Ajustables,400,True,3,1184.37,2024,11,25,Monday,0,False,True,False,False,False,False,,False,False,True,False,False,False,48,4,330,36,False,25,False,False,3.0,3.0,3.0,3.0,3.0,2.0,3.0,2.857142857142857,1.3024999999999949,1.0168884691336826
2024-11-26,PROD_009,Bowflex SelectTech 552,Fitness,Mancuernas Ajustables,400,True,3,1164.36,2024,11,26,Tuesday,1,False,False,False,False,False,False,,False,False,True,False,False,False,48,4,331,35,False,26,False,False,3.0,3.0,3.0,3.0,3.0,3.0,2.0,2.857142857142857,2.969999999999999,1.0706955530216649
2024-11-27,PROD_009,Bowflex SelectTech 552,Fitness,Mancuernas Ajustables,400,True,3,1194.51,2024,11,27,Wednesday,2,False,False,False,False,False,False,,False,False,True,False,False,False,48,4,332,34,False,27,False,False,3.0,3.0,3.0,3.0,3.0,3.0,3.0,3.0,0.457499999999996,1.1130254097520522
2024-11-28,PROD_009,Bowflex SelectTech 552,Fitness,Mancuernas Ajustables,400,True,3,1199.97,2024,11,28,Thursday,3,False,False,False,False,False,False,,False,False,True,False,False,False,48,4,333,33,False,28,True,False,3.0,3.0,3.0,3.0,3.0,3.0,3.0,3.0,0.0024999999999977263,1.119771934081111
2024-11-29,PROD_009,Bowflex SelectTech 552,Fitness,Mancuernas Ajustables,400,True,10,3600.0,2024,11,29,Friday,4,False,False,True,False,False,False,,True,False,True,False,False,False,48,4,334,32,False,29,True,False,3.0,3.0,3.0,3.0,3.0,3.0,3.0,3.0,10.0,0.9741138270046
2024-11-30,PROD_009,Bowflex SelectTech 552,Fitness,Mancuernas Ajustables,400,True,11,4048.0,2024,11,30,Saturday,5,True,False,False,True,False,False,,False,False,True,False,False,False,48,4,335,31,False,30,True,False,10.0,3.0,3.0,3.0,3.0,3.0,3.0,4.0,8.0,0.9255436206444851
2021-11-01,PROD_010,Domyos BM900,Fitness,Banco Gimnasio,175,True,2,344.96,2021,11,1,Monday,0,False,True,False,False,False,True,Todos los Santos,False,False,True,False,False,False,44,4,305,60,False,1,False,True,2.0,2.0,1.0,1.0,2.0,1.0,2.0,1.5714285714285714,1.440000000000006,1.0787641245882498
2021-11-02,PROD_010,Domyos BM900,Fitness,Banco Gimnasio,175,True,2,343.38,2021,11,2,Tuesday,1,False,False,False,False,False,False,,False,False,True,False,False,False,44,4,306,59,False,2,False,True,2.0,2.0,2.0,1.0,1.0,2.0,1.0,1.5714285714285714,1.8914285714285728,1.0710542732376793
2021-11-03,PROD_010,Domyos BM900,Fitness,Banco Gimnasio,175,True,2,353.28,2021,11,3,Wednesday,2,False,False,False,False,False,False,,False,False,True,False,False,False,44,4,307,58,False,3,False,True,2.0,2.0,2.0,2.0,1.0,1.0,2.0,1.7142857142857142,-0.9371428571428494,1.0916057266453805
2021-11-04,PROD_010,Domyos BM900,Fitness,Banco Gimnasio,175,True,1,177.33,2021,11,4,Thursday,3,False,False,False,False,False,False,,False,False,True,False,False,False,44,4,308,57,False,4,False,False,2.0,2.0,2.0,2.0,2.0,1.0,1.0,1.7142857142857142,-1.3314285714285785,1.0995390943099852
2021-11-05,PROD_010,Domyos BM900,Fitness,Banco Gimnasio,175,True,2,340.06,2021,11,5,Friday,4,False,False,True,False,False,False,,False,False,True,False,False,False,44,4,309,56,False,5,False,False,1.0,2.0,2.0,2.0,2.0,2.0,1.0,1.7142857142857142,2.8399999999999994,1.049870333017742
2021-11-06,PROD_010,Domyos BM900,Fitness,Banco Gimnasio,175,True,2,344.96,2021,11,6,Saturday,5,True,False,False,True,False,False,,False,False,True,False,False,False,44,4,310,55,False,6,False,False,2.0,1.0,2.0,2.0,2.0,2.0,2.0,1.8571428571428572,1.440000000000006,1.0798221999624367
2021-11-07,PROD_010,Domyos BM900,Fitness,Banco Gimnasio,175,True,2,348.98,2021,11,7,Sunday,6,True,False,False,False,True,False,,False,False,True,False,False,False,44,4,311,54,False,7,False,False,2.0,2.0,1.0,2.0,2.0,2.0,2.0,1.8571428571428572,0.2914285714285662,1.0755054240631163
2021-11-08,PROD_010,Domyos BM900,Fitness,Banco Gimnasio,175,True,2,339.76,2021,11,8,Monday,0,False,True,False,False,False,False,,False,False,True,False,False,False,45,4,312,53,False,8,False,False,2.0,2.0,2.0,1.0,2.0,2.0,2.0,1.8571428571428572,2.9257142857142884,1.0678679937139863
2021-11-09,PROD_010,Domyos BM900,Fitness,Banco Gimnasio,175,True,1,179.6,2021,11,9,Tuesday,1,False,False,False,False,False,False,,False,False,True,False,False,False,45,4,313,52,False,9,False,False,2.0,2.0,2.0,2.0,1.0,2.0,2.0,1.8571428571428572,-2.6285714285714255,1.1080947680157947
2021-11-10,PROD_010,Domyos BM900,Fitness,Banco Gimnasio,175,True,2,340.22,2021,11,10,Wednesday,2,False,False,False,False,False,False,,False,False,True,False,False,False,45,4,314,51,False,10,False,False,1.0,2.0,2.0,2.0,2.0,1.0,2.0,1.7142857142857142,2.7942857142857065,1.0377834265378751
2021-11-11,PROD_010,Domyos BM900,Fitness,Banco Gimnasio,175,True,2,351.52,2021,11,11,Thursday,3,False,False,False,False,False,False,,False,False,True,False,False,False,45,4,315,50,False,11,False,False,2.0,1.0,2.0,2.0,2.0,2.0,1.0,1.7142857142857142,-0.4342857142857091,1.0990037100337653
2021-11-12,PROD_010,Domyos BM900,Fitness,Banco Gimnasio,175,True,2,357.84,2021,11,12,Friday,4,False,False,True,False,False,False,,False,False,True,False,False,False,45,4,316,49,False,12,False,False,2.0,2.0,1.0,2.0,2.0,2.0,2.0,1.8571428571428572,-2.2399999999999927,1.1009332376166547
2021-11-13,PROD_010,Domyos BM900,Fitness,Banco Gimnasio,175,True,2,352.22,2021,11,13,Saturday,5,True,False,False,True,False,False,,False,False,True,False,False,False,45,4,317,48,False,13,False,False,2.0,2.0,2.0,1.0,2.0,2.0,2.0,1.8571428571428572,-0.6342857142857221,1.0828431473017563
2021-11-14,PROD_010,Domyos BM900,Fitness,Banco Gimnasio,175,True,2,351.46,2021,11,14,Sunday,6,True,False,False,False,True,False,,False,False,True,False,False,False,45,4,318,47,False,14,False,False,2.0,2.0,2.0,2.0,1.0,2.0,2.0,1.8571428571428572,-0.41714285714285126,1.082681288891627
2021-11-15,PROD_010,Domyos BM900,Fitness,Banco Gimnasio,175,True,2,354.68,2021,11,15,Monday,0,False,True,False,False,False,False,,False,False,True,False,False,False,46,4,319,46,False,15,False,False,2.0,2.0,2.0,2.0,2.0,1.0,2.0,1.8571428571428572,-1.3371428571428592,1.100488168128413
2021-11-16,PROD_010,Domyos BM900,Fitness,Banco Gimnasio,175,True,2,359.02,2021,11,16,Tuesday,1,False,False,False,False,False,False,,False,False,True,False,False,False,46,4,320,45,False,16,False,False,2.0,2.0,2.0,2.0,2.0,2.0,1.0,1.8571428571428572,-2.5771428571428516,1.1094104074821804
2021-11-17,PROD_010,Domyos BM900,Fitness,Banco Gimnasio,175,True,2,358.6,2021,11,17,Wednesday,2,False,False,False,False,False,False,,False,False,True,False,False,False,46,4,321,44,False,17,False,False,2.0,2.0,2.0,2.0,2.0,2.0,2.0,2.0,-2.4571428571428635,1.104064039408867
2021-11-18,PROD_010,Domyos BM900,Fitness,Banco Gimnasio,175,True,2,340.72,2021,11,18,Thursday,3,False,False,False,False,False,False,,False,False,True,False,False,False,46,4,322,43,False,18,False,False,2.0,2.0,2.0,2.0,2.0,2.0,2.0,2.0,2.6514285714285637,1.0495102367702323
2021-11-19,PROD_010,Domyos BM900,Fitness,Banco Gimnasio,175,True,2,349.46,2021,11,19,Friday,4,False,False,True,False,False,False,,False,False,True,False,False,False,46,4,323,42,False,19,False,False,2.0,2.0,2.0,2.0,2.0,2.0,2.0,2.0,0.15428571428572013,1.0746883713301623
2021-11-20,PROD_010,Domyos BM900,Fitness,Banco Gimnasio,175,True,3,517.44,2021,11,20,Saturday,5,True,False,False,True,False,False,,False,False,True,False,False,False,46,4,324,41,False,20,False,False,2.0,2.0,2.0,2.0,2.0,2.0,2.0,2.0,1.440000000000006,1.0721034311287914
2021-11-21,PROD_010,Domyos BM900,Fitness,Banco Gimnasio,175,True,2,347.0,2021,11,21,Sunday,6,True,False,False,False,True,False,,False,False,True,False,False,False,46,4,325,40,False,21,False,False,3.0,2.0,2.0,2.0,2.0,2.0,2.0,2.142857142857143,0.8571428571428572,1.0789577330486517
2021-11-22,PROD_010,Domyos BM900,Fitness,Banco Gimnasio,175,True,2,357.9,2021,11,22,Monday,0,False,True,False,False,False,False,,False,False,True,False,False,False,47,4,326,39,False,22,False,False,2.0,3.0,2.0,2.0,2.0,2.0,2.0,2.142857142857143,-2.2571428571428505,1.1008017388094895
2021-11-23,PROD_010,Domyos BM900,Fitness,Banco Gimnasio,175,True,3,523.8,2021,11,23,Tuesday,1,False,False,False,False,False,False,,False,False,True,False,False,False,47,4,327,38,False,23,False,False,2.0,2.0,3.0,2.0,2.0,2.0,2.0,2.142857142857143,0.22857142857143184,1.157696983092054
2021-11-24,PROD_010,Domyos BM900,Fitness,Banco Gimnasio,175,True,2,345.54,2021,11,24,Wednesday,2,False,False,False,False,False,False,,False,False,True,False,False,False,47,4,328,37,False,24,False,False,3.0,2.0,2.0,3.0,2.0,2.0,2.0,2.2857142857142856,1.2742857142857082,1.1431123461691148
2021-11-25,PROD_010,Domyos BM900,Fitness,Banco Gimnasio,175,True,2,341.44,2021,11,25,Thursday,3,False,False,False,False,False,False,,False,False,True,False,False,False,47,4,329,36,False,25,False,False,2.0,3.0,2.0,2.0,3.0,2.0,2.0,2.2857142857142856,2.4457142857142866,1.1228377874728697
2021-11-26,PROD_010,Domyos BM900,Fitness,Banco Gimnasio,175,True,9,1417.5,2021,11,26,Friday,4,False,False,True,False,False,False,,True,False,True,False,False,False,47,4,330,35,False,26,False,False,2.0,2.0,3.0,2.0,2.0,3.0,2.0,2.2857142857142856,10.0,1.013839716768587
2021-11-27,PROD_010,Domyos BM900,Fitness,Banco Gimnasio,175,True,8,1288.0,2021,11,27,Saturday,5,True,False,False,True,False,False,,False,False,True,False,False,False,47,4,331,34,False,27,False,False,9.0,2.0,2.0,3.0,2.0,2.0,3.0,3.2857142857142856,8.0,0.9683725126560072
2021-11-28,PROD_010,Domyos BM900,Fitness,Banco Gimnasio,175,True,5,805.0,2021,11,28,Sunday,6,True,False,False,False,True,False,,False,False,True,False,False,False,47,4,332,33,False,28,True,False,8.0,9.0,2.0,2.0,3.0,2.0,2.0,4.0,8.0,0.9667250437828372
2021-11-29,PROD_010,Domyos BM900,Fitness,Banco Gimnasio,175,True,6,945.0,2021,11,29,Monday,0,False,True,False,False,False,False,,False,True,True,False,False,False,48,4,333,32,False,29,True,False,5.0,8.0,9.0,2.0,2.0,3.0,2.0,4.428571428571429,10.0,1.016047092976373
2021-11-30,PROD_010,Domyos BM900,Fitness,Banco Gimnasio,175,True,5,831.25,2021,11,30,Tuesday,1,False,False,False,False,False,False,,False,False,True,False,False,False,48,4,334,31,False,30,True,False,6.0,5.0,8.0,9.0,2.0,2.0,3.0,5.0,5.0,0.9526765674991644
2022-10-25,PROD_010,Domyos BM900,Fitness,Banco Gimnasio,175,True,2,355.62,2022,10,25,Tuesday,1,False,False,False,False,False,False,,False,False,False,False,False,False,43,4,298,67,True,25,False,False,5.0,6.0,5.0,8.0,9.0,2.0,2.0,5.285714285714286,-1.605714285714287,1.0787041718064345
2022-10-26,PROD_010,Domyos BM900,Fitness,Banco Gimnasio,175,True,2,345.52,2022,10,26,Wednesday,2,False,False,False,False,False,False,,False,False,False,False,False,False,43,4,299,66,True,26,False,False,2.0,5.0,6.0,5.0,8.0,9.0,2.0,5.285714285714286,1.2800000000000054,1.0401798257937622
2022-10-27,PROD_010,Domyos BM900,Fitness,Banco Gimnasio,175,True,2,354.92,2022,10,27,Thursday,3,False,False,False,False,False,False,,False,False,False,False,False,False,43,4,300,65,True,27,False,False,2.0,2.0,5.0,6.0,5.0,8.0,9.0,5.285714285714286,-1.4057142857142904,1.0682853416273703
2022-10-28,PROD_010,Domyos BM900,Fitness,Banco Gimnasio,175,True,2,353.56,2022,10,28,Friday,4,False,False,True,False,False,False,,False,False,False,False,False,False,43,4,301,64,True,28,True,False,2.0,2.0,2.0,5.0,6.0,5.0,8.0,4.285714285714286,-1.0171428571428578,1.044984335284034
2022-10-29,PROD_010,Domyos BM900,Fitness,Banco Gimnasio,175,True,2,342.1,2022,10,29,Saturday,5,True,False,False,True,False,False,,False,False,False,False,False,False,43,4,302,63,True,29,True,False,2.0,2.0,2.0,2.0,5.0,6.0,5.0,3.4285714285714284,2.2571428571428505,1.0257050910471928
2022-10-30,PROD_010,Domyos BM900,Fitness,Banco Gimnasio,175,True,2,343.56,2022,10,30,Sunday,6,True,False,False,False,True,False,,False,False,False,False,False,False,43,4,303,62,True,30,True,False,2.0,2.0,2.0,2.0,2.0,5.0,6.0,3.0,1.8399999999999992,1.031897639214273
2022-10-31,PROD_010,Domyos BM900,Fitness,Banco Gimnasio,175,True,2,349.44,2022,10,31,Monday,0,False,True,False,False,False,False,,False,False,False,False,False,False,44,4,304,61,True,31,True,False,2.0,2.0,2.0,2.0,2.0,2.0,5.0,2.4285714285714284,0.16000000000000067,1.0553061265578128
2022-11-01,PROD_010,Domyos BM900,Fitness,Banco Gimnasio,175,True,2,349.66,2022,11,1,Tuesday,1,False,False,False,False,False,True,Todos los Santos,False,False,True,False,False,False,44,4,305,60,False,1,False,True,2.0,2.0,2.0,2.0,2.0,2.0,2.0,2.0,0.09714285714285,1.0506821050101165
2022-11-02,PROD_010,Domyos BM900,Fitness,Banco Gimnasio,175,True,2,343.78,2022,11,2,Wednesday,2,False,False,False,False,False,False,,False,False,True,False,False,False,44,4,306,59,False,2,False,True,2.0,2.0,2.0,2.0,2.0,2.0,2.0,2.0,1.777142857142865,1.025882306131381
2022-11-03,PROD_010,Domyos BM900,Fitness,Banco Gimnasio,175,True,2,342.82,2022,11,3,Thursday,3,False,False,False,False,False,False,,False,False,True,False,False,False,44,4,307,58,False,3,False,True,2.0,2.0,2.0,2.0,2.0,2.0,2.0,2.0,2.0514285714285734,1.0253225131098838
2022-11-04,PROD_010,Domyos BM900,Fitness,Banco Gimnasio,175,True,3,509.82,2022,11,4,Friday,4,False,False,True,False,False,False,,False,False,True,False,False,False,44,4,308,57,False,4,False,False,2.0,2.0,2.0,2.0,2.0,2.0,2.0,2.0,2.8914285714285723,1.0081869957285237
2022-11-05,PROD_010,Domyos BM900,Fitness,Banco Gimnasio,175,True,3,526.44,2022,11,5,Saturday,5,True,False,False,True,False,False,,False,False,True,False,False,False,44,4,309,56,False,5,False,False,3.0,2.0,2.0,2.0,2.0,2.0,2.0,2.142857142857143,-0.2742857142857084,1.0501496110113704
2022-11-06,PROD_010,Domyos BM900,Fitness,Banco Gimnasio,175,True,2,358.44,2022,11,6,Sunday,6,True,False,False,False,True,False,,False,False,True,False,False,False,44,4,310,55,False,6,False,False,3.0,3.0,2.0,2.0,2.0,2.0,2.0,2.2857142857142856,-2.4114285714285706,1.0890419282965362
2022-11-07,PROD_010,Domyos BM900,Fitness,Banco Gimnasio,175,True,3,534.93,2022,11,7,Monday,0,False,True,False,False,False,False,,False,False,True,False,False,False,45,4,311,54,False,7,False,False,2.0,3.0,3.0,2.0,2.0,2.0,2.0,2.2857142857142856,-1.8914285714285728,1.0627396443826365
2022-11-08,PROD_010,Domyos BM900,Fitness,Banco Gimnasio,175,True,2,353.64,2022,11,8,Tuesday,1,False,False,False,False,False,False,,False,False,True,False,False,False,45,4,312,53,False,8,False,False,3.0,2.0,3.0,3.0,2.0,2.0,2.0,2.4285714285714284,-1.039999999999996,1.0528551297064486
2022-11-09,PROD_010,Domyos BM900,Fitness,Banco Gimnasio,175,True,2,348.18,2022,11,9,Wednesday,2,False,False,False,False,False,False,,False,False,True,False,False,False,45,4,313,52,False,9,False,False,2.0,3.0,2.0,3.0,3.0,2.0,2.0,2.4285714285714284,0.519999999999998,1.0543666976218355
2022-11-10,PROD_010,Domyos BM900,Fitness,Banco Gimnasio,175,True,2,353.54,2022,11,10,Thursday,3,False,False,False,False,False,False,,False,False,True,False,False,False,45,4,314,51,False,10,False,False,2.0,2.0,3.0,2.0,3.0,3.0,2.0,2.4285714285714284,-1.0114285714285773,1.0625538480033663
2022-11-11,PROD_010,Domyos BM900,Fitness,Banco Gimnasio,175,True,3,530.22,2022,11,11,Friday,4,False,False,True,False,False,False,,False,False,True,False,False,False,45,4,315,50,False,11,False,False,2.0,2.0,2.0,3.0,2.0,3.0,3.0,2.4285714285714284,-0.9942857142857194,1.0556683789272487
2022-11-12,PROD_010,Domyos BM900,Fitness,Banco Gimnasio,175,True,2,347.62,2022,11,12,Saturday,5,True,False,False,True,False,False,,False,False,True,False,False,False,45,4,316,49,False,12,False,False,3.0,2.0,2.0,2.0,3.0,2.0,3.0,2.4285714285714284,0.6799999999999986,1.040716124782947
2022-11-13,PROD_010,Domyos BM900,Fitness,Banco Gimnasio,175,True,3,516.03,2022,11,13,Sunday,6,True,False,False,False,True,False,,False,False,True,False,False,False,45,4,317,48,False,13,False,False,2.0,3.0,2.0,2.0,2.0,3.0,2.0,2.2857142857142856,1.7085714285714335,1.0448277956630017
2022-11-14,PROD_010,Domyos BM900,Fitness,Banco Gimnasio,175,True,2,357.5,2022,11,14,Monday,0,False,True,False,False,False,False,,False,False,True,False,False,False,46,4,318,47,False,14,False,False,3.0,2.0,3.0,2.0,2.0,2.0,3.0,2.4285714285714284,-2.142857142857143,1.083070770722249
2022-11-15,PROD_010,Domyos BM900,Fitness,Banco Gimnasio,175,True,2,348.26,2022,11,15,Tuesday,1,False,False,False,False,False,False,,False,False,True,False,False,False,46,4,319,46,False,15,False,False,2.0,3.0,2.0,3.0,2.0,2.0,2.0,2.2857142857142856,0.4971428571428597,1.042361720807726
2022-11-16,PROD_010,Domyos BM900,Fitness,Banco Gimnasio,175,True,2,358.22,2022,11,16,Wednesday,2,False,False,False,False,False,False,,False,False,True,False,False,False,46,4,320,45,False,16,False,False,2.0,2.0,3.0,2.0,3.0,2.0,2.0,2.2857142857142856,-2.3485714285714363,1.0669989475565442
2022-11-17,PROD_010,Domyos BM900,Fitness,Banco Gimnasio,175,True,2,355.68,2022,11,17,Thursday,3,False,False,False,False,False,False,,False,False,True,False,False,False,46,4,321,44,False,17,False,False,2.0,2.0,2.0,3.0,2.0,3.0,2.0,2.2857142857142856,-1.6228571428571446,1.057962680203851
2022-11-18,PROD_010,Domyos BM900,Fitness,Banco Gimnasio,175,True,3,528.45,2022,11,18,Friday,4,False,False,True,False,False,False,,False,False,True,False,False,False,46,4,322,43,False,18,False,False,2.0,2.0,2.0,2.0,3.0,2.0,3.0,2.2857142857142856,-0.6571428571428604,1.0592940044500572
2022-11-19,PROD_010,Domyos BM900,Fitness,Banco Gimnasio,175,True,4,680.24,2022,11,19,Saturday,5,True,False,False,True,False,False,,False,False,True,False,False,False,46,4,323,42,False,19,False,False,3.0,2.0,2.0,2.0,2.0,3.0,2.0,2.2857142857142856,2.8228571428571416,1.014052592872334
2022-11-20,PROD_010,Domyos BM900,Fitness,Banco Gimnasio,175,True,2,350.92,2022,11,20,Sunday,6,True,False,False,False,True,False,,False,False,True,False,False,False,46,4,324,41,False,20,False,False,4.0,3.0,2.0,2.0,2.0,2.0,3.0,2.5714285714285716,-0.2628571428571474,1.038183898071082
2022-11-21,PROD_010,Domyos BM900,Fitness,Banco Gimnasio,175,True,2,350.7,2022,11,21,Monday,0,False,True,False,False,False,False,,False,False,True,False,False,False,47,4,325,40,False,21,False,False,2.0,4.0,3.0,2.0,2.0,2.0,2.0,2.4285714285714284,-0.19999999999999676,1.057471957544325
2022-11-22,PROD_010,Domyos BM900,Fitness,Banco Gimnasio,175,True,3,536.7,2022,11,22,Tuesday,1,False,False,False,False,False,False,,False,False,True,False,False,False,47,4,326,39,False,22,False,False,2.0,2.0,4.0,3.0,2.0,2.0,2.0,2.4285714285714284,-2.2285714285714318,1.1628965158606344
2022-11-23,PROD_010,Domyos BM900,Fitness,Banco Gimnasio,175,True,2,344.22,2022,11,23,Wednesday,2,False,False,False,False,False,False,,False,False,True,False,False,False,47,4,327,38,False,23,False,False,3.0,2.0,2.0,4.0,3.0,2.0,2.0,2.5714285714285716,1.6514285714285637,1.1098381445736518
2022-11-24,PROD_010,Domyos BM900,Fitness,Banco Gimnasio,175,True,3,538.71,2022,11,24,Thursday,3,False,False,False,False,False,False,,False,False,True,False,False,False,47,4,328,37,False,24,False,False,2.0,3.0,2.0,2.0,4.0,3.0,2.0,2.5714285714285716,-2.6114285714285677,1.15881517811048
2022-11-25,PROD_010,Domyos BM900,Fitness,Banco Gimnasio,175,True,8,1260.0,2022,11,25,Friday,4,False,False,True,False,False,False,,True,False,True,False,False,False,47,4,329,36,False,25,False,False,3.0,2.0,3.0,2.0,2.0,4.0,3.0,2.7142857142857144,10.0,0.9729479292682299
2022-11-26,PROD_010,Domyos BM900,Fitness,Banco Gimnasio,175,True,8,1288.0,2022,11,26,Saturday,5,True,False,False,True,False,False,,False,False,True,False,False,False,47,4,330,35,False,26,False,False,8.0,3.0,2.0,3.0,2.0,2.0,4.0,3.4285714285714284,8.0,0.9381145451455487
2022-11-27,PROD_010,Domyos BM900,Fitness,Banco Gimnasio,175,True,9,1449.0,2022,11,27,Sunday,6,True,False,False,False,True,False,,False,False,True,False,False,False,47,4,331,34,False,27,False,False,8.0,8.0,3.0,2.0,3.0,2.0,2.0,4.0,8.0,0.9271745650869826
2022-11-28,PROD_010,Domyos BM900,Fitness,Banco Gimnasio,175,True,8,1260.0,2022,11,28,Monday,0,False,True,False,False,False,False,,False,True,True,False,False,False,48,4,332,33,False,28,True,False,9.0,8.0,8.0,3.0,2.0,3.0,2.0,5.0,10.0,0.9678906129973882
2022-11-29,PROD_010,Domyos BM900,Fitness,Banco Gimnasio,175,True,4,665.0,2022,11,29,Tuesday,1,False,False,False,False,False,False,,False,False,True,False,False,False,48,4,333,32,False,29,True,False,8.0,9.0,8.0,8.0,3.0,2.0,3.0,5.857142857142857,5.0,0.9056655166152169
2022-11-30,PROD_010,Domyos BM900,Fitness,Banco Gimnasio,175,True,4,665.0,2022,11,30,Wednesday,2,False,False,False,False,False,False,,False,False,True,False,False,False,48,4,334,31,False,30,True,False,4.0,8.0,9.0,8.0,8.0,3.0,2.0,6.0,5.0,0.9060562708631379
2023-10-25,PROD_010,Domyos BM900,Fitness,Banco Gimnasio,175,True,2,359.94,2023,10,25,Wednesday,2,False,False,False,False,False,False,,False,False,False,False,False,False,43,4,298,67,True,25,False,False,4.0,4.0,8.0,9.0,8.0,8.0,3.0,6.285714285714286,-2.8399999999999994,1.0358184329675388
2023-10-26,PROD_010,Domyos BM900,Fitness,Banco Gimnasio,175,True,2,355.56,2023,10,26,Thursday,3,False,False,False,False,False,False,,False,False,False,False,False,False,43,4,299,66,True,26,False,False,2.0,4.0,4.0,8.0,9.0,8.0,8.0,6.142857142857143,-1.5885714285714292,1.0271550727987058
2023-10-27,PROD_010,Domyos BM900,Fitness,Banco Gimnasio,175,True,2,357.22,2023,10,27,Friday,4,False,False,True,False,False,False,,False,False,False,False,False,False,43,4,300,65,True,27,False,False,2.0,2.0,4.0,4.0,8.0,9.0,8.0,5.285714285714286,-2.0628571428571507,1.0304423076923077
2023-10-28,PROD_010,Domyos BM900,Fitness,Banco Gimnasio,175,True,3,528.06,2023,10,28,Saturday,5,True,False,False,True,False,False,,False,False,False,False,False,False,43,4,301,64,True,28,True,False,2.0,2.0,2.0,4.0,4.0,8.0,9.0,4.428571428571429,-0.5828571428571486,1.0348638955846905
2023-10-29,PROD_010,Domyos BM900,Fitness,Banco Gimnasio,175,True,3,519.09,2023,10,29,Sunday,6,True,False,False,False,True,False,,False,False,False,False,False,False,43,4,302,63,True,29,True,False,3.0,2.0,2.0,2.0,4.0,4.0,8.0,3.5714285714285716,1.125714285714285,0.9922393195068336
2023-10-30,PROD_010,Domyos BM900,Fitness,Banco Gimnasio,175,True,2,344.06,2023,10,30,Monday,0,False,True,False,False,False,False,,False,False,False,False,False,False,44,4,303,62,True,30,True,False,3.0,3.0,2.0,2.0,2.0,4.0,4.0,2.857142857142857,1.6971428571428564,0.9879211332312405
2023-10-31,PROD_010,Domyos BM900,Fitness,Banco Gimnasio,175,True,2,346.34,2023,10,31,Tuesday,1,False,False,False,False,False,False,,False,False,False,False,False,False,44,4,304,61,True,31,True,False,2.0,3.0,3.0,2.0,2.0,2.0,4.0,2.5714285714285716,1.045714285714293,0.9964324759767536
2023-11-01,PROD_010,Domyos BM900,Fitness,Banco Gimnasio,175,True,3,520.89,2023,11,1,Wednesday,2,False,False,False,False,False,True,Todos los Santos,False,False,True,False,False,False,44,4,305,60,False,1,False,True,2.0,2.0,3.0,3.0,2.0,2.0,2.0,2.2857142857142856,0.7828571428571454,0.9937614468864467
2023-11-02,PROD_010,Domyos BM900,Fitness,Banco Gimnasio,175,True,2,340.98,2023,11,2,Thursday,3,False,False,False,False,False,False,,False,False,True,False,False,False,44,4,306,59,False,2,False,True,3.0,2.0,2.0,3.0,3.0,2.0,2.0,2.4285714285714284,2.5771428571428516,0.9849030444243322
2023-11-03,PROD_010,Domyos BM900,Fitness,Banco Gimnasio,175,True,3,513.42,2023,11,3,Friday,4,False,False,True,False,False,False,,False,False,True,False,False,False,44,4,307,58,False,3,False,True,2.0,3.0,2.0,2.0,3.0,3.0,2.0,2.4285714285714284,2.2057142857142935,0.9921542861559866
2023-11-04,PROD_010,Domyos BM900,Fitness,Banco Gimnasio,175,True,3,516.3,2023,11,4,Saturday,5,True,False,False,True,False,False,,False,False,True,False,False,False,44,4,308,57,False,4,False,False,3.0,2.0,3.0,2.0,2.0,3.0,3.0,2.5714285714285716,1.6571428571428606,0.9985687761101656
2023-11-05,PROD_010,Domyos BM900,Fitness,Banco Gimnasio,175,True,2,343.92,2023,11,5,Sunday,6,True,False,False,False,True,False,,False,False,True,False,False,False,44,4,309,56,False,5,False,False,3.0,3.0,2.0,3.0,2.0,2.0,3.0,2.5714285714285716,1.7371428571428527,1.0045957314223402
2023-11-06,PROD_010,Domyos BM900,Fitness,Banco Gimnasio,175,True,3,517.56,2023,11,6,Monday,0,False,True,False,False,False,False,,False,False,True,False,False,False,45,4,310,55,False,6,False,False,2.0,3.0,3.0,2.0,3.0,2.0,2.0,2.4285714285714284,1.4171428571428513,0.9929589624541951
2023-11-07,PROD_010,Domyos BM900,Fitness,Banco Gimnasio,175,True,2,350.84,2023,11,7,Tuesday,1,False,False,False,False,False,False,,False,False,True,False,False,False,45,4,311,54,False,7,False,False,3.0,2.0,3.0,3.0,2.0,3.0,2.0,2.5714285714285716,-0.23999999999999286,1.015436267510516
2023-11-08,PROD_010,Domyos BM900,Fitness,Banco Gimnasio,175,True,2,356.78,2023,11,8,Wednesday,2,False,False,False,False,False,False,,False,False,True,False,False,False,45,4,312,53,False,8,False,False,2.0,3.0,2.0,3.0,3.0,2.0,3.0,2.5714285714285716,-1.9371428571428495,1.0200320207372393
2023-11-09,PROD_010,Domyos BM900,Fitness,Banco Gimnasio,175,True,2,348.84,2023,11,9,Thursday,3,False,False,False,False,False,False,,False,False,True,False,False,False,45,4,313,52,False,9,False,False,2.0,2.0,3.0,2.0,3.0,3.0,2.0,2.4285714285714284,0.33142857142857857,1.0244933920704844
2023-11-10,PROD_010,Domyos BM900,Fitness,Banco Gimnasio,175,True,3,517.53,2023,11,10,Friday,4,False,False,True,False,False,False,,False,False,True,False,False,False,45,4,314,51,False,10,False,False,2.0,2.0,2.0,3.0,2.0,3.0,3.0,2.4285714285714284,1.4228571428571481,1.0061629986779685
2023-11-11,PROD_010,Domyos BM900,Fitness,Banco Gimnasio,175,True,3,536.55,2023,11,11,Saturday,5,True,False,False,True,False,False,,False,False,True,False,False,False,45,4,315,50,False,11,False,False,3.0,2.0,2.0,2.0,3.0,2.0,3.0,2.4285714285714284,-2.1999999999999966,1.0215524627306132
2023-11-12,PROD_010,Domyos BM900,Fitness,Banco Gimnasio,175,True,3,520.2,2023,11,12,Sunday,6,True,False,False,False,True,False,,False,False,True,False,False,False,45,4,316,49,False,12,False,False,3.0,3.0,2.0,2.0,2.0,3.0,2.0,2.4285714285714284,0.914285714285711,0.9911214419083184
2023-11-13,PROD_010,Domyos BM900,Fitness,Banco Gimnasio,175,True,3,517.38,2023,11,13,Monday,0,False,True,False,False,False,False,,False,False,True,False,False,False,46,4,317,48,False,13,False,False,3.0,3.0,3.0,2.0,2.0,2.0,3.0,2.5714285714285716,1.4514285714285668,1.01381459055905
2023-11-14,PROD_010,Domyos BM900,Fitness,Banco Gimnasio,175,True,3,529.68,2023,11,14,Tuesday,1,False,False,False,False,False,False,,False,False,True,False,False,False,46,4,318,47,False,14,False,False,3.0,3.0,3.0,3.0,2.0,2.0,2.0,2.5714285714285716,-0.8914285714285727,1.0263922799674459
2023-11-15,PROD_010,Domyos BM900,Fitness,Banco Gimnasio,175,True,2,355.82,2023,11,15,Wednesday,2,False,False,False,False,False,False,,False,False,True,False,False,False,46,4,319,46,False,15,False,False,3.0,3.0,3.0,3.0,3.0,2.0,2.0,2.7142857142857144,-1.662857142857141,1.026897546897547
2023-11-16,PROD_010,Domyos BM900,Fitness,Banco Gimnasio,175,True,2,349.78,2023,11,16,Thursday,3,False,False,False,False,False,False,,False,False,True,False,False,False,46,4,320,45,False,16,False,False,2.0,3.0,3.0,3.0,3.0,3.0,2.0,2.7142857142857144,0.06285714285715065,1.010263026148573
2023-11-17,PROD_010,Domyos BM900,Fitness,Banco Gimnasio,175,True,3,510.48,2023,11,17,Friday,4,False,False,True,False,False,False,,False,False,True,False,False,False,46,4,321,44,False,17,False,False,2.0,2.0,3.0,3.0,3.0,3.0,3.0,2.7142857142857144,2.765714285714288,0.9831481231824046
2023-11-18,PROD_010,Domyos BM900,Fitness,Banco Gimnasio,175,True,3,520.26,2023,11,18,Saturday,5,True,False,False,True,False,False,,False,False,True,False,False,False,46,4,322,43,False,18,False,False,3.0,2.0,2.0,3.0,3.0,3.0,3.0,2.7142857142857144,0.90285714285715,1.0088227880010083
2023-11-19,PROD_010,Domyos BM900,Fitness,Banco Gimnasio,175,True,3,510.72,2023,11,19,Sunday,6,True,False,False,False,True,False,,False,False,True,False,False,False,46,4,323,42,False,19,False,False,3.0,3.0,2.0,2.0,3.0,3.0,3.0,2.7142857142857144,2.7199999999999944,0.9767255063206411
2023-11-20,PROD_010,Domyos BM900,Fitness,Banco Gimnasio,175,True,2,343.24,2023,11,20,Monday,0,False,True,False,False,False,False,,False,False,True,False,False,False,47,4,324,41,False,20,False,False,3.0,3.0,3.0,2.0,2.0,3.0,3.0,2.7142857142857144,1.9314285714285686,0.9822948067310261
2023-11-21,PROD_010,Domyos BM900,Fitness,Banco Gimnasio,175,True,2,352.64,2023,11,21,Tuesday,1,False,False,False,False,False,False,,False,False,True,False,False,False,47,4,325,40,False,21,False,False,2.0,3.0,3.0,3.0,2.0,2.0,3.0,2.5714285714285716,-0.7542857142857103,1.093141003120544
2023-11-22,PROD_010,Domyos BM900,Fitness,Banco Gimnasio,175,True,3,530.76,2023,11,22,Wednesday,2,False,False,False,False,False,False,,False,False,True,False,False,False,47,4,326,39,False,22,False,False,2.0,2.0,3.0,3.0,3.0,2.0,2.0,2.4285714285714284,-1.09714285714285,1.107642222129471
2023-11-23,PROD_010,Domyos BM900,Fitness,Banco Gimnasio,175,True,2,356.36,2023,11,23,Thursday,3,False,False,False,False,False,False,,False,False,True,False,False,False,47,4,327,38,False,23,False,False,3.0,2.0,2.0,3.0,3.0,3.0,2.0,2.5714285714285716,-1.817142857142861,1.1052892767048508
2023-11-24,PROD_010,Domyos BM900,Fitness,Banco Gimnasio,175,True,13,2047.5,2023,11,24,Friday,4,False,False,True,False,False,False,,True,False,True,False,False,False,47,4,328,37,False,24,False,False,2.0,3.0,2.0,2.0,3.0,3.0,3.0,2.5714285714285716,10.0,0.9361069836552749
2023-11-25,PROD_010,Domyos BM900,Fitness,Banco Gimnasio,175,True,10,1610.0,2023,11,25,Saturday,5,True,False,False,True,False,False,,False,False,True,False,False,False,47,4,329,36,False,25,False,False,13.0,2.0,3.0,2.0,2.0,3.0,3.0,4.0,8.0,0.8930180960965125
2023-11-26,PROD_010,Domyos BM900,Fitness,Banco Gimnasio,175,True,12,1932.0,2023,11,26,Sunday,6,True,False,False,False,True,False,,False,False,True,False,False,False,47,4,330,35,False,26,False,False,10.0,13.0,2.0,3.0,2.0,2.0,3.0,5.0,8.0,0.9005523574241965
2023-11-27,PROD_010,Domyos BM900,Fitness,Banco Gimnasio,175,True,8,1260.0,2023,11,27,Monday,0,False,True,False,False,False,False,,False,True,True,False,False,False,48,4,331,34,False,27,False,False,12.0,10.0,13.0,2.0,3.0,2.0,2.0,6.285714285714286,10.0,0.9308510638297873
2023-11-28,PROD_010,Domyos BM900,Fitness,Banco Gimnasio,175,True,6,997.5,2023,11,28,Tuesday,1,False,False,False,False,False,False,,False,False,True,False,False,False,48,4,332,33,False,28,True,False,8.0,12.0,10.0,13.0,2.0,3.0,2.0,7.142857142857143,5.0,0.8709318315761904
2023-11-29,PROD_010,Domyos BM900,Fitness,Banco Gimnasio,175,True,7,1163.75,2023,11,29,Wednesday,2,False,False,False,False,False,False,,False,False,True,False,False,False,48,4,333,32,False,29,True,False,6.0,8.0,12.0,10.0,13.0,2.0,3.0,7.714285714285714,5.0,0.8740224748636394
2023-11-30,PROD_010,Domyos BM900,Fitness,Banco Gimnasio,175,True,2,345.44,2023,11,30,Thursday,3,False,False,False,False,False,False,,False,False,True,False,False,False,48,4,334,31,False,30,True,False,7.0,6.0,8.0,12.0,10.0,13.0,2.0,8.285714285714286,1.3028571428571434,1.015641538280607
2024-10-25,PROD_010,Domyos BM900,Fitness,Banco Gimnasio,175,True,2,352.38,2024,10,25,Friday,4,False,False,True,False,False,False,,False,False,False,False,False,False,43,4,299,67,True,25,False,False,2.0,7.0,6.0,8.0,12.0,10.0,13.0,8.285714285714286,-0.6799999999999986,0.9880921224810257
2024-10-26,PROD_010,Domyos BM900,Fitness,Banco Gimnasio,175,True,2,358.88,2024,10,26,Saturday,5,True,False,False,True,False,False,,False,False,False,False,False,False,43,4,300,66,True,26,False,False,2.0,2.0,7.0,6.0,8.0,12.0,10.0,6.714285714285714,-2.537142857142856,0.9868739458825254
2024-10-27,PROD_010,Domyos BM900,Fitness,Banco Gimnasio,175,True,2,342.28,2024,10,27,Sunday,6,True,False,False,False,True,False,,False,False,False,False,False,False,43,4,301,65,True,27,False,False,2.0,2.0,2.0,7.0,6.0,8.0,12.0,5.571428571428571,2.2057142857142935,0.9682967768704146
2024-10-28,PROD_010,Domyos BM900,Fitness,Banco Gimnasio,175,True,2,351.72,2024,10,28,Monday,0,False,True,False,False,False,False,,False,False,False,False,False,False,44,4,302,64,True,28,True,False,2.0,2.0,2.0,2.0,7.0,6.0,8.0,4.142857142857143,-0.4914285714285792,0.9906489409643986
2024-10-29,PROD_010,Domyos BM900,Fitness,Banco Gimnasio,175,True,2,351.98,2024,10,29,Tuesday,1,False,False,False,False,False,False,,False,False,False,False,False,False,44,4,303,63,True,29,True,False,2.0,2.0,2.0,2.0,2.0,7.0,6.0,3.2857142857142856,-0.5657142857142909,0.9913440234330995
2024-10-30,PROD_010,Domyos BM900,Fitness,Banco Gimnasio,175,True,2,359.46,2024,10,30,Wednesday,2,False,False,False,False,False,False,,False,False,False,False,False,False,44,4,304,62,True,30,True,False,2.0,2.0,2.0,2.0,2.0,2.0,7.0,2.7142857142857144,-2.702857142857137,1.0100784923474646
2024-10-31,PROD_010,Domyos BM900,Fitness,Banco Gimnasio,175,True,2,342.44,2024,10,31,Thursday,3,False,False,False,False,False,False,,False,False,False,False,False,False,44,4,305,61,True,31,True,False,2.0,2.0,2.0,2.0,2.0,2.0,2.0,2.0,2.160000000000001,0.955006879113524
2024-11-01,PROD_010,Domyos BM900,Fitness,Banco Gimnasio,175,True,3,534.18,2024,11,1,Friday,4,False,False,True,False,False,True,Todos los Santos,False,False,True,False,False,False,44,4,306,60,False,1,False,True,2.0,2.0,2.0,2.0,2.0,2.0,2.0,2.0,-1.74857142857143,0.9894237715090111
2024-11-02,PROD_010,Domyos BM900,Fitness,Banco Gimnasio,175,True,3,511.83,2024,11,2,Saturday,5,True,False,False,True,False,False,,False,False,True,False,False,False,44,4,307,59,False,2,False,True,3.0,2.0,2.0,2.0,2.0,2.0,2.0,2.142857142857143,2.508571428571421,0.9453823420760991
2024-11-03,PROD_010,Domyos BM900,Fitness,Banco Gimnasio,175,True,3,538.41,2024,11,3,Sunday,6,True,False,False,False,True,False,,False,False,True,False,False,False,44,4,308,58,False,3,False,True,3.0,3.0,2.0,2.0,2.0,2.0,2.0,2.2857142857142856,-2.554285714285714,1.003167446106836
2024-11-04,PROD_010,Domyos BM900,Fitness,Banco Gimnasio,175,True,3,524.55,2024,11,4,Monday,0,False,True,False,False,False,False,,False,False,True,False,False,False,45,4,309,57,False,4,False,False,3.0,3.0,3.0,2.0,2.0,2.0,2.0,2.4285714285714284,0.08571428571428896,0.9819907520077875
2024-11-05,PROD_010,Domyos BM900,Fitness,Banco Gimnasio,175,True,3,510.06,2024,11,5,Tuesday,1,False,False,False,False,False,False,,False,False,True,False,False,False,45,4,310,56,False,5,False,False,3.0,3.0,3.0,3.0,2.0,2.0,2.0,2.5714285714285716,2.84571428571428,0.9575894114333989
2024-11-06,PROD_010,Domyos BM900,Fitness,Banco Gimnasio,175,True,3,540.51,2024,11,6,Wednesday,2,False,False,False,False,False,False,,False,False,True,False,False,False,45,4,311,55,False,6,False,False,3.0,3.0,3.0,3.0,3.0,2.0,2.0,2.7142857142857144,-2.954285714285707,1.01875376960193
2024-11-07,PROD_010,Domyos BM900,Fitness,Banco Gimnasio,175,True,3,526.47,2024,11,7,Thursday,3,False,False,False,False,False,False,,False,False,True,False,False,False,45,4,312,54,False,7,False,False,3.0,3.0,3.0,3.0,3.0,3.0,2.0,2.857142857142857,-0.2800000000000052,0.9847739473634985
2024-11-08,PROD_010,Domyos BM900,Fitness,Banco Gimnasio,175,True,3,520.53,2024,11,8,Friday,4,False,False,True,False,False,False,,False,False,True,False,False,False,45,4,313,53,False,8,False,False,3.0,3.0,3.0,3.0,3.0,3.0,3.0,3.0,0.8514285714285765,0.9665936269776424
2024-11-09,PROD_010,Domyos BM900,Fitness,Banco Gimnasio,175,True,3,527.37,2024,11,9,Saturday,5,True,False,False,True,False,False,,False,False,True,False,False,False,45,4,314,52,False,9,False,False,3.0,3.0,3.0,3.0,3.0,3.0,3.0,3.0,-0.45142857142856685,0.9830922377153082
2024-11-10,PROD_010,Domyos BM900,Fitness,Banco Gimnasio,175,True,3,537.75,2024,11,10,Sunday,6,True,False,False,False,True,False,,False,False,True,False,False,False,45,4,315,51,False,10,False,False,3.0,3.0,3.0,3.0,3.0,3.0,3.0,3.0,-2.4285714285714284,1.0020684257602863
2024-11-11,PROD_010,Domyos BM900,Fitness,Banco Gimnasio,175,True,2,348.6,2024,11,11,Monday,0,False,True,False,False,False,False,,False,False,True,False,False,False,46,4,316,50,False,11,False,False,3.0,3.0,3.0,3.0,3.0,3.0,3.0,3.0,0.3999999999999935,0.9762518203203765
2024-11-12,PROD_010,Domyos BM900,Fitness,Banco Gimnasio,175,True,3,512.67,2024,11,12,Tuesday,1,False,False,False,False,False,False,,False,False,True,False,False,False,46,4,317,49,False,12,False,False,2.0,3.0,3.0,3.0,3.0,3.0,3.0,2.857142857142857,2.3485714285714363,0.9629594845883654
2024-11-13,PROD_010,Domyos BM900,Fitness,Banco Gimnasio,175,True,2,341.46,2024,11,13,Wednesday,2,False,False,False,False,False,False,,False,False,True,False,False,False,46,4,318,48,False,13,False,False,3.0,2.0,3.0,3.0,3.0,3.0,3.0,2.857142857142857,2.4400000000000057,0.9536212995717744
2024-11-14,PROD_010,Domyos BM900,Fitness,Banco Gimnasio,175,True,3,515.16,2024,11,14,Thursday,3,False,False,False,False,False,False,,False,False,True,False,False,False,46,4,319,47,False,14,False,False,2.0,3.0,2.0,3.0,3.0,3.0,3.0,2.7142857142857144,1.8742857142857148,0.9698042168674701
2024-11-15,PROD_010,Domyos BM900,Fitness,Banco Gimnasio,175,True,3,535.56,2024,11,15,Friday,4,False,False,True,False,False,False,,False,False,True,False,False,False,46,4,320,46,False,15,False,False,3.0,2.0,3.0,2.0,3.0,3.0,3.0,2.7142857142857144,-2.0114285714285773,0.9956867702833347
2024-11-16,PROD_010,Domyos BM900,Fitness,Banco Gimnasio,175,True,3,514.23,2024,11,16,Saturday,5,True,False,False,True,False,False,,False,False,True,False,False,False,46,4,321,45,False,16,False,False,3.0,3.0,2.0,3.0,2.0,3.0,3.0,2.7142857142857144,2.0514285714285734,0.9562977702564484
2024-11-17,PROD_010,Domyos BM900,Fitness,Banco Gimnasio,175,True,3,539.4,2024,11,17,Sunday,6,True,False,False,False,True,False,,False,False,True,False,False,False,46,4,322,44,False,17,False,False,3.0,3.0,3.0,2.0,3.0,2.0,3.0,2.7142857142857144,-2.742857142857149,1.0164317479460316
2024-11-18,PROD_010,Domyos BM900,Fitness,Banco Gimnasio,175,True,3,519.6,2024,11,18,Monday,0,False,True,False,False,False,False,,False,False,True,False,False,False,47,4,323,43,False,18,False,False,3.0,3.0,3.0,3.0,2.0,3.0,2.0,2.7142857142857144,1.0285714285714351,0.9577703636799321
2024-11-19,PROD_010,Domyos BM900,Fitness,Banco Gimnasio,175,True,3,527.94,2024,11,19,Tuesday,1,False,False,False,False,False,False,,False,False,True,False,False,False,47,4,324,42,False,19,False,False,3.0,3.0,3.0,3.0,3.0,2.0,3.0,2.857142857142857,-0.5599999999999942,0.9679690508058159
2024-11-20,PROD_010,Domyos BM900,Fitness,Banco Gimnasio,175,True,3,511.68,2024,11,20,Wednesday,2,False,False,False,False,False,False,,False,False,True,False,False,False,47,4,325,41,False,20,False,False,3.0,3.0,3.0,3.0,3.0,3.0,2.0,2.857142857142857,2.537142857142856,0.9526185467205333
2024-11-21,PROD_010,Domyos BM900,Fitness,Banco Gimnasio,175,True,3,528.84,2024,11,21,Thursday,3,False,False,False,False,False,False,,False,False,True,False,False,False,47,4,326,40,False,21,False,False,3.0,3.0,3.0,3.0,3.0,3.0,3.0,3.0,-0.7314285714285721,0.9762599224663097
2024-11-22,PROD_010,Domyos BM900,Fitness,Banco Gimnasio,175,True,3,520.53,2024,11,22,Friday,4,False,False,True,False,False,False,,False,False,True,False,False,False,47,4,327,39,False,22,False,False,3.0,3.0,3.0,3.0,3.0,3.0,3.0,3.0,0.8514285714285765,0.9670066321128017
2024-11-23,PROD_010,Domyos BM900,Fitness,Banco Gimnasio,175,True,3,512.97,2024,11,23,Saturday,5,True,False,False,True,False,False,,False,False,True,False,False,False,47,4,328,38,False,23,False,False,3.0,3.0,3.0,3.0,3.0,3.0,3.0,3.0,2.291428571428566,0.9420936639118458
2024-11-24,PROD_010,Domyos BM900,Fitness,Banco Gimnasio,175,True,4,683.92,2024,11,24,Sunday,6,True,False,False,False,True,False,,False,False,True,False,False,False,47,4,329,37,False,24,False,False,3.0,3.0,3.0,3.0,3.0,3.0,3.0,3.0,2.297142857142863,0.9584438880376696
2024-11-25,PROD_010,Domyos BM900,Fitness,Banco Gimnasio,175,True,2,348.04,2024,11,25,Monday,0,False,True,False,False,False,False,,False,False,True,False,False,False,48,4,330,36,False,25,False,False,4.0,3.0,3.0,3.0,3.0,3.0,3.0,3.142857142857143,0.5599999999999942,0.9725591013245405
2024-11-26,PROD_010,Domyos BM900,Fitness,Banco Gimnasio,175,True,3,538.44,2024,11,26,Tuesday,1,False,False,False,False,False,False,,False,False,True,False,False,False,48,4,331,35,False,26,False,False,2.0,4.0,3.0,3.0,3.0,3.0,3.0,3.0,-2.5599999999999943,1.1065806239467304
2024-11-27,PROD_010,Domyos BM900,Fitness,Banco Gimnasio,175,True,3,533.37,2024,11,27,Wednesday,2,False,False,False,False,False,False,,False,False,True,False,False,False,48,4,332,34,False,27,False,False,3.0,2.0,4.0,3.0,3.0,3.0,3.0,3.0,-1.5942857142857099,1.0719281321596525
2024-11-28,PROD_010,Domyos BM900,Fitness,Banco Gimnasio,175,True,3,510.27,2024,11,28,Thursday,3,False,False,False,False,False,False,,False,False,True,False,False,False,48,4,333,33,False,28,True,False,3.0,3.0,2.0,4.0,3.0,3.0,3.0,3.0,2.8057142857142834,1.0121191685179307
2024-11-29,PROD_010,Domyos BM900,Fitness,Banco Gimnasio,175,True,12,1890.0,2024,11,29,Friday,4,False,False,True,False,False,False,,True,False,True,False,False,False,48,4,334,32,False,29,True,False,3.0,3.0,3.0,2.0,4.0,3.0,3.0,3.0,10.0,0.9046091992533384
2024-11-30,PROD_010,Domyos BM900,Fitness,Banco Gimnasio,175,True,11,1771.0,2024,11,30,Saturday,5,True,False,False,True,False,False,,False,False,True,False,False,False,48,4,335,31,False,30,True,False,12.0,3.0,3.0,3.0,2.0,4.0,3.0,4.285714285714286,8.0,0.8786011505491258
2021-11-01,PROD_011,Reebok Professional Deck,Fitness,Esterilla Fitness,45,False,3,137.1,2021,11,1,Monday,0,False,True,False,False,False,True,Todos los Santos,False,False,True,False,False,False,44,4,305,60,False,1,False,True,2.0,3.0,3.0,2.0,2.0,2.0,3.0,2.4285714285714284,-1.555555555555562,1.032457263348144
2021-11-02,PROD_011,Reebok Professional Deck,Fitness,Esterilla Fitness,45,False,3,132.36,2021,11,2,Tuesday,1,False,False,False,False,False,False,,False,False,True,False,False,False,44,4,306,59,False,2,False,True,3.0,2.0,3.0,3.0,2.0,2.0,2.0,2.4285714285714284,1.955555555555561,0.9984912492456246
2021-11-03,PROD_011,Reebok Professional Deck,Fitness,Esterilla Fitness,45,False,3,132.39,2021,11,3,Wednesday,2,False,False,False,False,False,False,,False,False,True,False,False,False,44,4,307,58,False,3,False,True,3.0,3.0,2.0,3.0,3.0,2.0,2.0,2.5714285714285716,1.9333333333333276,0.9968375875310594
2021-11-04,PROD_011,Reebok Professional Deck,Fitness,Esterilla Fitness,45,False,2,92.08,2021,11,4,Thursday,3,False,False,False,False,False,False,,False,False,True,False,False,False,44,4,308,57,False,4,False,False,3.0,3.0,3.0,2.0,3.0,3.0,2.0,2.7142857142857144,-2.311111111111109,1.0611555009219422
2021-11-05,PROD_011,Reebok Professional Deck,Fitness,Esterilla Fitness,45,False,3,131.16,2021,11,5,Friday,4,False,False,True,False,False,False,,False,False,True,False,False,False,44,4,309,56,False,5,False,False,2.0,3.0,3.0,3.0,2.0,3.0,3.0,2.7142857142857144,2.844444444444447,0.9929593459005224
2021-11-06,PROD_011,Reebok Professional Deck,Fitness,Esterilla Fitness,45,False,3,136.86,2021,11,6,Saturday,5,True,False,False,True,False,False,,False,False,True,False,False,False,44,4,310,55,False,6,False,False,3.0,2.0,3.0,3.0,3.0,2.0,3.0,2.7142857142857144,-1.377777777777772,1.06439570695287
2021-11-07,PROD_011,Reebok Professional Deck,Fitness,Esterilla Fitness,45,False,3,138.93,2021,11,7,Sunday,6,True,False,False,False,True,False,,False,False,True,False,False,False,44,4,311,54,False,7,False,False,3.0,3.0,2.0,3.0,3.0,3.0,2.0,2.7142857142857144,-2.911111111111116,1.045923360686592
2021-11-08,PROD_011,Reebok Professional Deck,Fitness,Esterilla Fitness,45,False,4,180.64,2021,11,8,Monday,0,False,True,False,False,False,False,,False,False,True,False,False,False,45,4,312,53,False,8,False,False,3.0,3.0,3.0,2.0,3.0,3.0,3.0,2.857142857142857,-0.35555555555554796,1.0610902255639096
2021-11-09,PROD_011,Reebok Professional Deck,Fitness,Esterilla Fitness,45,False,3,138.0,2021,11,9,Tuesday,1,False,False,False,False,False,False,,False,False,True,False,False,False,45,4,313,52,False,9,False,False,4.0,3.0,3.0,3.0,2.0,3.0,3.0,3.0,-2.2222222222222223,1.0115077329033204
2021-11-10,PROD_011,Reebok Professional Deck,Fitness,Esterilla Fitness,45,False,3,135.66,2021,11,10,Wednesday,2,False,False,False,False,False,False,,False,False,True,False,False,False,45,4,314,51,False,10,False,False,3.0,4.0,3.0,3.0,3.0,2.0,3.0,3.0,-0.4888888888888864,1.0376319412574575
2021-11-11,PROD_011,Reebok Professional Deck,Fitness,Esterilla Fitness,45,False,3,135.09,2021,11,11,Thursday,3,False,False,False,False,False,False,,False,False,True,False,False,False,45,4,315,50,False,11,False,False,3.0,3.0,4.0,3.0,3.0,3.0,2.0,3.0,-0.06666666666666919,1.065042573320719
2021-11-12,PROD_011,Reebok Professional Deck,Fitness,Esterilla Fitness,45,False,4,182.4,2021,11,12,Friday,4,False,False,True,False,False,False,,False,False,True,False,False,False,45,4,316,49,False,12,False,False,3.0,3.0,3.0,4.0,3.0,3.0,3.0,3.142857142857143,-1.3333333333333366,1.076995748700992
2021-11-13,PROD_011,Reebok Professional Deck,Fitness,Esterilla Fitness,45,False,5,223.15,2021,11,13,Saturday,5,True,False,False,True,False,False,,False,False,True,False,False,False,45,4,317,48,False,13,False,False,4.0,3.0,3.0,3.0,4.0,3.0,3.0,3.2857142857142856,0.8222222222222165,0.9857900161979091
2021-11-14,PROD_011,Reebok Professional Deck,Fitness,Esterilla Fitness,45,False,3,135.99,2021,11,14,Sunday,6,True,False,False,False,True,False,,False,False,True,False,False,False,45,4,318,47,False,14,False,False,5.0,4.0,3.0,3.0,3.0,4.0,3.0,3.5714285714285716,-0.7333333333333295,1.0532878940438386
2021-11-15,PROD_011,Reebok Professional Deck,Fitness,Esterilla Fitness,45,False,3,136.56,2021,11,15,Monday,0,False,True,False,False,False,False,,False,False,True,False,False,False,46,4,319,46,False,15,False,False,3.0,5.0,4.0,3.0,3.0,3.0,4.0,3.5714285714285716,-1.1555555555555626,1.026381059751973
2021-11-16,PROD_011,Reebok Professional Deck,Fitness,Esterilla Fitness,45,False,3,134.22,2021,11,16,Tuesday,1,False,False,False,False,False,False,,False,False,True,False,False,False,46,4,320,45,False,16,False,False,3.0,3.0,5.0,4.0,3.0,3.0,3.0,3.4285714285714284,0.5777777777777733,0.9954019578760013
2021-11-17,PROD_011,Reebok Professional Deck,Fitness,Esterilla Fitness,45,False,3,134.01,2021,11,17,Wednesday,2,False,False,False,False,False,False,,False,False,True,False,False,False,46,4,321,44,False,17,False,False,3.0,3.0,3.0,5.0,4.0,3.0,3.0,3.4285714285714284,0.7333333333333295,1.0531237721021611
2021-11-18,PROD_011,Reebok Professional Deck,Fitness,Esterilla Fitness,45,False,3,131.85,2021,11,18,Thursday,3,False,False,False,False,False,False,,False,False,True,False,False,False,46,4,322,43,False,18,False,False,3.0,3.0,3.0,3.0,5.0,4.0,3.0,3.4285714285714284,2.333333333333327,1.0494269340974212
2021-11-19,PROD_011,Reebok Professional Deck,Fitness,Esterilla Fitness,45,False,4,175.24,2021,11,19,Friday,4,False,False,True,False,False,False,,False,False,True,False,False,False,46,4,323,42,False,19,False,False,3.0,3.0,3.0,3.0,3.0,5.0,4.0,3.4285714285714284,2.6444444444444395,1.0048933404694549
2021-11-20,PROD_011,Reebok Professional Deck,Fitness,Esterilla Fitness,45,False,4,179.32,2021,11,20,Saturday,5,True,False,False,True,False,False,,False,False,True,False,False,False,46,4,324,41,False,20,False,False,4.0,3.0,3.0,3.0,3.0,3.0,5.0,3.4285714285714284,0.37777777777778154,1.0116593952158868
2021-11-21,PROD_011,Reebok Professional Deck,Fitness,Esterilla Fitness,45,False,3,137.34,2021,11,21,Sunday,6,True,False,False,False,True,False,,False,False,True,False,False,False,46,4,325,40,False,21,False,False,4.0,4.0,3.0,3.0,3.0,3.0,3.0,3.2857142857142856,-1.733333333333336,1.0199777200148534
2021-11-22,PROD_011,Reebok Professional Deck,Fitness,Esterilla Fitness,45,False,3,135.33,2021,11,22,Monday,0,False,True,False,False,False,False,,False,False,True,False,False,False,47,4,326,39,False,22,False,False,3.0,4.0,4.0,3.0,3.0,3.0,3.0,3.2857142857142856,-0.2444444444444432,1.0323441910138074
2021-11-23,PROD_011,Reebok Professional Deck,Fitness,Esterilla Fitness,45,False,4,184.56,2021,11,23,Tuesday,1,False,False,False,False,False,False,,False,False,True,False,False,False,47,4,327,38,False,23,False,False,3.0,3.0,4.0,4.0,3.0,3.0,3.0,3.2857142857142856,-2.5333333333333345,1.0687152563310687
2021-11-24,PROD_011,Reebok Professional Deck,Fitness,Esterilla Fitness,45,False,5,222.4,2021,11,24,Wednesday,2,False,False,False,False,False,False,,False,False,True,False,False,False,47,4,328,37,False,24,False,False,4.0,3.0,3.0,4.0,4.0,3.0,3.0,3.4285714285714284,1.1555555555555626,0.9920452011002899
2021-11-25,PROD_011,Reebok Professional Deck,Fitness,Esterilla Fitness,45,False,5,226.35,2021,11,25,Thursday,3,False,False,False,False,False,False,,False,False,True,False,False,False,47,4,329,36,False,25,False,False,5.0,4.0,3.0,3.0,4.0,4.0,3.0,3.7142857142857144,-0.600000000000007,1.0355318337781168
2021-11-26,PROD_011,Reebok Professional Deck,Fitness,Esterilla Fitness,45,False,14,567.0,2021,11,26,Friday,4,False,False,True,False,False,False,,True,False,True,False,False,False,47,4,330,35,False,26,False,False,5.0,5.0,4.0,3.0,3.0,4.0,4.0,4.0,10.0,1.0053785684733139
2021-11-27,PROD_011,Reebok Professional Deck,Fitness,Esterilla Fitness,45,False,15,621.0,2021,11,27,Saturday,5,True,False,False,True,False,False,,False,False,True,False,False,False,47,4,331,34,False,27,False,False,14.0,5.0,5.0,4.0,3.0,3.0,4.0,5.428571428571429,8.000000000000004,0.9313137372525493
2021-11-28,PROD_011,Reebok Professional Deck,Fitness,Esterilla Fitness,45,False,13,538.2,2021,11,28,Sunday,6,True,False,False,False,True,False,,False,False,True,False,False,False,47,4,332,33,False,28,True,False,15.0,14.0,5.0,5.0,4.0,3.0,3.0,7.0,8.000000000000004,0.9426944971537002
2021-11-29,PROD_011,Reebok Professional Deck,Fitness,Esterilla Fitness,45,False,13,526.5,2021,11,29,Monday,0,False,True,False,False,False,False,,False,True,True,False,False,False,48,4,333,32,False,29,True,False,13.0,15.0,14.0,5.0,5.0,4.0,3.0,8.428571428571429,10.0,0.9136712287562038
2021-11-30,PROD_011,Reebok Professional Deck,Fitness,Esterilla Fitness,45,False,7,299.25,2021,11,30,Tuesday,1,False,False,False,False,False,False,,False,False,True,False,False,False,48,4,334,31,False,30,True,False,13.0,13.0,15.0,14.0,5.0,5.0,4.0,9.857142857142858,5.0,0.9774407438457433
2022-10-25,PROD_011,Reebok Professional Deck,Fitness,Esterilla Fitness,45,False,3,134.97,2022,10,25,Tuesday,1,False,False,False,False,False,False,,False,False,False,False,False,False,43,4,298,67,True,25,False,False,7.0,13.0,13.0,15.0,14.0,5.0,5.0,10.285714285714286,0.0222222222222178,1.0476597065900801
2022-10-26,PROD_011,Reebok Professional Deck,Fitness,Esterilla Fitness,45,False,3,131.67,2022,10,26,Wednesday,2,False,False,False,False,False,False,,False,False,False,False,False,False,43,4,299,66,True,26,False,False,3.0,7.0,13.0,13.0,15.0,14.0,5.0,10.0,2.4666666666666655,1.0203812771233727
2022-10-27,PROD_011,Reebok Professional Deck,Fitness,Esterilla Fitness,45,False,3,135.72,2022,10,27,Thursday,3,False,False,False,False,False,False,,False,False,False,False,False,False,43,4,300,65,True,27,False,False,3.0,3.0,7.0,13.0,13.0,15.0,14.0,9.714285714285714,-0.5333333333333378,1.0144255923462142
2022-10-28,PROD_011,Reebok Professional Deck,Fitness,Esterilla Fitness,45,False,3,138.54,2022,10,28,Friday,4,False,False,True,False,False,False,,False,False,False,False,False,False,43,4,301,64,True,28,True,False,3.0,3.0,3.0,7.0,13.0,13.0,15.0,8.142857142857142,-2.622222222222222,1.092069998423459
2022-10-29,PROD_011,Reebok Professional Deck,Fitness,Esterilla Fitness,45,False,4,181.56,2022,10,29,Saturday,5,True,False,False,True,False,False,,False,False,False,False,False,False,43,4,302,63,True,29,True,False,3.0,3.0,3.0,3.0,7.0,13.0,13.0,6.428571428571429,-0.866666666666668,1.011814534106108
2022-10-30,PROD_011,Reebok Professional Deck,Fitness,Esterilla Fitness,45,False,3,139.05,2022,10,30,Sunday,6,True,False,False,False,True,False,,False,False,False,False,False,False,43,4,303,62,True,30,True,False,4.0,3.0,3.0,3.0,3.0,7.0,13.0,5.142857142857143,-3.000000000000003,1.0911873185278191
2022-10-31,PROD_011,Reebok Professional Deck,Fitness,Esterilla Fitness,45,False,3,139.02,2022,10,31,Monday,0,False,True,False,False,False,False,,False,False,False,False,False,False,44,4,304,61,True,31,True,False,3.0,4.0,3.0,3.0,3.0,3.0,7.0,3.7142857142857144,-2.9777777777777854,1.0359937402190924
2022-11-01,PROD_011,Reebok Professional Deck,Fitness,Esterilla Fitness,45,False,3,136.53,2022,11,1,Tuesday,1,False,False,False,False,False,True,Todos los Santos,False,False,True,False,False,False,44,4,305,60,False,1,False,True,3.0,3.0,4.0,3.0,3.0,3.0,3.0,3.142857142857143,-1.1333333333333289,1.0097625915242956
2022-11-02,PROD_011,Reebok Professional Deck,Fitness,Esterilla Fitness,45,False,3,136.2,2022,11,2,Wednesday,2,False,False,False,False,False,False,,False,False,True,False,False,False,44,4,306,59,False,2,False,True,3.0,3.0,3.0,4.0,3.0,3.0,3.0,3.142857142857143,-0.8888888888888857,1.0309590492771175
2022-11-03,PROD_011,Reebok Professional Deck,Fitness,Esterilla Fitness,45,False,3,131.37,2022,11,3,Thursday,3,False,False,False,False,False,False,,False,False,True,False,False,False,44,4,307,58,False,3,False,True,3.0,3.0,3.0,3.0,4.0,3.0,3.0,3.142857142857143,2.688888888888891,0.9893809308630818
2022-11-04,PROD_011,Reebok Professional Deck,Fitness,Esterilla Fitness,45,False,3,135.87,2022,11,4,Friday,4,False,False,True,False,False,False,,False,False,True,False,False,False,44,4,308,57,False,4,False,False,3.0,3.0,3.0,3.0,3.0,4.0,3.0,3.142857142857143,-0.6444444444444425,0.9868535735037768
2022-11-05,PROD_011,Reebok Professional Deck,Fitness,Esterilla Fitness,45,False,5,227.1,2022,11,5,Saturday,5,True,False,False,True,False,False,,False,False,True,False,False,False,44,4,309,56,False,5,False,False,3.0,3.0,3.0,3.0,3.0,3.0,4.0,3.142857142857143,-0.933333333333337,1.005386261344352
2022-11-06,PROD_011,Reebok Professional Deck,Fitness,Esterilla Fitness,45,False,4,178.28,2022,11,6,Sunday,6,True,False,False,False,True,False,,False,False,True,False,False,False,44,4,310,55,False,6,False,False,5.0,3.0,3.0,3.0,3.0,3.0,3.0,3.2857142857142856,0.9555555555555549,1.0154161603888212
2022-11-07,PROD_011,Reebok Professional Deck,Fitness,Esterilla Fitness,45,False,3,135.39,2022,11,7,Monday,0,False,True,False,False,False,False,,False,False,True,False,False,False,45,4,311,54,False,7,False,False,4.0,5.0,3.0,3.0,3.0,3.0,3.0,3.4285714285714284,-0.2888888888888946,1.032014635261834
2022-11-08,PROD_011,Reebok Professional Deck,Fitness,Esterilla Fitness,45,False,3,135.24,2022,11,8,Tuesday,1,False,False,False,False,False,False,,False,False,True,False,False,False,45,4,312,53,False,8,False,False,3.0,4.0,5.0,3.0,3.0,3.0,3.0,3.4285714285714284,-0.17777777777777398,1.05196017423771
2022-11-09,PROD_011,Reebok Professional Deck,Fitness,Esterilla Fitness,45,False,3,136.59,2022,11,9,Wednesday,2,False,False,False,False,False,False,,False,False,True,False,False,False,45,4,313,52,False,9,False,False,3.0,3.0,4.0,5.0,3.0,3.0,3.0,3.4285714285714284,-1.1777777777777803,1.0477103628135307
2022-11-10,PROD_011,Reebok Professional Deck,Fitness,Esterilla Fitness,45,False,3,133.47,2022,11,10,Thursday,3,False,False,False,False,False,False,,False,False,True,False,False,False,45,4,314,51,False,10,False,False,3.0,3.0,3.0,4.0,5.0,3.0,3.0,3.4285714285714284,1.1333333333333289,1.064354066985646
2022-11-11,PROD_011,Reebok Professional Deck,Fitness,Esterilla Fitness,45,False,4,178.6,2022,11,11,Friday,4,False,False,True,False,False,False,,False,False,True,False,False,False,45,4,315,50,False,11,False,False,3.0,3.0,3.0,3.0,4.0,5.0,3.0,3.4285714285714284,0.777777777777781,1.0212717291857274
2022-11-12,PROD_011,Reebok Professional Deck,Fitness,Esterilla Fitness,45,False,5,229.5,2022,11,12,Saturday,5,True,False,False,True,False,False,,False,False,True,False,False,False,45,4,316,49,False,12,False,False,4.0,3.0,3.0,3.0,3.0,4.0,5.0,3.5714285714285716,-1.999999999999997,1.050183038438072
2022-11-13,PROD_011,Reebok Professional Deck,Fitness,Esterilla Fitness,45,False,3,135.3,2022,11,13,Sunday,6,True,False,False,False,True,False,,False,False,True,False,False,False,45,4,317,48,False,13,False,False,5.0,4.0,3.0,3.0,3.0,3.0,4.0,3.5714285714285716,-0.22222222222222537,1.0164525580347081
2022-11-14,PROD_011,Reebok Professional Deck,Fitness,Esterilla Fitness,45,False,3,134.67,2022,11,14,Monday,0,False,True,False,False,False,False,,False,False,True,False,False,False,46,4,318,47,False,14,False,False,3.0,5.0,4.0,3.0,3.0,3.0,3.0,3.4285714285714284,0.2444444444444432,1.060310211794347
2022-11-15,PROD_011,Reebok Professional Deck,Fitness,Esterilla Fitness,45,False,4,177.0,2022,11,15,Tuesday,1,False,False,False,False,False,False,,False,False,True,False,False,False,46,4,319,46,False,15,False,False,3.0,3.0,5.0,4.0,3.0,3.0,3.0,3.4285714285714284,1.6666666666666667,0.9887531654997767
2022-11-16,PROD_011,Reebok Professional Deck,Fitness,Esterilla Fitness,45,False,3,134.85,2022,11,16,Wednesday,2,False,False,False,False,False,False,,False,False,True,False,False,False,46,4,320,45,False,16,False,False,4.0,3.0,3.0,5.0,4.0,3.0,3.0,3.5714285714285716,0.1111111111111048,1.0506427736657578
2022-11-17,PROD_011,Reebok Professional Deck,Fitness,Esterilla Fitness,45,False,4,176.04,2022,11,17,Thursday,3,False,False,False,False,False,False,,False,False,True,False,False,False,46,4,321,44,False,17,False,False,3.0,4.0,3.0,3.0,5.0,4.0,3.0,3.5714285714285716,2.200000000000004,1.0096352374397797
2022-11-18,PROD_011,Reebok Professional Deck,Fitness,Esterilla Fitness,45,False,4,183.04,2022,11,18,Friday,4,False,False,True,False,False,False,,False,False,True,False,False,False,46,4,322,43,False,18,False,False,4.0,3.0,4.0,3.0,3.0,5.0,4.0,3.7142857142857144,-1.6888888888888847,1.0305532617671345
2022-11-19,PROD_011,Reebok Professional Deck,Fitness,Esterilla Fitness,45,False,5,230.8,2022,11,19,Saturday,5,True,False,False,True,False,False,,False,False,True,False,False,False,46,4,323,42,False,19,False,False,4.0,4.0,3.0,4.0,3.0,3.0,5.0,3.7142857142857144,-2.57777777777777,1.0575836260882845
2022-11-20,PROD_011,Reebok Professional Deck,Fitness,Esterilla Fitness,45,False,4,177.56,2022,11,20,Sunday,6,True,False,False,False,True,False,,False,False,True,False,False,False,46,4,324,41,False,20,False,False,5.0,4.0,4.0,3.0,4.0,3.0,3.0,3.7142857142857144,1.3555555555555543,0.994994022713688
2022-11-21,PROD_011,Reebok Professional Deck,Fitness,Esterilla Fitness,45,False,3,134.61,2022,11,21,Monday,0,False,True,False,False,False,False,,False,False,True,False,False,False,47,4,325,40,False,21,False,False,4.0,5.0,4.0,4.0,3.0,4.0,3.0,3.857142857142857,0.2888888888888946,1.0146992311171414
2022-11-22,PROD_011,Reebok Professional Deck,Fitness,Esterilla Fitness,45,False,5,218.95,2022,11,22,Tuesday,1,False,False,False,False,False,False,,False,False,True,False,False,False,47,4,326,39,False,22,False,False,3.0,4.0,5.0,4.0,4.0,3.0,4.0,3.857142857142857,2.688888888888891,0.9984798966329711
2022-11-23,PROD_011,Reebok Professional Deck,Fitness,Esterilla Fitness,45,False,4,177.4,2022,11,23,Wednesday,2,False,False,False,False,False,False,,False,False,True,False,False,False,47,4,327,38,False,23,False,False,5.0,3.0,4.0,5.0,4.0,4.0,3.0,4.0,1.4444444444444413,1.0521113395540094
2022-11-24,PROD_011,Reebok Professional Deck,Fitness,Esterilla Fitness,45,False,4,183.08,2022,11,24,Thursday,3,False,False,False,False,False,False,,False,False,True,False,False,False,47,4,328,37,False,24,False,False,4.0,5.0,3.0,4.0,5.0,4.0,4.0,4.142857142857143,-1.7111111111111181,1.019982172039816
2022-11-25,PROD_011,Reebok Professional Deck,Fitness,Esterilla Fitness,45,False,18,729.0,2022,11,25,Friday,4,False,False,True,False,False,False,,True,False,True,False,False,False,47,4,329,36,False,25,False,False,4.0,4.0,5.0,3.0,4.0,5.0,4.0,4.142857142857143,10.0,1.0321100917431192
2022-11-26,PROD_011,Reebok Professional Deck,Fitness,Esterilla Fitness,45,False,18,745.2,2022,11,26,Saturday,5,True,False,False,True,False,False,,False,False,True,False,False,False,47,4,330,35,False,26,False,False,18.0,4.0,4.0,5.0,3.0,4.0,5.0,6.142857142857143,8.000000000000004,0.9555316202492689
2022-11-27,PROD_011,Reebok Professional Deck,Fitness,Esterilla Fitness,45,False,12,496.8,2022,11,27,Sunday,6,True,False,False,False,True,False,,False,False,True,False,False,False,47,4,331,34,False,27,False,False,18.0,18.0,4.0,4.0,5.0,3.0,4.0,8.0,8.000000000000004,0.9604825612868301
2022-11-28,PROD_011,Reebok Professional Deck,Fitness,Esterilla Fitness,45,False,12,486.0,2022,11,28,Monday,0,False,True,False,False,False,False,,False,True,True,False,False,False,48,4,332,33,False,28,True,False,12.0,18.0,18.0,4.0,4.0,5.0,3.0,9.142857142857142,10.0,0.9099760335530257
2022-11-29,PROD_011,Reebok Professional Deck,Fitness,Esterilla Fitness,45,False,9,384.75,2022,11,29,Tuesday,1,False,False,False,False,False,False,,False,False,True,False,False,False,48,4,333,32,False,29,True,False,12.0,12.0,18.0,18.0,4.0,4.0,5.0,10.428571428571429,5.0,0.9844937437629537
2022-11-30,PROD_011,Reebok Professional Deck,Fitness,Esterilla Fitness,45,False,9,384.75,2022,11,30,Wednesday,2,False,False,False,False,False,False,,False,False,True,False,False,False,48,4,334,31,False,30,True,False,9.0,12.0,12.0,18.0,18.0,4.0,4.0,11.0,5.0,0.9606022020822411
2023-10-25,PROD_011,Reebok Professional Deck,Fitness,Esterilla Fitness,45,False,3,132.81,2023,10,25,Wednesday,2,False,False,False,False,False,False,,False,False,False,False,False,False,43,4,298,67,True,25,False,False,9.0,9.0,12.0,12.0,18.0,18.0,4.0,11.714285714285714,1.6222222222222151,1.0488864318433107
2023-10-26,PROD_011,Reebok Professional Deck,Fitness,Esterilla Fitness,45,False,3,137.94,2023,10,26,Thursday,3,False,False,False,False,False,False,,False,False,False,False,False,False,43,4,299,66,True,26,False,False,3.0,9.0,9.0,12.0,12.0,18.0,18.0,11.571428571428571,-2.177777777777771,1.0434190620272314
2023-10-27,PROD_011,Reebok Professional Deck,Fitness,Esterilla Fitness,45,False,4,180.12,2023,10,27,Friday,4,False,False,True,False,False,False,,False,False,False,False,False,False,43,4,300,65,True,27,False,False,3.0,3.0,9.0,9.0,12.0,12.0,18.0,9.428571428571429,-0.06666666666666919,1.0528407762450316
2023-10-28,PROD_011,Reebok Professional Deck,Fitness,Esterilla Fitness,45,False,4,183.12,2023,10,28,Saturday,5,True,False,False,True,False,False,,False,False,False,False,False,False,43,4,301,64,True,28,True,False,4.0,3.0,3.0,9.0,9.0,12.0,12.0,7.428571428571429,-1.733333333333336,1.051125057400888
2023-10-29,PROD_011,Reebok Professional Deck,Fitness,Esterilla Fitness,45,False,4,182.56,2023,10,29,Sunday,6,True,False,False,False,True,False,,False,False,False,False,False,False,43,4,302,63,True,29,True,False,4.0,4.0,3.0,3.0,9.0,9.0,12.0,6.285714285714286,-1.4222222222222236,1.0753161077515119
2023-10-30,PROD_011,Reebok Professional Deck,Fitness,Esterilla Fitness,45,False,3,135.45,2023,10,30,Monday,0,False,True,False,False,False,False,,False,False,False,False,False,False,44,4,303,62,True,30,True,False,4.0,4.0,4.0,3.0,3.0,9.0,9.0,5.142857142857143,-0.3333333333333302,1.0262918624033943
2023-10-31,PROD_011,Reebok Professional Deck,Fitness,Esterilla Fitness,45,False,3,135.54,2023,10,31,Tuesday,1,False,False,False,False,False,False,,False,False,False,False,False,False,44,4,304,61,True,31,True,False,3.0,4.0,4.0,4.0,3.0,3.0,9.0,4.285714285714286,-0.3999999999999994,1.034419598565214
2023-11-01,PROD_011,Reebok Professional Deck,Fitness,Esterilla Fitness,45,False,4,179.56,2023,11,1,Wednesday,2,False,False,False,False,False,True,Todos los Santos,False,False,True,False,False,False,44,4,305,60,False,1,False,True,3.0,3.0,4.0,4.0,4.0,3.0,3.0,3.4285714285714284,0.2444444444444432,1.0391203703703704
2023-11-02,PROD_011,Reebok Professional Deck,Fitness,Esterilla Fitness,45,False,3,134.28,2023,11,2,Thursday,3,False,False,False,False,False,False,,False,False,True,False,False,False,44,4,306,59,False,2,False,True,4.0,3.0,3.0,4.0,4.0,4.0,3.0,3.5714285714285716,0.5333333333333378,1.0477528089887638
2023-11-03,PROD_011,Reebok Professional Deck,Fitness,Esterilla Fitness,45,False,4,178.24,2023,11,3,Friday,4,False,False,True,False,False,False,,False,False,True,False,False,False,44,4,307,58,False,3,False,True,3.0,4.0,3.0,3.0,4.0,4.0,4.0,3.5714285714285716,0.9777777777777727,1.0099728014505893
2023-11-04,PROD_011,Reebok Professional Deck,Fitness,Esterilla Fitness,45,False,5,231.35,2023,11,4,Saturday,5,True,False,False,True,False,False,,False,False,True,False,False,False,44,4,308,57,False,4,False,False,4.0,3.0,4.0,3.0,3.0,4.0,4.0,3.5714285714285716,-2.822222222222229,1.0737159653465347
2023-11-05,PROD_011,Reebok Professional Deck,Fitness,Esterilla Fitness,45,False,3,131.13,2023,11,5,Sunday,6,True,False,False,False,True,False,,False,False,True,False,False,False,44,4,309,56,False,5,False,False,5.0,4.0,3.0,4.0,3.0,3.0,4.0,3.7142857142857144,2.866666666666665,1.0107916441840747
2023-11-06,PROD_011,Reebok Professional Deck,Fitness,Esterilla Fitness,45,False,3,134.25,2023,11,6,Monday,0,False,True,False,False,False,False,,False,False,True,False,False,False,45,4,310,55,False,6,False,False,3.0,5.0,4.0,3.0,4.0,3.0,3.0,3.5714285714285716,0.5555555555555556,1.0151228733459357
2023-11-07,PROD_011,Reebok Professional Deck,Fitness,Esterilla Fitness,45,False,3,137.31,2023,11,7,Tuesday,1,False,False,False,False,False,False,,False,False,True,False,False,False,45,4,311,54,False,7,False,False,3.0,3.0,5.0,4.0,3.0,4.0,3.0,3.5714285714285716,-1.7111111111111181,1.0025554906542056
2023-11-08,PROD_011,Reebok Professional Deck,Fitness,Esterilla Fitness,45,False,3,134.31,2023,11,8,Wednesday,2,False,False,False,False,False,False,,False,False,True,False,False,False,45,4,312,53,False,8,False,False,3.0,3.0,3.0,5.0,4.0,3.0,4.0,3.5714285714285716,0.5111111111111042,0.9815112540192926
2023-11-09,PROD_011,Reebok Professional Deck,Fitness,Esterilla Fitness,45,False,3,135.51,2023,11,9,Thursday,3,False,False,False,False,False,False,,False,False,True,False,False,False,45,4,313,52,False,9,False,False,3.0,3.0,3.0,3.0,5.0,4.0,3.0,3.4285714285714284,-0.37777777777778154,1.0388684452621897
2023-11-10,PROD_011,Reebok Professional Deck,Fitness,Esterilla Fitness,45,False,4,179.0,2023,11,10,Friday,4,False,False,True,False,False,False,,False,False,True,False,False,False,45,4,314,51,False,10,False,False,3.0,3.0,3.0,3.0,3.0,5.0,4.0,3.4285714285714284,0.5555555555555556,0.9912138216184287
2023-11-11,PROD_011,Reebok Professional Deck,Fitness,Esterilla Fitness,45,False,3,138.57,2023,11,11,Saturday,5,True,False,False,True,False,False,,False,False,True,False,False,False,45,4,315,50,False,11,False,False,4.0,3.0,3.0,3.0,3.0,3.0,5.0,3.4285714285714284,-2.6444444444444395,1.0568181818181817
2023-11-12,PROD_011,Reebok Professional Deck,Fitness,Esterilla Fitness,45,False,4,176.44,2023,11,12,Sunday,6,True,False,False,False,True,False,,False,False,True,False,False,False,45,4,316,49,False,12,False,False,3.0,4.0,3.0,3.0,3.0,3.0,3.0,3.142857142857143,1.977777777777779,1.015735339269266
2023-11-13,PROD_011,Reebok Professional Deck,Fitness,Esterilla Fitness,45,False,4,178.84,2023,11,13,Monday,0,False,True,False,False,False,False,,False,False,True,False,False,False,46,4,317,48,False,13,False,False,4.0,3.0,4.0,3.0,3.0,3.0,3.0,3.2857142857142856,0.6444444444444425,0.9931877082562013
2023-11-14,PROD_011,Reebok Professional Deck,Fitness,Esterilla Fitness,45,False,4,178.52,2023,11,14,Tuesday,1,False,False,False,False,False,False,,False,False,True,False,False,False,46,4,318,47,False,14,False,False,4.0,4.0,3.0,4.0,3.0,3.0,3.0,3.4285714285714284,0.8222222222222165,1.0404071800450696
2023-11-15,PROD_011,Reebok Professional Deck,Fitness,Esterilla Fitness,45,False,3,136.83,2023,11,15,Wednesday,2,False,False,False,False,False,False,,False,False,True,False,False,False,46,4,319,46,False,15,False,False,4.0,4.0,4.0,3.0,4.0,3.0,3.0,3.5714285714285716,-1.3555555555555543,1.0005118455688797
2023-11-16,PROD_011,Reebok Professional Deck,Fitness,Esterilla Fitness,45,False,4,175.36,2023,11,16,Thursday,3,False,False,False,False,False,False,,False,False,True,False,False,False,46,4,320,45,False,16,False,False,3.0,4.0,4.0,4.0,3.0,4.0,3.0,3.5714285714285716,2.57777777777777,1.013797887921067
2023-11-17,PROD_011,Reebok Professional Deck,Fitness,Esterilla Fitness,45,False,4,181.84,2023,11,17,Friday,4,False,False,True,False,False,False,,False,False,True,False,False,False,46,4,321,44,False,17,False,False,4.0,3.0,4.0,4.0,4.0,3.0,4.0,3.7142857142857144,-1.0222222222222241,1.0231825343236551
2023-11-18,PROD_011,Reebok Professional Deck,Fitness,Esterilla Fitness,45,False,5,226.95,2023,11,18,Saturday,5,True,False,False,True,False,False,,False,False,True,False,False,False,46,4,322,43,False,18,False,False,4.0,4.0,3.0,4.0,4.0,4.0,3.0,3.7142857142857144,-0.866666666666668,1.0053898405197874
2023-11-19,PROD_011,Reebok Professional Deck,Fitness,Esterilla Fitness,45,False,4,181.72,2023,11,19,Sunday,6,True,False,False,False,True,False,,False,False,True,False,False,False,46,4,323,42,False,19,False,False,5.0,4.0,4.0,3.0,4.0,4.0,4.0,4.0,-0.9555555555555549,1.0171654601089632
2023-11-20,PROD_011,Reebok Professional Deck,Fitness,Esterilla Fitness,45,False,3,133.92,2023,11,20,Monday,0,False,True,False,False,False,False,,False,False,True,False,False,False,47,4,324,41,False,20,False,False,4.0,5.0,4.0,4.0,3.0,4.0,4.0,4.0,0.7999999999999988,0.9856480459262531
2023-11-21,PROD_011,Reebok Professional Deck,Fitness,Esterilla Fitness,45,False,4,184.48,2023,11,21,Tuesday,1,False,False,False,False,False,False,,False,False,True,False,False,False,47,4,325,40,False,21,False,False,3.0,4.0,5.0,4.0,4.0,3.0,4.0,3.857142857142857,-2.488888888888883,1.07330695834303
2023-11-22,PROD_011,Reebok Professional Deck,Fitness,Esterilla Fitness,45,False,5,223.3,2023,11,22,Wednesday,2,False,False,False,False,False,False,,False,False,True,False,False,False,47,4,326,39,False,22,False,False,4.0,3.0,4.0,5.0,4.0,4.0,3.0,3.857142857142857,0.7555555555555631,1.0306946688206784
2023-11-23,PROD_011,Reebok Professional Deck,Fitness,Esterilla Fitness,45,False,4,180.16,2023,11,23,Thursday,3,False,False,False,False,False,False,,False,False,True,False,False,False,47,4,327,38,False,23,False,False,5.0,4.0,3.0,4.0,5.0,4.0,4.0,4.142857142857143,-0.08888888888888699,1.0440426518312473
2023-11-24,PROD_011,Reebok Professional Deck,Fitness,Esterilla Fitness,45,False,23,931.5,2023,11,24,Friday,4,False,False,True,False,False,False,,True,False,True,False,False,False,47,4,328,37,False,24,False,False,4.0,5.0,4.0,3.0,4.0,5.0,4.0,4.142857142857143,10.0,1.0334268946159735
2023-11-25,PROD_011,Reebok Professional Deck,Fitness,Esterilla Fitness,45,False,18,745.2,2023,11,25,Saturday,5,True,False,False,True,False,False,,False,False,True,False,False,False,47,4,329,36,False,25,False,False,23.0,4.0,5.0,4.0,3.0,4.0,5.0,6.857142857142857,8.000000000000004,0.9587772116720704
2023-11-26,PROD_011,Reebok Professional Deck,Fitness,Esterilla Fitness,45,False,16,662.4,2023,11,26,Sunday,6,True,False,False,False,True,False,,False,False,True,False,False,False,47,4,330,35,False,26,False,False,18.0,23.0,4.0,5.0,4.0,3.0,4.0,8.714285714285714,8.000000000000004,0.9207502409370598
2023-11-27,PROD_011,Reebok Professional Deck,Fitness,Esterilla Fitness,45,False,19,769.5,2023,11,27,Monday,0,False,True,False,False,False,False,,False,True,True,False,False,False,48,4,331,34,False,27,False,False,16.0,18.0,23.0,4.0,5.0,4.0,3.0,10.428571428571429,10.0,0.9055000745267551
2023-11-28,PROD_011,Reebok Professional Deck,Fitness,Esterilla Fitness,45,False,9,384.75,2023,11,28,Tuesday,1,False,False,False,False,False,False,,False,False,True,False,False,False,48,4,332,33,False,28,True,False,19.0,16.0,18.0,23.0,4.0,5.0,4.0,12.714285714285714,5.0,0.9751368613138687
2023-11-29,PROD_011,Reebok Professional Deck,Fitness,Esterilla Fitness,45,False,8,342.0,2023,11,29,Wednesday,2,False,False,False,False,False,False,,False,False,True,False,False,False,48,4,333,32,False,29,True,False,9.0,19.0,16.0,18.0,23.0,4.0,5.0,13.428571428571429,5.0,0.9579474155960562
2023-11-30,PROD_011,Reebok Professional Deck,Fitness,Esterilla Fitness,45,False,2,87.78,2023,11,30,Thursday,3,False,False,False,False,False,False,,False,False,True,False,False,False,48,4,334,31,False,30,True,False,8.0,9.0,19.0,16.0,18.0,23.0,4.0,13.857142857142858,2.4666666666666655,0.9804169769173491
2024-10-25,PROD_011,Reebok Professional Deck,Fitness,Esterilla Fitness,45,False,3,132.63,2024,10,25,Friday,4,False,False,True,False,False,False,,False,False,False,False,False,False,43,4,299,67,True,25,False,False,2.0,8.0,9.0,19.0,16.0,18.0,23.0,13.571428571428571,1.7555555555555535,1.0386061080657794
2024-10-26,PROD_011,Reebok Professional Deck,Fitness,Esterilla Fitness,45,False,4,180.56,2024,10,26,Saturday,5,True,False,False,True,False,False,,False,False,False,False,False,False,43,4,300,66,True,26,False,False,3.0,2.0,8.0,9.0,19.0,16.0,18.0,10.714285714285714,-0.3111111111111124,1.027777777777778
2024-10-27,PROD_011,Reebok Professional Deck,Fitness,Esterilla Fitness,45,False,4,175.84,2024,10,27,Sunday,6,True,False,False,False,True,False,,False,False,False,False,False,False,43,4,301,65,True,27,False,False,4.0,3.0,2.0,8.0,9.0,19.0,16.0,8.714285714285714,2.311111111111109,0.9846199790951172
2024-10-28,PROD_011,Reebok Professional Deck,Fitness,Esterilla Fitness,45,False,3,136.68,2024,10,28,Monday,0,False,True,False,False,False,False,,False,False,False,False,False,False,44,4,302,64,True,28,True,False,4.0,4.0,3.0,2.0,8.0,9.0,19.0,7.0,-1.2444444444444496,1.0355329949238579
2024-10-29,PROD_011,Reebok Professional Deck,Fitness,Esterilla Fitness,45,False,4,182.96,2024,10,29,Tuesday,1,False,False,False,False,False,False,,False,False,False,False,False,False,44,4,303,63,True,29,True,False,3.0,4.0,4.0,3.0,2.0,8.0,9.0,4.714285714285714,-1.6444444444444488,1.0563510392609698
2024-10-30,PROD_011,Reebok Professional Deck,Fitness,Esterilla Fitness,45,False,3,135.09,2024,10,30,Wednesday,2,False,False,False,False,False,False,,False,False,False,False,False,False,44,4,304,62,True,30,True,False,4.0,3.0,4.0,4.0,3.0,2.0,8.0,4.0,-0.06666666666666919,1.0273003802281369
2024-10-31,PROD_011,Reebok Professional Deck,Fitness,Esterilla Fitness,45,False,3,135.96,2024,10,31,Thursday,3,False,False,False,False,False,False,,False,False,False,False,False,False,44,4,305,61,True,31,True,False,3.0,4.0,3.0,4.0,4.0,3.0,2.0,3.2857142857142856,-0.7111111111111118,1.0648496240601504
2024-11-01,PROD_011,Reebok Professional Deck,Fitness,Esterilla Fitness,45,False,4,175.28,2024,11,1,Friday,4,False,False,True,False,False,True,Todos los Santos,False,False,True,False,False,False,44,4,306,60,False,1,False,True,3.0,3.0,4.0,3.0,4.0,4.0,3.0,3.4285714285714284,2.622222222222222,0.9767441860465116
2024-11-02,PROD_011,Reebok Professional Deck,Fitness,Esterilla Fitness,45,False,5,222.65,2024,11,2,Saturday,5,True,False,False,True,False,False,,False,False,True,False,False,False,44,4,307,59,False,2,False,True,4.0,3.0,3.0,4.0,3.0,4.0,4.0,3.5714285714285716,1.0444444444444418,1.0179836927531813
2024-11-03,PROD_011,Reebok Professional Deck,Fitness,Esterilla Fitness,45,False,3,132.72,2024,11,3,Sunday,6,True,False,False,False,True,False,,False,False,True,False,False,False,44,4,308,58,False,3,False,True,5.0,4.0,3.0,3.0,4.0,3.0,4.0,3.7142857142857144,1.6888888888888847,1.0281995661605206
2024-11-04,PROD_011,Reebok Professional Deck,Fitness,Esterilla Fitness,45,False,4,179.72,2024,11,4,Monday,0,False,True,False,False,False,False,,False,False,True,False,False,False,45,4,309,57,False,4,False,False,3.0,5.0,4.0,3.0,3.0,4.0,3.0,3.5714285714285716,0.1555555555555562,1.0809141940657576
2024-11-05,PROD_011,Reebok Professional Deck,Fitness,Esterilla Fitness,45,False,4,178.72,2024,11,5,Tuesday,1,False,False,False,False,False,False,,False,False,True,False,False,False,45,4,310,56,False,5,False,False,4.0,3.0,5.0,4.0,3.0,3.0,4.0,3.7142857142857144,0.7111111111111118,1.04596176355833
2024-11-06,PROD_011,Reebok Professional Deck,Fitness,Esterilla Fitness,45,False,4,180.8,2024,11,6,Wednesday,2,False,False,False,False,False,False,,False,False,True,False,False,False,45,4,311,55,False,6,False,False,4.0,4.0,3.0,5.0,4.0,3.0,3.0,3.7142857142857144,-0.44444444444445075,1.0167966406718656
2024-11-07,PROD_011,Reebok Professional Deck,Fitness,Esterilla Fitness,45,False,3,133.95,2024,11,7,Thursday,3,False,False,False,False,False,False,,False,False,True,False,False,False,45,4,312,54,False,7,False,False,4.0,4.0,4.0,3.0,5.0,4.0,3.0,3.857142857142857,0.777777777777781,0.9865223155103845
2024-11-08,PROD_011,Reebok Professional Deck,Fitness,Esterilla Fitness,45,False,5,221.65,2024,11,8,Friday,4,False,False,True,False,False,False,,False,False,True,False,False,False,45,4,313,53,False,8,False,False,3.0,4.0,4.0,4.0,3.0,5.0,4.0,3.857142857142857,1.4888888888888927,1.0208797113686956
2024-11-09,PROD_011,Reebok Professional Deck,Fitness,Esterilla Fitness,45,False,5,218.8,2024,11,9,Saturday,5,True,False,False,True,False,False,,False,False,True,False,False,False,45,4,314,52,False,9,False,False,5.0,3.0,4.0,4.0,4.0,3.0,5.0,4.0,2.75555555555556,0.9972652689152234
2024-11-10,PROD_011,Reebok Professional Deck,Fitness,Esterilla Fitness,45,False,4,182.52,2024,11,10,Sunday,6,True,False,False,False,True,False,,False,False,True,False,False,False,45,4,315,51,False,10,False,False,5.0,5.0,3.0,4.0,4.0,4.0,3.0,4.0,-1.4000000000000057,1.0492067141871695
2024-11-11,PROD_011,Reebok Professional Deck,Fitness,Esterilla Fitness,45,False,4,179.88,2024,11,11,Monday,0,False,True,False,False,False,False,,False,False,True,False,False,False,46,4,316,50,False,11,False,False,4.0,5.0,5.0,3.0,4.0,4.0,4.0,4.142857142857143,0.06666666666666919,1.0342686292548298
2024-11-12,PROD_011,Reebok Professional Deck,Fitness,Esterilla Fitness,45,False,3,137.13,2024,11,12,Tuesday,1,False,False,False,False,False,False,,False,False,True,False,False,False,46,4,317,49,False,12,False,False,4.0,4.0,5.0,5.0,3.0,4.0,4.0,4.142857142857143,-1.5777777777777797,1.0641781778674528
2024-11-13,PROD_011,Reebok Professional Deck,Fitness,Esterilla Fitness,45,False,3,138.27,2024,11,13,Wednesday,2,False,False,False,False,False,False,,False,False,True,False,False,False,46,4,318,48,False,13,False,False,3.0,4.0,4.0,5.0,5.0,3.0,4.0,4.0,-2.4222222222222296,1.0143045774647887
2024-11-14,PROD_011,Reebok Professional Deck,Fitness,Esterilla Fitness,45,False,3,132.48,2024,11,14,Thursday,3,False,False,False,False,False,False,,False,False,True,False,False,False,46,4,319,47,False,14,False,False,3.0,3.0,4.0,4.0,5.0,5.0,3.0,3.857142857142857,1.866666666666674,1.0297706956859696
2024-11-15,PROD_011,Reebok Professional Deck,Fitness,Esterilla Fitness,45,False,4,183.84,2024,11,15,Friday,4,False,False,True,False,False,False,,False,False,True,False,False,False,46,4,320,46,False,15,False,False,3.0,3.0,3.0,4.0,4.0,5.0,5.0,3.857142857142857,-2.1333333333333355,1.056713672593501
2024-11-16,PROD_011,Reebok Professional Deck,Fitness,Esterilla Fitness,45,False,5,226.3,2024,11,16,Saturday,5,True,False,False,True,False,False,,False,False,True,False,False,False,46,4,321,45,False,16,False,False,4.0,3.0,3.0,3.0,4.0,4.0,5.0,3.7142857142857144,-0.5777777777777733,1.0435785104911228
2024-11-17,PROD_011,Reebok Professional Deck,Fitness,Esterilla Fitness,45,False,4,177.76,2024,11,17,Sunday,6,True,False,False,False,True,False,,False,False,True,False,False,False,46,4,322,44,False,17,False,False,5.0,4.0,3.0,3.0,3.0,4.0,4.0,3.7142857142857144,1.2444444444444496,1.0277520814061054
2024-11-18,PROD_011,Reebok Professional Deck,Fitness,Esterilla Fitness,45,False,3,137.04,2024,11,18,Monday,0,False,True,False,False,False,False,,False,False,True,False,False,False,47,4,323,43,False,18,False,False,4.0,5.0,4.0,3.0,3.0,3.0,4.0,3.7142857142857144,-1.5111111111111104,1.0527771375893065
2024-11-19,PROD_011,Reebok Professional Deck,Fitness,Esterilla Fitness,45,False,5,227.0,2024,11,19,Tuesday,1,False,False,False,False,False,False,,False,False,True,False,False,False,47,4,324,42,False,19,False,False,3.0,4.0,5.0,4.0,3.0,3.0,3.0,3.5714285714285716,-0.8888888888888857,1.0262979428829777
2024-11-20,PROD_011,Reebok Professional Deck,Fitness,Esterilla Fitness,45,False,4,176.76,2024,11,20,Wednesday,2,False,False,False,False,False,False,,False,False,True,False,False,False,47,4,325,41,False,20,False,False,5.0,3.0,4.0,5.0,4.0,3.0,3.0,3.857142857142857,1.8000000000000052,0.9948221521837011
2024-11-21,PROD_011,Reebok Professional Deck,Fitness,Esterilla Fitness,45,False,4,177.4,2024,11,21,Thursday,3,False,False,False,False,False,False,,False,False,True,False,False,False,47,4,326,40,False,21,False,False,4.0,5.0,3.0,4.0,5.0,4.0,3.0,4.0,1.4444444444444413,1.0006016394675492
2024-11-22,PROD_011,Reebok Professional Deck,Fitness,Esterilla Fitness,45,False,4,180.72,2024,11,22,Friday,4,False,False,True,False,False,False,,False,False,True,False,False,False,47,4,327,39,False,22,False,False,4.0,4.0,5.0,3.0,4.0,5.0,4.0,4.142857142857143,-0.3999999999999994,1.0308792211743232
2024-11-23,PROD_011,Reebok Professional Deck,Fitness,Esterilla Fitness,45,False,5,225.45,2024,11,23,Saturday,5,True,False,False,True,False,False,,False,False,True,False,False,False,47,4,328,38,False,23,False,False,4.0,4.0,4.0,5.0,3.0,4.0,5.0,4.142857142857143,-0.2000000000000076,1.0039335015585573
2024-11-24,PROD_011,Reebok Professional Deck,Fitness,Esterilla Fitness,45,False,4,182.6,2024,11,24,Sunday,6,True,False,False,False,True,False,,False,False,True,False,False,False,47,4,329,37,False,24,False,False,5.0,4.0,4.0,4.0,5.0,3.0,4.0,4.142857142857143,-1.4444444444444413,1.0516817693134695
2024-11-25,PROD_011,Reebok Professional Deck,Fitness,Esterilla Fitness,45,False,4,175.8,2024,11,25,Monday,0,False,True,False,False,False,False,,False,False,True,False,False,False,48,4,330,36,False,25,False,False,4.0,5.0,4.0,4.0,4.0,5.0,3.0,4.142857142857143,2.333333333333327,0.9944188852854665
2024-11-26,PROD_011,Reebok Professional Deck,Fitness,Esterilla Fitness,45,False,5,227.1,2024,11,26,Tuesday,1,False,False,False,False,False,False,,False,False,True,False,False,False,48,4,331,35,False,26,False,False,4.0,4.0,5.0,4.0,4.0,4.0,5.0,4.285714285714286,-0.933333333333337,1.0246653632125131
2024-11-27,PROD_011,Reebok Professional Deck,Fitness,Esterilla Fitness,45,False,4,175.2,2024,11,27,Wednesday,2,False,False,False,False,False,False,,False,False,True,False,False,False,48,4,332,34,False,27,False,False,5.0,4.0,4.0,5.0,4.0,4.0,4.0,4.285714285714286,2.666666666666673,1.0095267363245237
2024-11-28,PROD_011,Reebok Professional Deck,Fitness,Esterilla Fitness,45,False,5,220.85,2024,11,28,Thursday,3,False,False,False,False,False,False,,False,False,True,False,False,False,48,4,333,33,False,28,True,False,4.0,5.0,4.0,4.0,5.0,4.0,4.0,4.285714285714286,1.8444444444444406,1.0058448459086078
2024-11-29,PROD_011,Reebok Professional Deck,Fitness,Esterilla Fitness,45,False,21,850.5,2024,11,29,Friday,4,False,False,True,False,False,False,,True,False,True,False,False,False,48,4,334,32,False,29,True,False,5.0,4.0,5.0,4.0,4.0,5.0,4.0,4.428571428571429,10.0,1.0367778820718492
2024-11-30,PROD_011,Reebok Professional Deck,Fitness,Esterilla Fitness,45,False,19,786.6,2024,11,30,Saturday,5,True,False,False,True,False,False,,False,False,True,False,False,False,48,4,335,31,False,30,True,False,21.0,5.0,4.0,5.0,4.0,4.0,5.0,6.857142857142857,8.000000000000004,0.9387045574786487
2021-11-01,PROD_012,Domyos Kit Mancuernas 20kg,Fitness,Pesas Casa,55,False,3,162.18,2021,11,1,Monday,0,False,True,False,False,False,True,Todos los Santos,False,False,True,False,False,False,44,4,305,60,False,1,False,True,3.0,4.0,3.0,3.0,2.0,4.0,3.0,3.142857142857143,1.709090909090905,0.9978465514058943
2021-11-02,PROD_012,Domyos Kit Mancuernas 20kg,Fitness,Pesas Casa,55,False,3,167.61,2021,11,2,Tuesday,1,False,False,False,False,False,False,,False,False,True,False,False,False,44,4,306,59,False,2,False,True,3.0,3.0,4.0,3.0,3.0,2.0,4.0,3.142857142857143,-1.5818181818181773,1.0084837545126353
2021-11-03,PROD_012,Domyos Kit Mancuernas 20kg,Fitness,Pesas Casa,55,False,3,169.32,2021,11,3,Wednesday,2,False,False,False,False,False,False,,False,False,True,False,False,False,44,4,307,58,False,3,False,True,3.0,3.0,3.0,4.0,3.0,3.0,2.0,3.0,-2.6181818181818137,1.0426108374384235
2021-11-04,PROD_012,Domyos Kit Mancuernas 20kg,Fitness,Pesas Casa,55,False,4,218.84,2021,11,4,Thursday,3,False,False,False,False,False,False,,False,False,True,False,False,False,44,4,308,57,False,4,False,False,3.0,3.0,3.0,3.0,4.0,3.0,3.0,3.142857142857143,0.5272727272727257,1.0525876996087988
2021-11-05,PROD_012,Domyos Kit Mancuernas 20kg,Fitness,Pesas Casa,55,False,4,220.24,2021,11,5,Friday,4,False,False,True,False,False,False,,False,False,True,False,False,False,44,4,309,56,False,5,False,False,4.0,3.0,3.0,3.0,3.0,4.0,3.0,3.2857142857142856,-0.10909090909091322,1.0225331187322027
2021-11-06,PROD_012,Domyos Kit Mancuernas 20kg,Fitness,Pesas Casa,55,False,4,220.88,2021,11,6,Saturday,5,True,False,False,True,False,False,,False,False,True,False,False,False,44,4,310,55,False,6,False,False,4.0,4.0,3.0,3.0,3.0,3.0,4.0,3.4285714285714284,-0.3999999999999979,1.0577868590766872
2021-11-07,PROD_012,Domyos Kit Mancuernas 20kg,Fitness,Pesas Casa,55,False,3,169.05,2021,11,7,Sunday,6,True,False,False,False,True,False,,False,False,True,False,False,False,44,4,311,54,False,7,False,False,4.0,4.0,4.0,3.0,3.0,3.0,3.0,3.4285714285714284,-2.4545454545454573,1.0575539568345325
2021-11-08,PROD_012,Domyos Kit Mancuernas 20kg,Fitness,Pesas Casa,55,False,3,168.87,2021,11,8,Monday,0,False,True,False,False,False,False,,False,False,True,False,False,False,45,4,312,53,False,8,False,False,3.0,4.0,4.0,4.0,3.0,3.0,3.0,3.4285714285714284,-2.345454545454544,0.9991125310614127
2021-11-09,PROD_012,Domyos Kit Mancuernas 20kg,Fitness,Pesas Casa,55,False,3,166.62,2021,11,9,Tuesday,1,False,False,False,False,False,False,,False,False,True,False,False,False,45,4,313,52,False,9,False,False,3.0,3.0,4.0,4.0,4.0,3.0,3.0,3.4285714285714284,-0.9818181818181803,1.0317666728590005
2021-11-10,PROD_012,Domyos Kit Mancuernas 20kg,Fitness,Pesas Casa,55,False,3,168.27,2021,11,10,Wednesday,2,False,False,False,False,False,False,,False,False,True,False,False,False,45,4,314,51,False,10,False,False,3.0,3.0,3.0,4.0,4.0,4.0,3.0,3.4285714285714284,-1.9818181818181881,1.0649325992025822
2021-11-11,PROD_012,Domyos Kit Mancuernas 20kg,Fitness,Pesas Casa,55,False,3,163.98,2021,11,11,Thursday,3,False,False,False,False,False,False,,False,False,True,False,False,False,45,4,315,50,False,11,False,False,3.0,3.0,3.0,3.0,4.0,4.0,4.0,3.4285714285714284,0.6181818181818244,1.030089829763176
2021-11-12,PROD_012,Domyos Kit Mancuernas 20kg,Fitness,Pesas Casa,55,False,3,161.46,2021,11,12,Friday,4,False,False,True,False,False,False,,False,False,True,False,False,False,45,4,316,49,False,12,False,False,3.0,3.0,3.0,3.0,3.0,4.0,4.0,3.2857142857142856,2.1454545454545446,0.9537480063795852
2021-11-13,PROD_012,Domyos Kit Mancuernas 20kg,Fitness,Pesas Casa,55,False,4,215.24,2021,11,13,Saturday,5,True,False,False,True,False,False,,False,False,True,False,False,False,45,4,317,48,False,13,False,False,3.0,3.0,3.0,3.0,3.0,3.0,4.0,3.142857142857143,2.1636363636363596,1.0367349560079637
2021-11-14,PROD_012,Domyos Kit Mancuernas 20kg,Fitness,Pesas Casa,55,False,3,160.44,2021,11,14,Sunday,6,True,False,False,False,True,False,,False,False,True,False,False,False,45,4,318,47,False,14,False,False,4.0,3.0,3.0,3.0,3.0,3.0,3.0,3.142857142857143,2.763636363636369,0.9887224995378072
2021-11-15,PROD_012,Domyos Kit Mancuernas 20kg,Fitness,Pesas Casa,55,False,3,163.59,2021,11,15,Monday,0,False,True,False,False,False,False,,False,False,True,False,False,False,46,4,319,46,False,15,False,False,3.0,4.0,3.0,3.0,3.0,3.0,3.0,3.142857142857143,0.8545454545454525,1.0058411214953271
2021-11-16,PROD_012,Domyos Kit Mancuernas 20kg,Fitness,Pesas Casa,55,False,3,164.76,2021,11,16,Tuesday,1,False,False,False,False,False,False,,False,False,True,False,False,False,46,4,320,45,False,16,False,False,3.0,3.0,4.0,3.0,3.0,3.0,3.0,3.142857142857143,0.14545454545454234,1.047159018685649
2021-11-17,PROD_012,Domyos Kit Mancuernas 20kg,Fitness,Pesas Casa,55,False,4,218.52,2021,11,17,Wednesday,2,False,False,False,False,False,False,,False,False,True,False,False,False,46,4,321,44,False,17,False,False,3.0,3.0,3.0,4.0,3.0,3.0,3.0,3.142857142857143,0.6727272727272681,0.9870513129366417
2021-11-18,PROD_012,Domyos Kit Mancuernas 20kg,Fitness,Pesas Casa,55,False,3,168.33,2021,11,18,Thursday,3,False,False,False,False,False,False,,False,False,True,False,False,False,46,4,322,43,False,18,False,False,4.0,3.0,3.0,3.0,4.0,3.0,3.0,3.2857142857142856,-2.018181818181817,1.0420974431994057
2021-11-19,PROD_012,Domyos Kit Mancuernas 20kg,Fitness,Pesas Casa,55,False,4,214.4,2021,11,19,Friday,4,False,False,True,False,False,False,,False,False,True,False,False,False,46,4,323,42,False,19,False,False,3.0,4.0,3.0,3.0,3.0,4.0,3.0,3.2857142857142856,2.5454545454545427,0.9870480633478608
2021-11-20,PROD_012,Domyos Kit Mancuernas 20kg,Fitness,Pesas Casa,55,False,4,221.6,2021,11,20,Saturday,5,True,False,False,True,False,False,,False,False,True,False,False,False,46,4,324,41,False,20,False,False,4.0,3.0,4.0,3.0,3.0,3.0,4.0,3.4285714285714284,-0.7272727272727246,1.0470610470610469
2021-11-21,PROD_012,Domyos Kit Mancuernas 20kg,Fitness,Pesas Casa,55,False,3,163.59,2021,11,21,Sunday,6,True,False,False,False,True,False,,False,False,True,False,False,False,46,4,325,40,False,21,False,False,4.0,4.0,3.0,4.0,3.0,3.0,3.0,3.4285714285714284,0.8545454545454525,1.0608949416342413
2021-11-22,PROD_012,Domyos Kit Mancuernas 20kg,Fitness,Pesas Casa,55,False,3,160.41,2021,11,22,Monday,0,False,True,False,False,False,False,,False,False,True,False,False,False,47,4,326,39,False,22,False,False,3.0,4.0,4.0,3.0,4.0,3.0,3.0,3.4285714285714284,2.781818181818184,0.9899407553690445
2021-11-23,PROD_012,Domyos Kit Mancuernas 20kg,Fitness,Pesas Casa,55,False,5,280.95,2021,11,23,Tuesday,1,False,False,False,False,False,False,,False,False,True,False,False,False,47,4,327,38,False,23,False,False,3.0,3.0,4.0,4.0,3.0,4.0,3.0,3.4285714285714284,-2.1636363636363596,1.0436478454680536
2021-11-24,PROD_012,Domyos Kit Mancuernas 20kg,Fitness,Pesas Casa,55,False,4,217.8,2021,11,24,Wednesday,2,False,False,False,False,False,False,,False,False,True,False,False,False,47,4,328,37,False,24,False,False,5.0,3.0,3.0,4.0,4.0,3.0,4.0,3.7142857142857144,0.9999999999999948,0.9807865505854098
2021-11-25,PROD_012,Domyos Kit Mancuernas 20kg,Fitness,Pesas Casa,55,False,5,271.15,2021,11,25,Thursday,3,False,False,False,False,False,False,,False,False,True,False,False,False,47,4,329,36,False,25,False,False,4.0,5.0,3.0,3.0,4.0,4.0,3.0,3.7142857142857144,1.4000000000000057,1.0277970813064625
2021-11-26,PROD_012,Domyos Kit Mancuernas 20kg,Fitness,Pesas Casa,55,False,18,891.0,2021,11,26,Friday,4,False,False,True,False,False,False,,True,False,True,False,False,False,47,4,330,35,False,26,False,False,5.0,4.0,5.0,3.0,3.0,4.0,4.0,4.0,10.0,1.0331872260488417
2021-11-27,PROD_012,Domyos Kit Mancuernas 20kg,Fitness,Pesas Casa,55,False,17,860.2,2021,11,27,Saturday,5,True,False,False,True,False,False,,False,False,True,False,False,False,47,4,331,34,False,27,False,False,18.0,5.0,4.0,5.0,3.0,3.0,4.0,6.0,7.999999999999997,0.9301470588235294
2021-11-28,PROD_012,Domyos Kit Mancuernas 20kg,Fitness,Pesas Casa,55,False,13,657.8,2021,11,28,Sunday,6,True,False,False,False,True,False,,False,False,True,False,False,False,47,4,332,33,False,28,True,False,17.0,18.0,5.0,4.0,5.0,3.0,3.0,7.857142857142857,7.999999999999997,0.9671870022300096
2021-11-29,PROD_012,Domyos Kit Mancuernas 20kg,Fitness,Pesas Casa,55,False,14,693.0,2021,11,29,Monday,0,False,True,False,False,False,False,,False,True,True,False,False,False,48,4,333,32,False,29,True,False,13.0,17.0,18.0,5.0,4.0,5.0,3.0,9.285714285714286,10.0,0.9306843820506392
2021-11-30,PROD_012,Domyos Kit Mancuernas 20kg,Fitness,Pesas Casa,55,False,8,418.0,2021,11,30,Tuesday,1,False,False,False,False,False,False,,False,False,True,False,False,False,48,4,334,31,False,30,True,False,14.0,13.0,17.0,18.0,5.0,4.0,5.0,10.857142857142858,5.0,0.9601249540610071
2022-10-25,PROD_012,Domyos Kit Mancuernas 20kg,Fitness,Pesas Casa,55,False,2,109.66,2022,10,25,Tuesday,1,False,False,False,False,False,False,,False,False,False,False,False,False,43,4,298,67,True,25,False,False,8.0,14.0,13.0,17.0,18.0,5.0,4.0,11.285714285714286,0.3090909090909122,1.0368105893476205
2022-10-26,PROD_012,Domyos Kit Mancuernas 20kg,Fitness,Pesas Casa,55,False,3,168.99,2022,10,26,Wednesday,2,False,False,False,False,False,False,,False,False,False,False,False,False,43,4,299,66,True,26,False,False,2.0,8.0,14.0,13.0,17.0,18.0,5.0,11.0,-2.4181818181818153,1.0754789028193217
2022-10-27,PROD_012,Domyos Kit Mancuernas 20kg,Fitness,Pesas Casa,55,False,3,168.78,2022,10,27,Thursday,3,False,False,False,False,False,False,,False,False,False,False,False,False,43,4,300,65,True,27,False,False,3.0,2.0,8.0,14.0,13.0,17.0,18.0,10.714285714285714,-2.290909090909087,1.0327357278345468
2022-10-28,PROD_012,Domyos Kit Mancuernas 20kg,Fitness,Pesas Casa,55,False,3,164.46,2022,10,28,Friday,4,False,False,True,False,False,False,,False,False,False,False,False,False,43,4,301,64,True,28,True,False,3.0,3.0,2.0,8.0,14.0,13.0,17.0,8.571428571428571,0.3272727272727267,0.994316807738815
2022-10-29,PROD_012,Domyos Kit Mancuernas 20kg,Fitness,Pesas Casa,55,False,3,162.42,2022,10,29,Saturday,5,True,False,False,True,False,False,,False,False,False,False,False,False,43,4,302,63,True,29,True,False,3.0,3.0,3.0,2.0,8.0,14.0,13.0,6.571428571428571,1.5636363636363626,1.0158233785727688
2022-10-30,PROD_012,Domyos Kit Mancuernas 20kg,Fitness,Pesas Casa,55,False,3,164.22,2022,10,30,Sunday,6,True,False,False,False,True,False,,False,False,False,False,False,False,43,4,303,62,True,30,True,False,3.0,3.0,3.0,3.0,2.0,8.0,14.0,5.142857142857143,0.4727272727272691,1.0547206165703276
2022-10-31,PROD_012,Domyos Kit Mancuernas 20kg,Fitness,Pesas Casa,55,False,3,166.92,2022,10,31,Monday,0,False,True,False,False,False,False,,False,False,False,False,False,False,44,4,304,61,True,31,True,False,3.0,3.0,3.0,3.0,3.0,2.0,8.0,3.5714285714285716,-1.1636363636363647,1.0420126100255946
2022-11-01,PROD_012,Domyos Kit Mancuernas 20kg,Fitness,Pesas Casa,55,False,4,215.32,2022,11,1,Tuesday,1,False,False,False,False,False,True,Todos los Santos,False,False,True,False,False,False,44,4,305,60,False,1,False,True,3.0,3.0,3.0,3.0,3.0,3.0,2.0,2.857142857142857,2.1272727272727305,1.0218945769790546
2022-11-02,PROD_012,Domyos Kit Mancuernas 20kg,Fitness,Pesas Casa,55,False,4,221.32,2022,11,2,Wednesday,2,False,False,False,False,False,False,,False,False,True,False,False,False,44,4,306,59,False,2,False,True,4.0,3.0,3.0,3.0,3.0,3.0,3.0,3.142857142857143,-0.5999999999999969,1.0358836744882676
2022-11-03,PROD_012,Domyos Kit Mancuernas 20kg,Fitness,Pesas Casa,55,False,3,164.19,2022,11,3,Thursday,3,False,False,False,False,False,False,,False,False,True,False,False,False,44,4,307,58,False,3,False,True,4.0,4.0,3.0,3.0,3.0,3.0,3.0,3.2857142857142856,0.4909090909090966,1.0104621822881408
2022-11-04,PROD_012,Domyos Kit Mancuernas 20kg,Fitness,Pesas Casa,55,False,4,226.56,2022,11,4,Friday,4,False,False,True,False,False,False,,False,False,True,False,False,False,44,4,308,57,False,4,False,False,3.0,4.0,4.0,3.0,3.0,3.0,3.0,3.2857142857142856,-2.981818181818183,1.0206631427198463
2022-11-05,PROD_012,Domyos Kit Mancuernas 20kg,Fitness,Pesas Casa,55,False,5,268.1,2022,11,5,Saturday,5,True,False,False,True,False,False,,False,False,True,False,False,False,44,4,309,56,False,5,False,False,4.0,3.0,4.0,4.0,3.0,3.0,3.0,3.4285714285714284,2.5090909090909137,0.971259509721048
2022-11-06,PROD_012,Domyos Kit Mancuernas 20kg,Fitness,Pesas Casa,55,False,3,167.31,2022,11,6,Sunday,6,True,False,False,False,True,False,,False,False,True,False,False,False,44,4,310,55,False,6,False,False,5.0,4.0,3.0,4.0,4.0,3.0,3.0,3.7142857142857144,-1.4000000000000057,1.0759485530546624
2022-11-07,PROD_012,Domyos Kit Mancuernas 20kg,Fitness,Pesas Casa,55,False,4,224.88,2022,11,7,Monday,0,False,True,False,False,False,False,,False,False,True,False,False,False,45,4,311,54,False,7,False,False,3.0,5.0,4.0,3.0,4.0,4.0,3.0,3.7142857142857144,-2.218181818181816,1.0354226778807785
2022-11-08,PROD_012,Domyos Kit Mancuernas 20kg,Fitness,Pesas Casa,55,False,3,160.26,2022,11,8,Tuesday,1,False,False,False,False,False,False,,False,False,True,False,False,False,45,4,312,53,False,8,False,False,4.0,3.0,5.0,4.0,3.0,4.0,4.0,3.857142857142857,2.8727272727272695,0.992813777722711
2022-11-09,PROD_012,Domyos Kit Mancuernas 20kg,Fitness,Pesas Casa,55,False,3,167.94,2022,11,9,Wednesday,2,False,False,False,False,False,False,,False,False,True,False,False,False,45,4,313,52,False,9,False,False,3.0,4.0,3.0,5.0,4.0,3.0,4.0,3.7142857142857144,-1.781818181818176,1.0703632887189292
2022-11-10,PROD_012,Domyos Kit Mancuernas 20kg,Fitness,Pesas Casa,55,False,3,160.8,2022,11,10,Thursday,3,False,False,False,False,False,False,,False,False,True,False,False,False,45,4,314,51,False,10,False,False,3.0,3.0,4.0,3.0,5.0,4.0,3.0,3.5714285714285716,2.5454545454545427,1.0140631897584664
2022-11-11,PROD_012,Domyos Kit Mancuernas 20kg,Fitness,Pesas Casa,55,False,5,268.5,2022,11,11,Friday,4,False,False,True,False,False,False,,False,False,True,False,False,False,45,4,315,50,False,11,False,False,3.0,3.0,3.0,4.0,3.0,5.0,4.0,3.5714285714285716,2.3636363636363584,1.0139728096676737
2022-11-12,PROD_012,Domyos Kit Mancuernas 20kg,Fitness,Pesas Casa,55,False,4,217.8,2022,11,12,Saturday,5,True,False,False,True,False,False,,False,False,True,False,False,False,45,4,316,49,False,12,False,False,5.0,3.0,3.0,3.0,4.0,3.0,5.0,3.7142857142857144,0.9999999999999948,0.9909008189262968
2022-11-13,PROD_012,Domyos Kit Mancuernas 20kg,Fitness,Pesas Casa,55,False,4,216.72,2022,11,13,Sunday,6,True,False,False,False,True,False,,False,False,True,False,False,False,45,4,317,48,False,13,False,False,4.0,5.0,3.0,3.0,3.0,4.0,3.0,3.5714285714285716,1.4909090909090914,1.0003692762186114
2022-11-14,PROD_012,Domyos Kit Mancuernas 20kg,Fitness,Pesas Casa,55,False,4,216.72,2022,11,14,Monday,0,False,True,False,False,False,False,,False,False,True,False,False,False,46,4,318,47,False,14,False,False,4.0,4.0,5.0,3.0,3.0,3.0,4.0,3.7142857142857144,1.4909090909090914,1.0236805643028088
2022-11-15,PROD_012,Domyos Kit Mancuernas 20kg,Fitness,Pesas Casa,55,False,4,220.0,2022,11,15,Tuesday,1,False,False,False,False,False,False,,False,False,True,False,False,False,46,4,319,46,False,15,False,False,4.0,4.0,4.0,5.0,3.0,3.0,3.0,3.7142857142857144,0.0,1.0183927910134551
2022-11-16,PROD_012,Domyos Kit Mancuernas 20kg,Fitness,Pesas Casa,55,False,3,161.19,2022,11,16,Wednesday,2,False,False,False,False,False,False,,False,False,True,False,False,False,46,4,320,45,False,16,False,False,4.0,4.0,4.0,4.0,5.0,3.0,3.0,3.857142857142857,2.309090909090915,0.9931608133086876
2022-11-17,PROD_012,Domyos Kit Mancuernas 20kg,Fitness,Pesas Casa,55,False,4,215.04,2022,11,17,Thursday,3,False,False,False,False,False,False,,False,False,True,False,False,False,46,4,321,44,False,17,False,False,3.0,4.0,4.0,4.0,4.0,5.0,3.0,3.857142857142857,2.254545454545458,1.0125565042692115
2022-11-18,PROD_012,Domyos Kit Mancuernas 20kg,Fitness,Pesas Casa,55,False,5,278.6,2022,11,18,Friday,4,False,False,True,False,False,False,,False,False,True,False,False,False,46,4,322,43,False,18,False,False,4.0,3.0,4.0,4.0,4.0,4.0,5.0,4.0,-1.3090909090909069,1.0713324360699865
2022-11-19,PROD_012,Domyos Kit Mancuernas 20kg,Fitness,Pesas Casa,55,False,5,276.65,2022,11,19,Saturday,5,True,False,False,True,False,False,,False,False,True,False,False,False,46,4,323,42,False,19,False,False,5.0,4.0,3.0,4.0,4.0,4.0,4.0,4.0,-0.5999999999999969,1.01803127874885
2022-11-20,PROD_012,Domyos Kit Mancuernas 20kg,Fitness,Pesas Casa,55,False,6,326.34,2022,11,20,Sunday,6,True,False,False,False,True,False,,False,False,True,False,False,False,46,4,324,41,False,20,False,False,5.0,5.0,4.0,3.0,4.0,4.0,4.0,4.142857142857143,1.109090909090908,1.018920944173848
2022-11-21,PROD_012,Domyos Kit Mancuernas 20kg,Fitness,Pesas Casa,55,False,3,165.99,2022,11,21,Monday,0,False,True,False,False,False,False,,False,False,True,False,False,False,47,4,325,40,False,21,False,False,6.0,5.0,5.0,4.0,3.0,4.0,4.0,4.428571428571429,-0.5999999999999969,1.0660201656926336
2022-11-22,PROD_012,Domyos Kit Mancuernas 20kg,Fitness,Pesas Casa,55,False,5,271.95,2022,11,22,Tuesday,1,False,False,False,False,False,False,,False,False,True,False,False,False,47,4,326,39,False,22,False,False,3.0,6.0,5.0,5.0,4.0,3.0,4.0,4.285714285714286,1.109090909090908,1.0396304555590952
2022-11-23,PROD_012,Domyos Kit Mancuernas 20kg,Fitness,Pesas Casa,55,False,4,226.2,2022,11,23,Wednesday,2,False,False,False,False,False,False,,False,False,True,False,False,False,47,4,327,38,False,23,False,False,5.0,3.0,6.0,5.0,5.0,4.0,3.0,4.428571428571429,-2.818181818181813,1.0797479633401221
2022-11-24,PROD_012,Domyos Kit Mancuernas 20kg,Fitness,Pesas Casa,55,False,6,322.32,2022,11,24,Thursday,3,False,False,False,False,False,False,,False,False,True,False,False,False,47,4,328,37,False,24,False,False,4.0,5.0,3.0,6.0,5.0,5.0,4.0,4.571428571428571,2.3272727272727294,1.0155649379292961
2022-11-25,PROD_012,Domyos Kit Mancuernas 20kg,Fitness,Pesas Casa,55,False,21,1039.5,2022,11,25,Friday,4,False,False,True,False,False,False,,True,False,True,False,False,False,47,4,329,36,False,25,False,False,6.0,4.0,5.0,3.0,6.0,5.0,5.0,4.857142857142857,10.0,1.0104102878138395
2022-11-26,PROD_012,Domyos Kit Mancuernas 20kg,Fitness,Pesas Casa,55,False,17,860.2,2022,11,26,Saturday,5,True,False,False,True,False,False,,False,False,True,False,False,False,47,4,330,35,False,26,False,False,21.0,6.0,4.0,5.0,3.0,6.0,5.0,7.142857142857143,7.999999999999997,0.938137321549966
2022-11-27,PROD_012,Domyos Kit Mancuernas 20kg,Fitness,Pesas Casa,55,False,16,809.6,2022,11,27,Sunday,6,True,False,False,False,True,False,,False,False,True,False,False,False,47,4,331,34,False,27,False,False,17.0,21.0,6.0,4.0,5.0,3.0,6.0,8.857142857142858,7.999999999999997,0.9513662572073202
2022-11-28,PROD_012,Domyos Kit Mancuernas 20kg,Fitness,Pesas Casa,55,False,20,990.0,2022,11,28,Monday,0,False,True,False,False,False,False,,False,True,True,False,False,False,48,4,332,33,False,28,True,False,16.0,17.0,21.0,6.0,4.0,5.0,3.0,10.285714285714286,10.0,0.9112106522672885
2022-11-29,PROD_012,Domyos Kit Mancuernas 20kg,Fitness,Pesas Casa,55,False,8,418.0,2022,11,29,Tuesday,1,False,False,False,False,False,False,,False,False,True,False,False,False,48,4,333,32,False,29,True,False,20.0,16.0,17.0,21.0,6.0,4.0,5.0,12.714285714285714,5.0,0.9930942726811963
2022-11-30,PROD_012,Domyos Kit Mancuernas 20kg,Fitness,Pesas Casa,55,False,7,365.75,2022,11,30,Wednesday,2,False,False,False,False,False,False,,False,False,True,False,False,False,48,4,334,31,False,30,True,False,8.0,20.0,16.0,17.0,21.0,6.0,4.0,13.142857142857142,5.0,0.9823890699423414
2023-10-25,PROD_012,Domyos Kit Mancuernas 20kg,Fitness,Pesas Casa,55,False,3,167.1,2023,10,25,Wednesday,2,False,False,False,False,False,False,,False,False,False,False,False,False,43,4,298,67,True,25,False,False,7.0,8.0,20.0,16.0,17.0,21.0,6.0,13.571428571428571,-1.272727272727278,1.0150033408248802
2023-10-26,PROD_012,Domyos Kit Mancuernas 20kg,Fitness,Pesas Casa,55,False,3,166.08,2023,10,26,Thursday,3,False,False,False,False,False,False,,False,False,False,False,False,False,43,4,299,66,True,26,False,False,3.0,7.0,8.0,20.0,16.0,17.0,21.0,13.142857142857142,-0.6545454545454534,1.048749684263703
2023-10-27,PROD_012,Domyos Kit Mancuernas 20kg,Fitness,Pesas Casa,55,False,4,220.12,2023,10,27,Friday,4,False,False,True,False,False,False,,False,False,False,False,False,False,43,4,300,65,True,27,False,False,3.0,3.0,7.0,8.0,20.0,16.0,17.0,10.571428571428571,-0.05454545454545661,1.0123873183295518
2023-10-28,PROD_012,Domyos Kit Mancuernas 20kg,Fitness,Pesas Casa,55,False,4,219.16,2023,10,28,Saturday,5,True,False,False,True,False,False,,False,False,False,False,False,False,43,4,301,64,True,28,True,False,4.0,3.0,3.0,7.0,8.0,20.0,16.0,8.714285714285714,0.3818181818181834,1.062576766436098
2023-10-29,PROD_012,Domyos Kit Mancuernas 20kg,Fitness,Pesas Casa,55,False,4,218.24,2023,10,29,Sunday,6,True,False,False,False,True,False,,False,False,False,False,False,False,43,4,302,63,True,29,True,False,4.0,4.0,3.0,3.0,7.0,8.0,20.0,7.0,0.7999999999999958,1.01193199381762
2023-10-30,PROD_012,Domyos Kit Mancuernas 20kg,Fitness,Pesas Casa,55,False,3,165.06,2023,10,30,Monday,0,False,True,False,False,False,False,,False,False,False,False,False,False,44,4,303,62,True,30,True,False,4.0,4.0,4.0,3.0,3.0,7.0,8.0,4.714285714285714,-0.036363636363642045,0.9933798748194512
2023-10-31,PROD_012,Domyos Kit Mancuernas 20kg,Fitness,Pesas Casa,55,False,3,166.92,2023,10,31,Tuesday,1,False,False,False,False,False,False,,False,False,False,False,False,False,44,4,304,61,True,31,True,False,3.0,4.0,4.0,4.0,3.0,3.0,7.0,4.0,-1.1636363636363647,1.062305097689811
2023-11-01,PROD_012,Domyos Kit Mancuernas 20kg,Fitness,Pesas Casa,55,False,4,219.68,2023,11,1,Wednesday,2,False,False,False,False,False,True,Todos los Santos,False,False,True,False,False,False,44,4,305,60,False,1,False,True,3.0,3.0,4.0,4.0,4.0,3.0,3.0,3.4285714285714284,0.14545454545454234,1.0516371992085276
2023-11-02,PROD_012,Domyos Kit Mancuernas 20kg,Fitness,Pesas Casa,55,False,4,217.44,2023,11,2,Thursday,3,False,False,False,False,False,False,,False,False,True,False,False,False,44,4,306,59,False,2,False,True,4.0,3.0,3.0,4.0,4.0,4.0,3.0,3.5714285714285716,1.1636363636363647,1.0257248883577583
2023-11-03,PROD_012,Domyos Kit Mancuernas 20kg,Fitness,Pesas Casa,55,False,5,273.35,2023,11,3,Friday,4,False,False,True,False,False,False,,False,False,True,False,False,False,44,4,307,58,False,3,False,True,4.0,4.0,3.0,3.0,4.0,4.0,4.0,3.7142857142857144,0.5999999999999969,1.0393536121673004
2023-11-04,PROD_012,Domyos Kit Mancuernas 20kg,Fitness,Pesas Casa,55,False,5,278.25,2023,11,4,Saturday,5,True,False,False,True,False,False,,False,False,True,False,False,False,44,4,308,57,False,4,False,False,5.0,4.0,4.0,3.0,3.0,4.0,4.0,3.857142857142857,-1.1818181818181792,1.0628342245989304
2023-11-05,PROD_012,Domyos Kit Mancuernas 20kg,Fitness,Pesas Casa,55,False,4,219.0,2023,11,5,Sunday,6,True,False,False,False,True,False,,False,False,True,False,False,False,44,4,309,56,False,5,False,False,5.0,5.0,4.0,4.0,3.0,3.0,4.0,4.0,0.45454545454545453,1.040808567264432
2023-11-06,PROD_012,Domyos Kit Mancuernas 20kg,Fitness,Pesas Casa,55,False,3,169.14,2023,11,6,Monday,0,False,True,False,False,False,False,,False,False,True,False,False,False,45,4,310,55,False,6,False,False,4.0,5.0,5.0,4.0,4.0,3.0,3.0,4.0,-2.5090909090909137,1.014576210185352
2023-11-07,PROD_012,Domyos Kit Mancuernas 20kg,Fitness,Pesas Casa,55,False,3,163.29,2023,11,7,Tuesday,1,False,False,False,False,False,False,,False,False,True,False,False,False,45,4,311,54,False,7,False,False,3.0,4.0,5.0,5.0,4.0,4.0,3.0,4.0,1.0363636363636368,0.9991433641314325
2023-11-08,PROD_012,Domyos Kit Mancuernas 20kg,Fitness,Pesas Casa,55,False,3,162.42,2023,11,8,Wednesday,2,False,False,False,False,False,False,,False,False,True,False,False,False,45,4,312,53,False,8,False,False,3.0,3.0,4.0,5.0,5.0,4.0,4.0,4.0,1.5636363636363626,1.0043905757219715
2023-11-09,PROD_012,Domyos Kit Mancuernas 20kg,Fitness,Pesas Casa,55,False,3,167.43,2023,11,9,Thursday,3,False,False,False,False,False,False,,False,False,True,False,False,False,45,4,313,52,False,9,False,False,3.0,3.0,3.0,4.0,5.0,5.0,4.0,3.857142857142857,-1.4727272727272769,1.0512997613964588
2023-11-10,PROD_012,Domyos Kit Mancuernas 20kg,Fitness,Pesas Casa,55,False,5,268.45,2023,11,10,Friday,4,False,False,True,False,False,False,,False,False,True,False,False,False,45,4,314,51,False,10,False,False,3.0,3.0,3.0,3.0,4.0,5.0,5.0,3.7142857142857144,2.381818181818186,1.0018660197798097
2023-11-11,PROD_012,Domyos Kit Mancuernas 20kg,Fitness,Pesas Casa,55,False,5,277.75,2023,11,11,Saturday,5,True,False,False,True,False,False,,False,False,True,False,False,False,45,4,315,50,False,11,False,False,5.0,3.0,3.0,3.0,3.0,4.0,5.0,3.7142857142857144,-0.9999999999999948,1.0696405648267007
2023-11-12,PROD_012,Domyos Kit Mancuernas 20kg,Fitness,Pesas Casa,55,False,4,216.96,2023,11,12,Sunday,6,True,False,False,False,True,False,,False,False,True,False,False,False,45,4,316,49,False,12,False,False,5.0,5.0,3.0,3.0,3.0,3.0,4.0,3.7142857142857144,1.381818181818178,0.9995699981571351
2023-11-13,PROD_012,Domyos Kit Mancuernas 20kg,Fitness,Pesas Casa,55,False,4,221.04,2023,11,13,Monday,0,False,True,False,False,False,False,,False,False,True,False,False,False,46,4,317,48,False,13,False,False,4.0,5.0,5.0,3.0,3.0,3.0,3.0,3.7142857142857144,-0.4727272727272691,1.0475829383886255
2023-11-14,PROD_012,Domyos Kit Mancuernas 20kg,Fitness,Pesas Casa,55,False,3,166.08,2023,11,14,Tuesday,1,False,False,False,False,False,False,,False,False,True,False,False,False,46,4,318,47,False,14,False,False,4.0,4.0,5.0,5.0,3.0,3.0,3.0,3.857142857142857,-0.6545454545454534,1.0154071900220103
2023-11-15,PROD_012,Domyos Kit Mancuernas 20kg,Fitness,Pesas Casa,55,False,4,215.6,2023,11,15,Wednesday,2,False,False,False,False,False,False,,False,False,True,False,False,False,46,4,319,46,False,15,False,False,3.0,4.0,4.0,5.0,5.0,3.0,3.0,3.857142857142857,2.0000000000000027,0.9945872801082544
2023-11-16,PROD_012,Domyos Kit Mancuernas 20kg,Fitness,Pesas Casa,55,False,4,216.64,2023,11,16,Thursday,3,False,False,False,False,False,False,,False,False,True,False,False,False,46,4,320,45,False,16,False,False,4.0,3.0,4.0,4.0,5.0,5.0,3.0,4.0,1.5272727272727336,0.9983410138248847
2023-11-17,PROD_012,Domyos Kit Mancuernas 20kg,Fitness,Pesas Casa,55,False,5,280.55,2023,11,17,Friday,4,False,False,True,False,False,False,,False,False,True,False,False,False,46,4,321,44,False,17,False,False,4.0,4.0,3.0,4.0,4.0,5.0,5.0,4.142857142857143,-2.018181818181817,1.0553605015673981
2023-11-18,PROD_012,Domyos Kit Mancuernas 20kg,Fitness,Pesas Casa,55,False,5,273.85,2023,11,18,Saturday,5,True,False,False,True,False,False,,False,False,True,False,False,False,46,4,322,43,False,18,False,False,5.0,4.0,4.0,3.0,4.0,4.0,5.0,4.142857142857143,0.4181818181818125,0.9978744078707641
2023-11-19,PROD_012,Domyos Kit Mancuernas 20kg,Fitness,Pesas Casa,55,False,4,221.4,2023,11,19,Sunday,6,True,False,False,False,True,False,,False,False,True,False,False,False,46,4,323,42,False,19,False,False,5.0,5.0,4.0,4.0,3.0,4.0,4.0,4.142857142857143,-0.636363636363639,1.0129323491734277
2023-11-20,PROD_012,Domyos Kit Mancuernas 20kg,Fitness,Pesas Casa,55,False,4,217.92,2023,11,20,Monday,0,False,True,False,False,False,False,,False,False,True,False,False,False,47,4,324,41,False,20,False,False,4.0,5.0,5.0,4.0,4.0,3.0,4.0,4.142857142857143,0.9454545454545511,1.02406015037594
2023-11-21,PROD_012,Domyos Kit Mancuernas 20kg,Fitness,Pesas Casa,55,False,5,267.75,2023,11,21,Tuesday,1,False,False,False,False,False,False,,False,False,True,False,False,False,47,4,325,40,False,21,False,False,4.0,4.0,5.0,5.0,4.0,4.0,3.0,4.142857142857143,2.6363636363636416,0.9807692307692307
2023-11-22,PROD_012,Domyos Kit Mancuernas 20kg,Fitness,Pesas Casa,55,False,5,269.15,2023,11,22,Wednesday,2,False,False,False,False,False,False,,False,False,True,False,False,False,47,4,326,39,False,22,False,False,5.0,4.0,4.0,5.0,5.0,4.0,4.0,4.428571428571429,2.1272727272727305,1.0314895247828308
2023-11-23,PROD_012,Domyos Kit Mancuernas 20kg,Fitness,Pesas Casa,55,False,4,221.72,2023,11,23,Thursday,3,False,False,False,False,False,False,,False,False,True,False,False,False,47,4,327,38,False,23,False,False,5.0,5.0,4.0,4.0,5.0,5.0,4.0,4.571428571428571,-0.7818181818181813,1.0469025434399395
2023-11-24,PROD_012,Domyos Kit Mancuernas 20kg,Fitness,Pesas Casa,55,False,17,841.5,2023,11,24,Friday,4,False,False,True,False,False,False,,True,False,True,False,False,False,47,4,328,37,False,24,False,False,4.0,5.0,5.0,4.0,4.0,5.0,5.0,4.571428571428571,10.0,1.0378083723530644
2023-11-25,PROD_012,Domyos Kit Mancuernas 20kg,Fitness,Pesas Casa,55,False,17,860.2,2023,11,25,Saturday,5,True,False,False,True,False,False,,False,False,True,False,False,False,47,4,329,36,False,25,False,False,17.0,4.0,5.0,5.0,4.0,4.0,5.0,6.285714285714286,7.999999999999997,0.9318028359216746
2023-11-26,PROD_012,Domyos Kit Mancuernas 20kg,Fitness,Pesas Casa,55,False,21,1062.6,2023,11,26,Sunday,6,True,False,False,False,True,False,,False,False,True,False,False,False,47,4,330,35,False,26,False,False,17.0,17.0,4.0,5.0,5.0,4.0,4.0,8.0,7.999999999999997,0.9476838556623798
2023-11-27,PROD_012,Domyos Kit Mancuernas 20kg,Fitness,Pesas Casa,55,False,15,742.5,2023,11,27,Monday,0,False,True,False,False,False,False,,False,True,True,False,False,False,48,4,331,34,False,27,False,False,21.0,17.0,17.0,4.0,5.0,5.0,4.0,10.428571428571429,10.0,0.9048257372654155
2023-11-28,PROD_012,Domyos Kit Mancuernas 20kg,Fitness,Pesas Casa,55,False,10,522.5,2023,11,28,Tuesday,1,False,False,False,False,False,False,,False,False,True,False,False,False,48,4,332,33,False,28,True,False,15.0,21.0,17.0,17.0,4.0,5.0,5.0,12.0,5.0,0.9450741589292175
2023-11-29,PROD_012,Domyos Kit Mancuernas 20kg,Fitness,Pesas Casa,55,False,8,418.0,2023,11,29,Wednesday,2,False,False,False,False,False,False,,False,False,True,False,False,False,48,4,333,32,False,29,True,False,10.0,15.0,21.0,17.0,17.0,4.0,5.0,12.714285714285714,5.0,0.9801163008816357
2023-11-30,PROD_012,Domyos Kit Mancuernas 20kg,Fitness,Pesas Casa,55,False,3,168.69,2023,11,30,Thursday,3,False,False,False,False,False,False,,False,False,True,False,False,False,48,4,334,31,False,30,True,False,8.0,10.0,15.0,21.0,17.0,17.0,4.0,13.142857142857142,-2.236363636363631,1.048610679430596
2024-10-25,PROD_012,Domyos Kit Mancuernas 20kg,Fitness,Pesas Casa,55,False,3,167.88,2024,10,25,Friday,4,False,False,True,False,False,False,,False,False,False,False,False,False,43,4,299,67,True,25,False,False,3.0,8.0,10.0,15.0,21.0,17.0,17.0,13.0,-1.745454545454547,1.0963233853588454
2024-10-26,PROD_012,Domyos Kit Mancuernas 20kg,Fitness,Pesas Casa,55,False,4,224.24,2024,10,26,Saturday,5,True,False,False,True,False,False,,False,False,False,False,False,False,43,4,300,66,True,26,False,False,3.0,3.0,8.0,10.0,15.0,21.0,17.0,11.0,-1.9272727272727312,1.0496816876794408
2024-10-27,PROD_012,Domyos Kit Mancuernas 20kg,Fitness,Pesas Casa,55,False,4,222.44,2024,10,27,Sunday,6,True,False,False,False,True,False,,False,False,False,False,False,False,43,4,301,65,True,27,False,False,4.0,3.0,3.0,8.0,10.0,15.0,21.0,9.142857142857142,-1.109090909090908,1.0026443896868802
2024-10-28,PROD_012,Domyos Kit Mancuernas 20kg,Fitness,Pesas Casa,55,False,4,216.88,2024,10,28,Monday,0,False,True,False,False,False,False,,False,False,False,False,False,False,44,4,302,64,True,28,True,False,4.0,4.0,3.0,3.0,8.0,10.0,15.0,6.714285714285714,1.4181818181818202,1.0125747011952193
2024-10-29,PROD_012,Domyos Kit Mancuernas 20kg,Fitness,Pesas Casa,55,False,4,216.92,2024,10,29,Tuesday,1,False,False,False,False,False,False,,False,False,False,False,False,False,44,4,303,63,True,29,True,False,4.0,4.0,4.0,3.0,3.0,8.0,10.0,5.142857142857143,1.4000000000000057,1.033805680879456
2024-10-30,PROD_012,Domyos Kit Mancuernas 20kg,Fitness,Pesas Casa,55,False,4,225.72,2024,10,30,Wednesday,2,False,False,False,False,False,False,,False,False,False,False,False,False,44,4,304,62,True,30,True,False,4.0,4.0,4.0,4.0,3.0,3.0,8.0,4.285714285714286,-2.5999999999999996,1.0471330488031174
2024-10-31,PROD_012,Domyos Kit Mancuernas 20kg,Fitness,Pesas Casa,55,False,3,164.13,2024,10,31,Thursday,3,False,False,False,False,False,False,,False,False,False,False,False,False,44,4,305,61,True,31,True,False,4.0,4.0,4.0,4.0,4.0,3.0,3.0,3.7142857142857144,0.5272727272727257,1.008665191740413
2024-11-01,PROD_012,Domyos Kit Mancuernas 20kg,Fitness,Pesas Casa,55,False,5,270.25,2024,11,1,Friday,4,False,False,True,False,False,True,Todos los Santos,False,False,True,False,False,False,44,4,306,60,False,1,False,True,3.0,4.0,4.0,4.0,4.0,4.0,3.0,3.7142857142857144,1.7272727272727324,1.0151505665811056
2024-11-02,PROD_012,Domyos Kit Mancuernas 20kg,Fitness,Pesas Casa,55,False,6,339.18,2024,11,2,Saturday,5,True,False,False,True,False,False,,False,False,True,False,False,False,44,4,307,59,False,2,False,True,5.0,3.0,4.0,4.0,4.0,4.0,4.0,4.0,-2.781818181818184,1.0594739801336917
2024-11-03,PROD_012,Domyos Kit Mancuernas 20kg,Fitness,Pesas Casa,55,False,4,216.8,2024,11,3,Sunday,6,True,False,False,False,True,False,,False,False,True,False,False,False,44,4,308,58,False,3,False,True,6.0,5.0,3.0,4.0,4.0,4.0,4.0,4.285714285714286,1.4545454545454493,1.0214209435266035
2024-11-04,PROD_012,Domyos Kit Mancuernas 20kg,Fitness,Pesas Casa,55,False,5,272.6,2024,11,4,Monday,0,False,True,False,False,False,False,,False,False,True,False,False,False,45,4,309,57,False,4,False,False,4.0,6.0,5.0,3.0,4.0,4.0,4.0,4.285714285714286,0.872727272727267,1.0212287712287713
2024-11-05,PROD_012,Domyos Kit Mancuernas 20kg,Fitness,Pesas Casa,55,False,5,273.65,2024,11,5,Tuesday,1,False,False,False,False,False,False,,False,False,True,False,False,False,45,4,310,56,False,5,False,False,5.0,4.0,6.0,5.0,3.0,4.0,4.0,4.428571428571429,0.4909090909090966,1.0865594599960293
2024-11-06,PROD_012,Domyos Kit Mancuernas 20kg,Fitness,Pesas Casa,55,False,5,270.4,2024,11,6,Wednesday,2,False,False,False,False,False,False,,False,False,True,False,False,False,45,4,311,55,False,6,False,False,5.0,5.0,4.0,6.0,5.0,3.0,4.0,4.571428571428571,1.6727272727272757,1.031929779926218
2024-11-07,PROD_012,Domyos Kit Mancuernas 20kg,Fitness,Pesas Casa,55,False,3,168.09,2024,11,7,Thursday,3,False,False,False,False,False,False,,False,False,True,False,False,False,45,4,312,54,False,7,False,False,5.0,5.0,5.0,4.0,6.0,5.0,3.0,4.714285714285714,-1.8727272727272748,1.0285766736017623
2024-11-08,PROD_012,Domyos Kit Mancuernas 20kg,Fitness,Pesas Casa,55,False,4,220.84,2024,11,8,Friday,4,False,False,True,False,False,False,,False,False,True,False,False,False,45,4,313,53,False,8,False,False,3.0,5.0,5.0,5.0,4.0,6.0,5.0,4.714285714285714,-0.3818181818181834,1.0087703270601134
2024-11-09,PROD_012,Domyos Kit Mancuernas 20kg,Fitness,Pesas Casa,55,False,4,218.6,2024,11,9,Saturday,5,True,False,False,True,False,False,,False,False,True,False,False,False,45,4,314,52,False,9,False,False,4.0,3.0,5.0,5.0,5.0,4.0,6.0,4.571428571428571,0.636363636363639,1.040886292933782
2024-11-10,PROD_012,Domyos Kit Mancuernas 20kg,Fitness,Pesas Casa,55,False,4,221.56,2024,11,10,Sunday,6,True,False,False,False,True,False,,False,False,True,False,False,False,45,4,315,51,False,10,False,False,4.0,4.0,3.0,5.0,5.0,5.0,4.0,4.285714285714286,-0.7090909090909101,1.0193853137844304
2024-11-11,PROD_012,Domyos Kit Mancuernas 20kg,Fitness,Pesas Casa,55,False,4,224.36,2024,11,11,Monday,0,False,True,False,False,False,False,,False,False,True,False,False,False,46,4,316,50,False,11,False,False,4.0,4.0,4.0,3.0,5.0,5.0,5.0,4.285714285714286,-1.9818181818181881,1.0470412544334515
2024-11-12,PROD_012,Domyos Kit Mancuernas 20kg,Fitness,Pesas Casa,55,False,3,161.31,2024,11,12,Tuesday,1,False,False,False,False,False,False,,False,False,True,False,False,False,46,4,317,49,False,12,False,False,4.0,4.0,4.0,4.0,3.0,5.0,5.0,4.142857142857143,2.236363636363631,0.991883416343848
2024-11-13,PROD_012,Domyos Kit Mancuernas 20kg,Fitness,Pesas Casa,55,False,4,222.68,2024,11,13,Wednesday,2,False,False,False,False,False,False,,False,False,True,False,False,False,46,4,318,48,False,13,False,False,3.0,4.0,4.0,4.0,4.0,3.0,5.0,3.857142857142857,-1.2181818181818211,1.0091238670694864
2024-11-14,PROD_012,Domyos Kit Mancuernas 20kg,Fitness,Pesas Casa,55,False,4,219.68,2024,11,14,Thursday,3,False,False,False,False,False,False,,False,False,True,False,False,False,46,4,319,47,False,14,False,False,4.0,3.0,4.0,4.0,4.0,4.0,3.0,3.7142857142857144,0.14545454545454234,1.0374661545242743
2024-11-15,PROD_012,Domyos Kit Mancuernas 20kg,Fitness,Pesas Casa,55,False,5,268.45,2024,11,15,Friday,4,False,False,True,False,False,False,,False,False,True,False,False,False,46,4,320,46,False,15,False,False,4.0,4.0,3.0,4.0,4.0,4.0,4.0,3.857142857142857,2.381818181818186,1.0239018498506134
2024-11-16,PROD_012,Domyos Kit Mancuernas 20kg,Fitness,Pesas Casa,55,False,5,280.95,2024,11,16,Saturday,5,True,False,False,True,False,False,,False,False,True,False,False,False,46,4,321,45,False,16,False,False,5.0,4.0,4.0,3.0,4.0,4.0,4.0,4.0,-2.1636363636363596,1.030630961115187
2024-11-17,PROD_012,Domyos Kit Mancuernas 20kg,Fitness,Pesas Casa,55,False,5,266.8,2024,11,17,Sunday,6,True,False,False,False,True,False,,False,False,True,False,False,False,46,4,322,44,False,17,False,False,5.0,5.0,4.0,4.0,3.0,4.0,4.0,4.142857142857143,2.981818181818183,1.0095862764883956
2024-11-18,PROD_012,Domyos Kit Mancuernas 20kg,Fitness,Pesas Casa,55,False,5,281.65,2024,11,18,Monday,0,False,True,False,False,False,False,,False,False,True,False,False,False,47,4,323,43,False,18,False,False,5.0,5.0,5.0,4.0,4.0,3.0,4.0,4.285714285714286,-2.4181818181818153,1.0286079493578428
2024-11-19,PROD_012,Domyos Kit Mancuernas 20kg,Fitness,Pesas Casa,55,False,4,225.12,2024,11,19,Tuesday,1,False,False,False,False,False,False,,False,False,True,False,False,False,47,4,324,42,False,19,False,False,5.0,5.0,5.0,5.0,4.0,4.0,3.0,4.428571428571429,-2.3272727272727294,1.0107153546842262
2024-11-20,PROD_012,Domyos Kit Mancuernas 20kg,Fitness,Pesas Casa,55,False,4,223.04,2024,11,20,Wednesday,2,False,False,False,False,False,False,,False,False,True,False,False,False,47,4,325,41,False,20,False,False,4.0,5.0,5.0,5.0,5.0,4.0,4.0,4.571428571428571,-1.381818181818178,1.0402338163049563
2024-11-21,PROD_012,Domyos Kit Mancuernas 20kg,Fitness,Pesas Casa,55,False,4,217.36,2024,11,21,Thursday,3,False,False,False,False,False,False,,False,False,True,False,False,False,47,4,326,40,False,21,False,False,4.0,4.0,5.0,5.0,5.0,5.0,4.0,4.571428571428571,1.1999999999999937,1.005241413331689
2024-11-22,PROD_012,Domyos Kit Mancuernas 20kg,Fitness,Pesas Casa,55,False,4,222.88,2024,11,22,Friday,4,False,False,True,False,False,False,,False,False,True,False,False,False,47,4,327,39,False,22,False,False,4.0,4.0,4.0,5.0,5.0,5.0,5.0,4.571428571428571,-1.3090909090909069,1.0972823946435604
2024-11-23,PROD_012,Domyos Kit Mancuernas 20kg,Fitness,Pesas Casa,55,False,5,270.7,2024,11,23,Saturday,5,True,False,False,True,False,False,,False,False,True,False,False,False,47,4,328,38,False,23,False,False,4.0,4.0,4.0,4.0,5.0,5.0,5.0,4.428571428571429,1.5636363636363626,0.9988929889298894
2024-11-24,PROD_012,Domyos Kit Mancuernas 20kg,Fitness,Pesas Casa,55,False,4,223.2,2024,11,24,Sunday,6,True,False,False,False,True,False,,False,False,True,False,False,False,47,4,329,37,False,24,False,False,5.0,4.0,4.0,4.0,4.0,5.0,5.0,4.428571428571429,-1.4545454545454493,1.0161466553356804
2024-11-25,PROD_012,Domyos Kit Mancuernas 20kg,Fitness,Pesas Casa,55,False,4,217.52,2024,11,25,Monday,0,False,True,False,False,False,False,,False,False,True,False,False,False,48,4,330,36,False,25,False,False,4.0,5.0,4.0,4.0,4.0,4.0,5.0,4.285714285714286,1.1272727272727225,1.045836271555869
2024-11-26,PROD_012,Domyos Kit Mancuernas 20kg,Fitness,Pesas Casa,55,False,6,325.74,2024,11,26,Tuesday,1,False,False,False,False,False,False,,False,False,True,False,False,False,48,4,331,35,False,26,False,False,4.0,4.0,5.0,4.0,4.0,4.0,4.0,4.142857142857143,1.2909090909090923,1.0135664944925011
2024-11-27,PROD_012,Domyos Kit Mancuernas 20kg,Fitness,Pesas Casa,55,False,5,281.0,2024,11,27,Wednesday,2,False,False,False,False,False,False,,False,False,True,False,False,False,48,4,332,34,False,27,False,False,6.0,4.0,4.0,5.0,4.0,4.0,4.0,4.428571428571429,-2.181818181818187,1.0376661742983753
2024-11-28,PROD_012,Domyos Kit Mancuernas 20kg,Fitness,Pesas Casa,55,False,5,277.1,2024,11,28,Thursday,3,False,False,False,False,False,False,,False,False,True,False,False,False,48,4,333,33,False,28,True,False,5.0,6.0,4.0,4.0,5.0,4.0,4.0,4.571428571428571,-0.7636363636363668,1.0419251739048694
2024-11-29,PROD_012,Domyos Kit Mancuernas 20kg,Fitness,Pesas Casa,55,False,22,1089.0,2024,11,29,Friday,4,False,False,True,False,False,False,,True,False,True,False,False,False,48,4,334,32,False,29,True,False,5.0,5.0,6.0,4.0,4.0,5.0,4.0,4.714285714285714,10.0,1.056112652016215
2024-11-30,PROD_012,Domyos Kit Mancuernas 20kg,Fitness,Pesas Casa,55,False,19,961.4,2024,11,30,Saturday,5,True,False,False,True,False,False,,False,False,True,False,False,False,48,4,335,31,False,30,True,False,22.0,5.0,5.0,6.0,4.0,4.0,5.0,7.285714285714286,7.999999999999997,0.9758292620210852
2021-11-01,PROD_013,Decathlon Bandas Elásticas Set,Fitness,Bandas Elásticas,25,False,3,72.81,2021,11,1,Monday,0,False,True,False,False,False,True,Todos los Santos,False,False,True,False,False,False,44,4,305,60,False,1,False,True,3.0,3.0,3.0,2.0,2.0,2.0,2.0,2.4285714285714284,2.9200000000000017,1.017041486241095
2021-11-02,PROD_013,Decathlon Bandas Elásticas Set,Fitness,Bandas Elásticas,25,False,3,73.95,2021,11,2,Tuesday,1,False,False,False,False,False,False,,False,False,True,False,False,False,44,4,306,59,False,2,False,True,3.0,3.0,3.0,3.0,2.0,2.0,2.0,2.5714285714285716,1.4000000000000057,0.9919517102615695
2021-11-03,PROD_013,Decathlon Bandas Elásticas Set,Fitness,Bandas Elásticas,25,False,3,72.93,2021,11,3,Wednesday,2,False,False,False,False,False,False,,False,False,True,False,False,False,44,4,307,58,False,3,False,True,3.0,3.0,3.0,3.0,3.0,2.0,2.0,2.7142857142857144,2.760000000000005,1.0070422535211268
2021-11-04,PROD_013,Decathlon Bandas Elásticas Set,Fitness,Bandas Elásticas,25,False,3,75.87,2021,11,4,Thursday,3,False,False,False,False,False,False,,False,False,True,False,False,False,44,4,308,57,False,4,False,False,3.0,3.0,3.0,3.0,3.0,3.0,2.0,2.857142857142857,-1.1599999999999966,1.0113303119168222
2021-11-05,PROD_013,Decathlon Bandas Elásticas Set,Fitness,Bandas Elásticas,25,False,4,98.8,2021,11,5,Friday,4,False,False,True,False,False,False,,False,False,True,False,False,False,44,4,309,56,False,5,False,False,3.0,3.0,3.0,3.0,3.0,3.0,3.0,3.0,1.2000000000000028,1.0043372187584712
2021-11-06,PROD_013,Decathlon Bandas Elásticas Set,Fitness,Bandas Elásticas,25,False,4,99.8,2021,11,6,Saturday,5,True,False,False,True,False,False,,False,False,True,False,False,False,44,4,310,55,False,6,False,False,4.0,3.0,3.0,3.0,3.0,3.0,3.0,3.142857142857143,0.20000000000000281,1.0029478761892001
2021-11-07,PROD_013,Decathlon Bandas Elásticas Set,Fitness,Bandas Elásticas,25,False,3,75.18,2021,11,7,Sunday,6,True,False,False,False,True,False,,False,False,True,False,False,False,44,4,311,54,False,7,False,False,4.0,4.0,3.0,3.0,3.0,3.0,3.0,3.2857142857142856,-0.2399999999999949,1.022439820481436
2021-11-08,PROD_013,Decathlon Bandas Elásticas Set,Fitness,Bandas Elásticas,25,False,3,73.11,2021,11,8,Monday,0,False,True,False,False,False,False,,False,False,True,False,False,False,45,4,312,53,False,8,False,False,3.0,4.0,4.0,3.0,3.0,3.0,3.0,3.2857142857142856,2.519999999999996,0.9835867079241222
2021-11-09,PROD_013,Decathlon Bandas Elásticas Set,Fitness,Bandas Elásticas,25,False,3,73.92,2021,11,9,Tuesday,1,False,False,False,False,False,False,,False,False,True,False,False,False,45,4,313,52,False,9,False,False,3.0,3.0,4.0,4.0,3.0,3.0,3.0,3.2857142857142856,1.4399999999999977,1.0211355159552424
2021-11-10,PROD_013,Decathlon Bandas Elásticas Set,Fitness,Bandas Elásticas,25,False,3,75.45,2021,11,10,Wednesday,2,False,False,False,False,False,False,,False,False,True,False,False,False,45,4,314,51,False,10,False,False,3.0,3.0,3.0,4.0,4.0,3.0,3.0,3.2857142857142856,-0.5999999999999943,1.0671852899575671
2021-11-11,PROD_013,Decathlon Bandas Elásticas Set,Fitness,Bandas Elásticas,25,False,3,73.14,2021,11,11,Thursday,3,False,False,False,False,False,False,,False,False,True,False,False,False,45,4,315,50,False,11,False,False,3.0,3.0,3.0,3.0,4.0,4.0,3.0,3.2857142857142856,2.480000000000004,1.0072992700729926
2021-11-12,PROD_013,Decathlon Bandas Elásticas Set,Fitness,Bandas Elásticas,25,False,3,72.81,2021,11,12,Friday,4,False,False,True,False,False,False,,False,False,True,False,False,False,45,4,316,49,False,12,False,False,3.0,3.0,3.0,3.0,3.0,4.0,4.0,3.2857142857142856,2.9200000000000017,0.9855170546832702
2021-11-13,PROD_013,Decathlon Bandas Elásticas Set,Fitness,Bandas Elásticas,25,False,4,99.92,2021,11,13,Saturday,5,True,False,False,True,False,False,,False,False,True,False,False,False,45,4,317,48,False,13,False,False,3.0,3.0,3.0,3.0,3.0,3.0,4.0,3.142857142857143,0.0799999999999983,1.016273393002441
2021-11-14,PROD_013,Decathlon Bandas Elásticas Set,Fitness,Bandas Elásticas,25,False,3,74.88,2021,11,14,Sunday,6,True,False,False,False,True,False,,False,False,True,False,False,False,45,4,318,47,False,14,False,False,4.0,3.0,3.0,3.0,3.0,3.0,3.0,3.142857142857143,0.1599999999999966,1.0298445880896714
2021-11-15,PROD_013,Decathlon Bandas Elásticas Set,Fitness,Bandas Elásticas,25,False,3,76.38,2021,11,15,Monday,0,False,True,False,False,False,False,,False,False,True,False,False,False,46,4,319,46,False,15,False,False,3.0,4.0,3.0,3.0,3.0,3.0,3.0,3.142857142857143,-1.8400000000000034,1.0762293927011415
2021-11-16,PROD_013,Decathlon Bandas Elásticas Set,Fitness,Bandas Elásticas,25,False,3,73.77,2021,11,16,Tuesday,1,False,False,False,False,False,False,,False,False,True,False,False,False,46,4,320,45,False,16,False,False,3.0,3.0,4.0,3.0,3.0,3.0,3.0,3.142857142857143,1.6400000000000006,1.0453450474705963
2021-11-17,PROD_013,Decathlon Bandas Elásticas Set,Fitness,Bandas Elásticas,25,False,3,75.6,2021,11,17,Wednesday,2,False,False,False,False,False,False,,False,False,True,False,False,False,46,4,321,44,False,17,False,False,3.0,3.0,3.0,4.0,3.0,3.0,3.0,3.142857142857143,-0.7999999999999973,1.0386042038741585
2021-11-18,PROD_013,Decathlon Bandas Elásticas Set,Fitness,Bandas Elásticas,25,False,2,48.54,2021,11,18,Thursday,3,False,False,False,False,False,False,,False,False,True,False,False,False,46,4,322,43,False,18,False,False,3.0,3.0,3.0,3.0,4.0,3.0,3.0,3.142857142857143,2.9200000000000017,1.0180369127516777
2021-11-19,PROD_013,Decathlon Bandas Elásticas Set,Fitness,Bandas Elásticas,25,False,3,74.4,2021,11,19,Friday,4,False,False,True,False,False,False,,False,False,True,False,False,False,46,4,323,42,False,19,False,False,2.0,3.0,3.0,3.0,3.0,4.0,3.0,3.0,0.7999999999999973,1.0116943160184932
2021-11-20,PROD_013,Decathlon Bandas Elásticas Set,Fitness,Bandas Elásticas,25,False,4,102.88,2021,11,20,Saturday,5,True,False,False,True,False,False,,False,False,True,False,False,False,46,4,324,41,False,20,False,False,3.0,2.0,3.0,3.0,3.0,3.0,4.0,3.0,-2.8799999999999955,1.0716666666666665
2021-11-21,PROD_013,Decathlon Bandas Elásticas Set,Fitness,Bandas Elásticas,25,False,3,75.69,2021,11,21,Sunday,6,True,False,False,False,True,False,,False,False,True,False,False,False,46,4,325,40,False,21,False,False,4.0,3.0,2.0,3.0,3.0,3.0,3.0,3.0,-0.9200000000000017,1.0562377895618198
2021-11-22,PROD_013,Decathlon Bandas Elásticas Set,Fitness,Bandas Elásticas,25,False,3,73.32,2021,11,22,Monday,0,False,True,False,False,False,False,,False,False,True,False,False,False,47,4,326,39,False,22,False,False,3.0,4.0,3.0,2.0,3.0,3.0,3.0,3.0,2.239999999999995,1.003970970833904
2021-11-23,PROD_013,Decathlon Bandas Elásticas Set,Fitness,Bandas Elásticas,25,False,4,98.64,2021,11,23,Tuesday,1,False,False,False,False,False,False,,False,False,True,False,False,False,47,4,327,38,False,23,False,False,3.0,3.0,4.0,3.0,2.0,3.0,3.0,3.0,1.3599999999999994,0.9650404382989826
2021-11-24,PROD_013,Decathlon Bandas Elásticas Set,Fitness,Bandas Elásticas,25,False,3,76.05,2021,11,24,Wednesday,2,False,False,False,False,False,False,,False,False,True,False,False,False,47,4,328,37,False,24,False,False,4.0,3.0,3.0,4.0,3.0,2.0,3.0,3.142857142857143,-1.4000000000000057,1.0219027143241064
2021-11-25,PROD_013,Decathlon Bandas Elásticas Set,Fitness,Bandas Elásticas,25,False,4,97.08,2021,11,25,Thursday,3,False,False,False,False,False,False,,False,False,True,False,False,False,47,4,329,36,False,25,False,False,3.0,4.0,3.0,3.0,4.0,3.0,2.0,3.142857142857143,2.9200000000000017,1.0405888237816205
2021-11-26,PROD_013,Decathlon Bandas Elásticas Set,Fitness,Bandas Elásticas,25,False,14,315.0,2021,11,26,Friday,4,False,False,True,False,False,False,,True,False,True,False,False,False,47,4,330,35,False,26,False,False,4.0,3.0,4.0,3.0,3.0,4.0,3.0,3.4285714285714284,10.0,1.0238131351433337
2021-11-27,PROD_013,Decathlon Bandas Elásticas Set,Fitness,Bandas Elásticas,25,False,16,368.0,2021,11,27,Saturday,5,True,False,False,True,False,False,,False,False,True,False,False,False,47,4,331,34,False,27,False,False,14.0,4.0,3.0,4.0,3.0,3.0,4.0,5.0,8.0,0.944299986314493
2021-11-28,PROD_013,Decathlon Bandas Elásticas Set,Fitness,Bandas Elásticas,25,False,12,276.0,2021,11,28,Sunday,6,True,False,False,False,True,False,,False,False,True,False,False,False,47,4,332,33,False,28,True,False,16.0,14.0,4.0,3.0,4.0,3.0,3.0,6.714285714285714,8.0,0.9197547320714478
2021-11-29,PROD_013,Decathlon Bandas Elásticas Set,Fitness,Bandas Elásticas,25,False,12,270.0,2021,11,29,Monday,0,False,True,False,False,False,False,,False,True,True,False,False,False,48,4,333,32,False,29,True,False,12.0,16.0,14.0,4.0,3.0,4.0,3.0,8.0,10.0,0.9076240419524001
2021-11-30,PROD_013,Decathlon Bandas Elásticas Set,Fitness,Bandas Elásticas,25,False,7,166.25,2021,11,30,Tuesday,1,False,False,False,False,False,False,,False,False,True,False,False,False,48,4,334,31,False,30,True,False,12.0,12.0,16.0,14.0,4.0,3.0,4.0,9.285714285714286,5.0,0.986159169550173
2022-10-25,PROD_013,Decathlon Bandas Elásticas Set,Fitness,Bandas Elásticas,25,False,2,51.26,2022,10,25,Tuesday,1,False,False,False,False,False,False,,False,False,False,False,False,False,43,4,298,67,True,25,False,False,7.0,12.0,12.0,16.0,14.0,4.0,3.0,9.714285714285714,-2.519999999999996,1.0380720939651682
2022-10-26,PROD_013,Decathlon Bandas Elásticas Set,Fitness,Bandas Elásticas,25,False,3,75.84,2022,10,26,Wednesday,2,False,False,False,False,False,False,,False,False,False,False,False,False,43,4,299,66,True,26,False,False,2.0,7.0,12.0,12.0,16.0,14.0,4.0,9.571428571428571,-1.1200000000000045,1.06218487394958
2022-10-27,PROD_013,Decathlon Bandas Elásticas Set,Fitness,Bandas Elásticas,25,False,2,49.84,2022,10,27,Thursday,3,False,False,False,False,False,False,,False,False,False,False,False,False,43,4,300,65,True,27,False,False,3.0,2.0,7.0,12.0,12.0,16.0,14.0,9.428571428571429,0.3199999999999932,1.0689162138976267
2022-10-28,PROD_013,Decathlon Bandas Elásticas Set,Fitness,Bandas Elásticas,25,False,3,74.79,2022,10,28,Friday,4,False,False,True,False,False,False,,False,False,False,False,False,False,43,4,301,64,True,28,True,False,2.0,3.0,2.0,7.0,12.0,12.0,16.0,7.714285714285714,0.28000000000000114,1.055163656884876
2022-10-29,PROD_013,Decathlon Bandas Elásticas Set,Fitness,Bandas Elásticas,25,False,3,76.95,2022,10,29,Saturday,5,True,False,False,True,False,False,,False,False,False,False,False,False,43,4,302,63,True,29,True,False,3.0,2.0,3.0,2.0,7.0,12.0,12.0,5.857142857142857,-2.5999999999999943,1.0931950561159254
2022-10-30,PROD_013,Decathlon Bandas Elásticas Set,Fitness,Bandas Elásticas,25,False,3,76.74,2022,10,30,Sunday,6,True,False,False,False,True,False,,False,False,False,False,False,False,43,4,303,62,True,30,True,False,3.0,3.0,2.0,3.0,2.0,7.0,12.0,4.571428571428571,-2.319999999999993,1.0625865411243423
2022-10-31,PROD_013,Decathlon Bandas Elásticas Set,Fitness,Bandas Elásticas,25,False,3,73.68,2022,10,31,Monday,0,False,True,False,False,False,False,,False,False,False,False,False,False,44,4,304,61,True,31,True,False,3.0,3.0,3.0,2.0,3.0,2.0,7.0,3.2857142857142856,1.760000000000005,1.0509199828840392
2022-11-01,PROD_013,Decathlon Bandas Elásticas Set,Fitness,Bandas Elásticas,25,False,4,98.8,2022,11,1,Tuesday,1,False,False,False,False,False,True,Todos los Santos,False,False,True,False,False,False,44,4,305,60,False,1,False,True,3.0,3.0,3.0,3.0,2.0,3.0,2.0,2.7142857142857144,1.2000000000000028,1.0236220472440944
2022-11-02,PROD_013,Decathlon Bandas Elásticas Set,Fitness,Bandas Elásticas,25,False,2,50.56,2022,11,2,Wednesday,2,False,False,False,False,False,False,,False,False,True,False,False,False,44,4,306,59,False,2,False,True,4.0,3.0,3.0,3.0,3.0,2.0,3.0,3.0,-1.1200000000000045,1.0470799392516912
2022-11-03,PROD_013,Decathlon Bandas Elásticas Set,Fitness,Bandas Elásticas,25,False,4,98.28,2022,11,3,Thursday,3,False,False,False,False,False,False,,False,False,True,False,False,False,44,4,307,58,False,3,False,True,2.0,4.0,3.0,3.0,3.0,3.0,2.0,2.857142857142857,1.7199999999999989,0.9830621499066416
2022-11-04,PROD_013,Decathlon Bandas Elásticas Set,Fitness,Bandas Elásticas,25,False,4,102.4,2022,11,4,Friday,4,False,False,True,False,False,False,,False,False,True,False,False,False,44,4,308,57,False,4,False,False,4.0,2.0,4.0,3.0,3.0,3.0,3.0,3.142857142857143,-2.4000000000000057,1.0427698574338087
2022-11-05,PROD_013,Decathlon Bandas Elásticas Set,Fitness,Bandas Elásticas,25,False,3,74.34,2022,11,5,Saturday,5,True,False,False,True,False,False,,False,False,True,False,False,False,44,4,309,56,False,5,False,False,4.0,4.0,2.0,4.0,3.0,3.0,3.0,3.2857142857142856,0.8799999999999953,1.0745880312228968
2022-11-06,PROD_013,Decathlon Bandas Elásticas Set,Fitness,Bandas Elásticas,25,False,4,97.36,2022,11,6,Sunday,6,True,False,False,False,True,False,,False,False,True,False,False,False,44,4,310,55,False,6,False,False,3.0,4.0,4.0,2.0,4.0,3.0,3.0,3.2857142857142856,2.6400000000000006,0.9821116341627438
2022-11-07,PROD_013,Decathlon Bandas Elásticas Set,Fitness,Bandas Elásticas,25,False,3,72.84,2022,11,7,Monday,0,False,True,False,False,False,False,,False,False,True,False,False,False,45,4,311,54,False,7,False,False,4.0,3.0,4.0,4.0,2.0,4.0,3.0,3.4285714285714284,2.8799999999999955,1.0009619348632677
2022-11-08,PROD_013,Decathlon Bandas Elásticas Set,Fitness,Bandas Elásticas,25,False,3,73.74,2022,11,8,Tuesday,1,False,False,False,False,False,False,,False,False,True,False,False,False,45,4,312,53,False,8,False,False,3.0,4.0,3.0,4.0,4.0,2.0,4.0,3.4285714285714284,1.6800000000000068,1.028451882845188
2022-11-09,PROD_013,Decathlon Bandas Elásticas Set,Fitness,Bandas Elásticas,25,False,3,73.14,2022,11,9,Wednesday,2,False,False,False,False,False,False,,False,False,True,False,False,False,45,4,313,52,False,9,False,False,3.0,3.0,4.0,3.0,4.0,4.0,2.0,3.2857142857142856,2.480000000000004,1.0148466768419593
2022-11-10,PROD_013,Decathlon Bandas Elásticas Set,Fitness,Bandas Elásticas,25,False,3,73.89,2022,11,10,Thursday,3,False,False,False,False,False,False,,False,False,True,False,False,False,45,4,314,51,False,10,False,False,3.0,3.0,3.0,4.0,3.0,4.0,4.0,3.4285714285714284,1.480000000000004,0.991013948497854
2022-11-11,PROD_013,Decathlon Bandas Elásticas Set,Fitness,Bandas Elásticas,25,False,3,76.35,2022,11,11,Friday,4,False,False,True,False,False,False,,False,False,True,False,False,False,45,4,315,50,False,11,False,False,3.0,3.0,3.0,3.0,4.0,3.0,4.0,3.2857142857142856,-1.7999999999999972,1.0390582471420793
2022-11-12,PROD_013,Decathlon Bandas Elásticas Set,Fitness,Bandas Elásticas,25,False,4,99.64,2022,11,12,Saturday,5,True,False,False,True,False,False,,False,False,True,False,False,False,45,4,316,49,False,12,False,False,3.0,3.0,3.0,3.0,3.0,4.0,3.0,3.142857142857143,0.35999999999999943,0.9979967948717949
2022-11-13,PROD_013,Decathlon Bandas Elásticas Set,Fitness,Bandas Elásticas,25,False,3,74.01,2022,11,13,Sunday,6,True,False,False,False,True,False,,False,False,True,False,False,False,45,4,317,48,False,13,False,False,4.0,3.0,3.0,3.0,3.0,3.0,4.0,3.2857142857142856,1.3199999999999932,1.0422475707646812
2022-11-14,PROD_013,Decathlon Bandas Elásticas Set,Fitness,Bandas Elásticas,25,False,3,77.19,2022,11,14,Monday,0,False,True,False,False,False,False,,False,False,True,False,False,False,46,4,318,47,False,14,False,False,3.0,4.0,3.0,3.0,3.0,3.0,3.0,3.142857142857143,-2.9200000000000017,1.0881026219340288
2022-11-15,PROD_013,Decathlon Bandas Elásticas Set,Fitness,Bandas Elásticas,25,False,3,75.57,2022,11,15,Tuesday,1,False,False,False,False,False,False,,False,False,True,False,False,False,46,4,319,46,False,15,False,False,3.0,3.0,4.0,3.0,3.0,3.0,3.0,3.142857142857143,-0.7600000000000051,1.038905691503987
2022-11-16,PROD_013,Decathlon Bandas Elásticas Set,Fitness,Bandas Elásticas,25,False,3,73.65,2022,11,16,Wednesday,2,False,False,False,False,False,False,,False,False,True,False,False,False,46,4,320,45,False,16,False,False,3.0,3.0,3.0,4.0,3.0,3.0,3.0,3.142857142857143,1.7999999999999972,1.0294939893765724
2022-11-17,PROD_013,Decathlon Bandas Elásticas Set,Fitness,Bandas Elásticas,25,False,2,51.44,2022,11,17,Thursday,3,False,False,False,False,False,False,,False,False,True,False,False,False,46,4,321,44,False,17,False,False,3.0,3.0,3.0,3.0,4.0,3.0,3.0,3.142857142857143,-2.8799999999999955,1.0542423828391858
2022-11-18,PROD_013,Decathlon Bandas Elásticas Set,Fitness,Bandas Elásticas,25,False,3,76.47,2022,11,18,Friday,4,False,False,True,False,False,False,,False,False,True,False,False,False,46,4,322,43,False,18,False,False,2.0,3.0,3.0,3.0,3.0,4.0,3.0,3.0,-1.9599999999999937,1.0761328454826906
2022-11-19,PROD_013,Decathlon Bandas Elásticas Set,Fitness,Bandas Elásticas,25,False,4,97.8,2022,11,19,Saturday,5,True,False,False,True,False,False,,False,False,True,False,False,False,46,4,323,42,False,19,False,False,3.0,2.0,3.0,3.0,3.0,3.0,4.0,3.0,2.200000000000003,1.0120033112582782
2022-11-20,PROD_013,Decathlon Bandas Elásticas Set,Fitness,Bandas Elásticas,25,False,3,76.5,2022,11,20,Sunday,6,True,False,False,False,True,False,,False,False,True,False,False,False,46,4,324,41,False,20,False,False,4.0,3.0,2.0,3.0,3.0,3.0,3.0,3.0,-2.0,1.0736842105263158
2022-11-21,PROD_013,Decathlon Bandas Elásticas Set,Fitness,Bandas Elásticas,25,False,3,76.2,2022,11,21,Monday,0,False,True,False,False,False,False,,False,False,True,False,False,False,47,4,325,40,False,21,False,False,3.0,4.0,3.0,2.0,3.0,3.0,3.0,3.0,-1.5999999999999945,1.0699241786015163
2022-11-22,PROD_013,Decathlon Bandas Elásticas Set,Fitness,Bandas Elásticas,25,False,5,126.65,2022,11,22,Tuesday,1,False,False,False,False,False,False,,False,False,True,False,False,False,47,4,326,39,False,22,False,False,3.0,3.0,4.0,3.0,2.0,3.0,3.0,3.0,-1.3199999999999932,1.056296914095079
2022-11-23,PROD_013,Decathlon Bandas Elásticas Set,Fitness,Bandas Elásticas,25,False,4,102.52,2022,11,23,Wednesday,2,False,False,False,False,False,False,,False,False,True,False,False,False,47,4,327,38,False,23,False,False,5.0,3.0,3.0,4.0,3.0,2.0,3.0,3.2857142857142856,-2.519999999999996,1.0356950431034482
2022-11-24,PROD_013,Decathlon Bandas Elásticas Set,Fitness,Bandas Elásticas,25,False,4,101.24,2022,11,24,Thursday,3,False,False,False,False,False,False,,False,False,True,False,False,False,47,4,328,37,False,24,False,False,4.0,5.0,3.0,3.0,4.0,3.0,2.0,3.4285714285714284,-1.2399999999999949,1.0597348220516398
2022-11-25,PROD_013,Decathlon Bandas Elásticas Set,Fitness,Bandas Elásticas,25,False,17,382.5,2022,11,25,Friday,4,False,False,True,False,False,False,,True,False,True,False,False,False,47,4,329,36,False,25,False,False,4.0,4.0,5.0,3.0,3.0,4.0,3.0,3.7142857142857144,10.0,1.063327032136106
2022-11-26,PROD_013,Decathlon Bandas Elásticas Set,Fitness,Bandas Elásticas,25,False,16,368.0,2022,11,26,Saturday,5,True,False,False,True,False,False,,False,False,True,False,False,False,47,4,330,35,False,26,False,False,17.0,4.0,4.0,5.0,3.0,3.0,4.0,5.714285714285714,8.0,0.9707371975239167
2022-11-27,PROD_013,Decathlon Bandas Elásticas Set,Fitness,Bandas Elásticas,25,False,14,322.0,2022,11,27,Sunday,6,True,False,False,False,True,False,,False,False,True,False,False,False,47,4,331,34,False,27,False,False,16.0,17.0,4.0,4.0,5.0,3.0,3.0,7.428571428571429,8.0,0.9319286871961101
2022-11-28,PROD_013,Decathlon Bandas Elásticas Set,Fitness,Bandas Elásticas,25,False,15,337.5,2022,11,28,Monday,0,False,True,False,False,False,False,,False,True,True,False,False,False,48,4,332,33,False,28,True,False,14.0,16.0,17.0,4.0,4.0,5.0,3.0,9.0,10.0,0.9131493506493507
2022-11-29,PROD_013,Decathlon Bandas Elásticas Set,Fitness,Bandas Elásticas,25,False,7,166.25,2022,11,29,Tuesday,1,False,False,False,False,False,False,,False,False,True,False,False,False,48,4,333,32,False,29,True,False,15.0,14.0,16.0,17.0,4.0,4.0,5.0,10.714285714285714,5.0,0.9725634725634726
2022-11-30,PROD_013,Decathlon Bandas Elásticas Set,Fitness,Bandas Elásticas,25,False,6,142.5,2022,11,30,Wednesday,2,False,False,False,False,False,False,,False,False,True,False,False,False,48,4,334,31,False,30,True,False,7.0,15.0,14.0,16.0,17.0,4.0,4.0,11.0,5.0,0.9888965995836225
2023-10-25,PROD_013,Decathlon Bandas Elásticas Set,Fitness,Bandas Elásticas,25,False,2,51.14,2023,10,25,Wednesday,2,False,False,False,False,False,False,,False,False,False,False,False,False,43,4,298,67,True,25,False,False,6.0,7.0,15.0,14.0,16.0,17.0,4.0,11.285714285714286,-2.280000000000001,1.0384459185054826
2023-10-26,PROD_013,Decathlon Bandas Elásticas Set,Fitness,Bandas Elásticas,25,False,3,76.62,2023,10,26,Thursday,3,False,False,False,False,False,False,,False,False,False,False,False,False,43,4,299,66,True,26,False,False,2.0,6.0,7.0,15.0,14.0,16.0,17.0,11.0,-2.1599999999999966,1.0308085564375082
2023-10-27,PROD_013,Decathlon Bandas Elásticas Set,Fitness,Bandas Elásticas,25,False,3,74.16,2023,10,27,Friday,4,False,False,True,False,False,False,,False,False,False,False,False,False,43,4,300,65,True,27,False,False,3.0,2.0,6.0,7.0,15.0,14.0,16.0,9.0,1.1200000000000045,0.9927710843373493
2023-10-28,PROD_013,Decathlon Bandas Elásticas Set,Fitness,Bandas Elásticas,25,False,4,101.04,2023,10,28,Saturday,5,True,False,False,True,False,False,,False,False,False,False,False,False,43,4,301,64,True,28,True,False,3.0,3.0,2.0,6.0,7.0,15.0,14.0,7.142857142857143,-1.0400000000000063,1.0453855704235069
2023-10-29,PROD_013,Decathlon Bandas Elásticas Set,Fitness,Bandas Elásticas,25,False,3,73.29,2023,10,29,Sunday,6,True,False,False,False,True,False,,False,False,False,False,False,False,43,4,302,63,True,29,True,False,4.0,3.0,3.0,2.0,6.0,7.0,15.0,5.714285714285714,2.280000000000001,1.0531685587009627
2023-10-30,PROD_013,Decathlon Bandas Elásticas Set,Fitness,Bandas Elásticas,25,False,2,49.72,2023,10,30,Monday,0,False,True,False,False,False,False,,False,False,False,False,False,False,44,4,303,62,True,30,True,False,3.0,4.0,3.0,3.0,2.0,6.0,7.0,4.0,0.5600000000000023,1.0010738255033558
2023-10-31,PROD_013,Decathlon Bandas Elásticas Set,Fitness,Bandas Elásticas,25,False,3,76.35,2023,10,31,Tuesday,1,False,False,False,False,False,False,,False,False,False,False,False,False,44,4,304,61,True,31,True,False,2.0,3.0,4.0,3.0,3.0,2.0,6.0,3.2857142857142856,-1.7999999999999972,1.0541212204887478
2023-11-01,PROD_013,Decathlon Bandas Elásticas Set,Fitness,Bandas Elásticas,25,False,3,74.1,2023,11,1,Wednesday,2,False,False,False,False,False,True,Todos los Santos,False,False,True,False,False,False,44,4,305,60,False,1,False,True,3.0,2.0,3.0,4.0,3.0,3.0,2.0,2.857142857142857,1.2000000000000028,0.980547836443033
2023-11-02,PROD_013,Decathlon Bandas Elásticas Set,Fitness,Bandas Elásticas,25,False,4,100.84,2023,11,2,Thursday,3,False,False,False,False,False,False,,False,False,True,False,False,False,44,4,306,59,False,2,False,True,3.0,3.0,2.0,3.0,4.0,3.0,3.0,3.0,-0.8400000000000034,1.066412859560068
2023-11-03,PROD_013,Decathlon Bandas Elásticas Set,Fitness,Bandas Elásticas,25,False,4,102.44,2023,11,3,Friday,4,False,False,True,False,False,False,,False,False,True,False,False,False,44,4,307,58,False,3,False,True,4.0,3.0,3.0,2.0,3.0,4.0,3.0,3.142857142857143,-2.4399999999999977,1.052609946568023
2023-11-04,PROD_013,Decathlon Bandas Elásticas Set,Fitness,Bandas Elásticas,25,False,4,102.96,2023,11,4,Saturday,5,True,False,False,True,False,False,,False,False,True,False,False,False,44,4,308,57,False,4,False,False,4.0,4.0,3.0,3.0,2.0,3.0,4.0,3.2857142857142856,-2.9599999999999937,1.0931483578708947
2023-11-05,PROD_013,Decathlon Bandas Elásticas Set,Fitness,Bandas Elásticas,25,False,4,98.24,2023,11,5,Sunday,6,True,False,False,False,True,False,,False,False,True,False,False,False,44,4,309,56,False,5,False,False,4.0,4.0,4.0,3.0,3.0,2.0,3.0,3.2857142857142856,1.760000000000005,1.029481626379768
2023-11-06,PROD_013,Decathlon Bandas Elásticas Set,Fitness,Bandas Elásticas,25,False,4,99.16,2023,11,6,Monday,0,False,True,False,False,False,False,,False,False,True,False,False,False,45,4,310,55,False,6,False,False,4.0,4.0,4.0,4.0,3.0,3.0,2.0,3.4285714285714284,0.8400000000000034,1.0060876623376622
2023-11-07,PROD_013,Decathlon Bandas Elásticas Set,Fitness,Bandas Elásticas,25,False,3,76.86,2023,11,7,Tuesday,1,False,False,False,False,False,False,,False,False,True,False,False,False,45,4,311,54,False,7,False,False,4.0,4.0,4.0,4.0,4.0,3.0,3.0,3.7142857142857144,-2.480000000000004,1.0645429362880887
2023-11-08,PROD_013,Decathlon Bandas Elásticas Set,Fitness,Bandas Elásticas,25,False,3,73.17,2023,11,8,Wednesday,2,False,False,False,False,False,False,,False,False,True,False,False,False,45,4,312,53,False,8,False,False,3.0,4.0,4.0,4.0,4.0,4.0,3.0,3.7142857142857144,2.4399999999999977,0.9895861509331891
2023-11-09,PROD_013,Decathlon Bandas Elásticas Set,Fitness,Bandas Elásticas,25,False,4,97.0,2023,11,9,Thursday,3,False,False,False,False,False,False,,False,False,True,False,False,False,45,4,313,52,False,9,False,False,3.0,3.0,4.0,4.0,4.0,4.0,4.0,3.7142857142857144,3.0,0.9761169998658258
2023-11-10,PROD_013,Decathlon Bandas Elásticas Set,Fitness,Bandas Elásticas,25,False,5,126.25,2023,11,10,Friday,4,False,False,True,False,False,False,,False,False,True,False,False,False,45,4,314,51,False,10,False,False,4.0,3.0,3.0,4.0,4.0,4.0,4.0,3.7142857142857144,-1.0,1.0959201388888888
2023-11-11,PROD_013,Decathlon Bandas Elásticas Set,Fitness,Bandas Elásticas,25,False,4,99.52,2023,11,11,Saturday,5,True,False,False,True,False,False,,False,False,True,False,False,False,45,4,315,50,False,11,False,False,5.0,4.0,3.0,3.0,4.0,4.0,4.0,3.857142857142857,0.4800000000000039,1.0209273697168648
2023-11-12,PROD_013,Decathlon Bandas Elásticas Set,Fitness,Bandas Elásticas,25,False,3,73.17,2023,11,12,Sunday,6,True,False,False,False,True,False,,False,False,True,False,False,False,45,4,316,49,False,12,False,False,4.0,5.0,4.0,3.0,3.0,4.0,4.0,3.857142857142857,2.4399999999999977,1.0430506058446185
2023-11-13,PROD_013,Decathlon Bandas Elásticas Set,Fitness,Bandas Elásticas,25,False,3,75.39,2023,11,13,Monday,0,False,True,False,False,False,False,,False,False,True,False,False,False,46,4,317,48,False,13,False,False,3.0,4.0,5.0,4.0,3.0,3.0,4.0,3.7142857142857144,-0.519999999999996,1.030340303403034
2023-11-14,PROD_013,Decathlon Bandas Elásticas Set,Fitness,Bandas Elásticas,25,False,4,99.12,2023,11,14,Tuesday,1,False,False,False,False,False,False,,False,False,True,False,False,False,46,4,318,47,False,14,False,False,3.0,3.0,4.0,5.0,4.0,3.0,3.0,3.5714285714285716,0.8799999999999953,1.001751785473656
2023-11-15,PROD_013,Decathlon Bandas Elásticas Set,Fitness,Bandas Elásticas,25,False,3,76.74,2023,11,15,Wednesday,2,False,False,False,False,False,False,,False,False,True,False,False,False,46,4,319,46,False,15,False,False,4.0,3.0,3.0,4.0,5.0,4.0,3.0,3.7142857142857144,-2.319999999999993,1.0509449465899752
2023-11-16,PROD_013,Decathlon Bandas Elásticas Set,Fitness,Bandas Elásticas,25,False,3,74.07,2023,11,16,Thursday,3,False,False,False,False,False,False,,False,False,True,False,False,False,46,4,320,45,False,16,False,False,3.0,4.0,3.0,3.0,4.0,5.0,4.0,3.7142857142857144,1.2399999999999949,1.0180043980208906
2023-11-17,PROD_013,Decathlon Bandas Elásticas Set,Fitness,Bandas Elásticas,25,False,4,97.16,2023,11,17,Friday,4,False,False,True,False,False,False,,False,False,True,False,False,False,46,4,321,44,False,17,False,False,3.0,3.0,4.0,3.0,3.0,4.0,5.0,3.5714285714285716,2.8400000000000034,1.0094195872004432
2023-11-18,PROD_013,Decathlon Bandas Elásticas Set,Fitness,Bandas Elásticas,25,False,5,125.55,2023,11,18,Saturday,5,True,False,False,True,False,False,,False,False,True,False,False,False,46,4,322,43,False,18,False,False,4.0,3.0,3.0,4.0,3.0,3.0,4.0,3.4285714285714284,-0.43999999999999767,1.030083413099959
2023-11-19,PROD_013,Decathlon Bandas Elásticas Set,Fitness,Bandas Elásticas,25,False,4,100.64,2023,11,19,Sunday,6,True,False,False,False,True,False,,False,False,True,False,False,False,46,4,323,42,False,19,False,False,5.0,4.0,3.0,3.0,4.0,3.0,3.0,3.5714285714285716,-0.6400000000000006,1.0191736429921685
2023-11-20,PROD_013,Decathlon Bandas Elásticas Set,Fitness,Bandas Elásticas,25,False,3,77.22,2023,11,20,Monday,0,False,True,False,False,False,False,,False,False,True,False,False,False,47,4,324,41,False,20,False,False,4.0,5.0,4.0,3.0,3.0,4.0,3.0,3.7142857142857144,-2.9599999999999937,1.0674592203483548
2023-11-21,PROD_013,Decathlon Bandas Elásticas Set,Fitness,Bandas Elásticas,25,False,5,127.9,2023,11,21,Tuesday,1,False,False,False,False,False,False,,False,False,True,False,False,False,47,4,325,40,False,21,False,False,3.0,4.0,5.0,4.0,3.0,3.0,4.0,3.7142857142857144,-2.319999999999993,1.0300671140939597
2023-11-22,PROD_013,Decathlon Bandas Elásticas Set,Fitness,Bandas Elásticas,25,False,5,125.75,2023,11,22,Wednesday,2,False,False,False,False,False,False,,False,False,True,False,False,False,47,4,326,39,False,22,False,False,5.0,3.0,4.0,5.0,4.0,3.0,3.0,3.857142857142857,-0.5999999999999943,1.0493741307371347
2023-11-23,PROD_013,Decathlon Bandas Elásticas Set,Fitness,Bandas Elásticas,25,False,4,101.32,2023,11,23,Thursday,3,False,False,False,False,False,False,,False,False,True,False,False,False,47,4,327,38,False,23,False,False,5.0,5.0,3.0,4.0,5.0,4.0,3.0,4.142857142857143,-1.3199999999999932,1.0122552284534436
2023-11-24,PROD_013,Decathlon Bandas Elásticas Set,Fitness,Bandas Elásticas,25,False,16,360.0,2023,11,24,Friday,4,False,False,True,False,False,False,,True,False,True,False,False,False,47,4,328,37,False,24,False,False,4.0,5.0,5.0,3.0,4.0,5.0,4.0,4.285714285714286,10.0,1.055512118842846
2023-11-25,PROD_013,Decathlon Bandas Elásticas Set,Fitness,Bandas Elásticas,25,False,15,345.0,2023,11,25,Saturday,5,True,False,False,True,False,False,,False,False,True,False,False,False,47,4,329,36,False,25,False,False,16.0,4.0,5.0,5.0,3.0,4.0,5.0,6.0,8.0,0.9418509418509418
2023-11-26,PROD_013,Decathlon Bandas Elásticas Set,Fitness,Bandas Elásticas,25,False,16,368.0,2023,11,26,Sunday,6,True,False,False,False,True,False,,False,False,True,False,False,False,47,4,330,35,False,26,False,False,15.0,16.0,4.0,5.0,5.0,3.0,4.0,7.428571428571429,8.0,0.947021685424101
2023-11-27,PROD_013,Decathlon Bandas Elásticas Set,Fitness,Bandas Elásticas,25,False,12,270.0,2023,11,27,Monday,0,False,True,False,False,False,False,,False,True,True,False,False,False,48,4,331,34,False,27,False,False,16.0,15.0,16.0,4.0,5.0,5.0,3.0,9.142857142857142,10.0,0.9226353198469108
2023-11-28,PROD_013,Decathlon Bandas Elásticas Set,Fitness,Bandas Elásticas,25,False,8,190.0,2023,11,28,Tuesday,1,False,False,False,False,False,False,,False,False,True,False,False,False,48,4,332,33,False,28,True,False,12.0,16.0,15.0,16.0,4.0,5.0,5.0,10.428571428571429,5.0,1.0158254918733962
2023-11-29,PROD_013,Decathlon Bandas Elásticas Set,Fitness,Bandas Elásticas,25,False,8,190.0,2023,11,29,Wednesday,2,False,False,False,False,False,False,,False,False,True,False,False,False,48,4,333,32,False,29,True,False,8.0,12.0,16.0,15.0,16.0,4.0,5.0,10.857142857142858,5.0,0.9970612930310662
2023-11-30,PROD_013,Decathlon Bandas Elásticas Set,Fitness,Bandas Elásticas,25,False,3,75.45,2023,11,30,Thursday,3,False,False,False,False,False,False,,False,False,True,False,False,False,48,4,334,31,False,30,True,False,8.0,8.0,12.0,16.0,15.0,16.0,4.0,11.285714285714286,-0.5999999999999943,1.027509192428163
2024-10-25,PROD_013,Decathlon Bandas Elásticas Set,Fitness,Bandas Elásticas,25,False,3,73.53,2024,10,25,Friday,4,False,False,True,False,False,False,,False,False,False,False,False,False,43,4,299,67,True,25,False,False,3.0,8.0,8.0,12.0,16.0,15.0,16.0,11.142857142857142,1.9599999999999937,1.0189855875831488
2024-10-26,PROD_013,Decathlon Bandas Elásticas Set,Fitness,Bandas Elásticas,25,False,4,101.92,2024,10,26,Saturday,5,True,False,False,True,False,False,,False,False,False,False,False,False,43,4,300,66,True,26,False,False,3.0,3.0,8.0,8.0,12.0,16.0,15.0,9.285714285714286,-1.9200000000000015,0.98989898989899
2024-10-27,PROD_013,Decathlon Bandas Elásticas Set,Fitness,Bandas Elásticas,25,False,2,50.9,2024,10,27,Sunday,6,True,False,False,False,True,False,,False,False,False,False,False,False,43,4,301,65,True,27,False,False,4.0,3.0,3.0,8.0,8.0,12.0,16.0,7.714285714285714,-1.7999999999999972,1.0278675282714054
2024-10-28,PROD_013,Decathlon Bandas Elásticas Set,Fitness,Bandas Elásticas,25,False,3,73.47,2024,10,28,Monday,0,False,True,False,False,False,False,,False,False,False,False,False,False,44,4,302,64,True,28,True,False,2.0,4.0,3.0,3.0,8.0,8.0,12.0,5.714285714285714,2.0400000000000063,1.0135191060835977
2024-10-29,PROD_013,Decathlon Bandas Elásticas Set,Fitness,Bandas Elásticas,25,False,3,73.11,2024,10,29,Tuesday,1,False,False,False,False,False,False,,False,False,False,False,False,False,44,4,303,63,True,29,True,False,3.0,2.0,4.0,3.0,3.0,8.0,8.0,4.428571428571429,2.519999999999996,1.0390847072200113
2024-10-30,PROD_013,Decathlon Bandas Elásticas Set,Fitness,Bandas Elásticas,25,False,3,73.38,2024,10,30,Wednesday,2,False,False,False,False,False,False,,False,False,False,False,False,False,44,4,304,62,True,30,True,False,3.0,3.0,2.0,4.0,3.0,3.0,8.0,3.7142857142857144,2.1599999999999966,1.0439607341015793
2024-10-31,PROD_013,Decathlon Bandas Elásticas Set,Fitness,Bandas Elásticas,25,False,3,76.59,2024,10,31,Thursday,3,False,False,False,False,False,False,,False,False,False,False,False,False,44,4,305,61,True,31,True,False,3.0,3.0,3.0,2.0,4.0,3.0,3.0,3.0,-2.1200000000000045,1.058165239016303
2024-11-01,PROD_013,Decathlon Bandas Elásticas Set,Fitness,Bandas Elásticas,25,False,4,100.2,2024,11,1,Friday,4,False,False,True,False,False,True,Todos los Santos,False,False,True,False,False,False,44,4,306,60,False,1,False,True,3.0,3.0,3.0,3.0,2.0,4.0,3.0,3.0,-0.20000000000000281,1.0276220429372351
2024-11-02,PROD_013,Decathlon Bandas Elásticas Set,Fitness,Bandas Elásticas,25,False,5,124.5,2024,11,2,Saturday,5,True,False,False,True,False,False,,False,False,True,False,False,False,44,4,307,59,False,2,False,True,4.0,3.0,3.0,3.0,3.0,2.0,4.0,3.142857142857143,0.40000000000000563,1.0098688657563877
2024-11-03,PROD_013,Decathlon Bandas Elásticas Set,Fitness,Bandas Elásticas,25,False,4,100.92,2024,11,3,Sunday,6,True,False,False,False,True,False,,False,False,True,False,False,False,44,4,308,58,False,3,False,True,5.0,4.0,3.0,3.0,3.0,3.0,2.0,3.2857142857142856,-0.9200000000000017,1.0435681786846822
2024-11-04,PROD_013,Decathlon Bandas Elásticas Set,Fitness,Bandas Elásticas,25,False,4,97.84,2024,11,4,Monday,0,False,True,False,False,False,False,,False,False,True,False,False,False,45,4,309,57,False,4,False,False,4.0,5.0,4.0,3.0,3.0,3.0,3.0,3.5714285714285716,2.1599999999999966,1.002870028700287
2024-11-05,PROD_013,Decathlon Bandas Elásticas Set,Fitness,Bandas Elásticas,25,False,4,101.04,2024,11,5,Tuesday,1,False,False,False,False,False,False,,False,False,True,False,False,False,45,4,310,56,False,5,False,False,4.0,4.0,5.0,4.0,3.0,3.0,3.0,3.7142857142857144,-1.0400000000000063,1.0155454301795765
2024-11-06,PROD_013,Decathlon Bandas Elásticas Set,Fitness,Bandas Elásticas,25,False,4,99.92,2024,11,6,Wednesday,2,False,False,False,False,False,False,,False,False,True,False,False,False,45,4,311,55,False,6,False,False,4.0,4.0,4.0,5.0,4.0,3.0,3.0,3.857142857142857,0.0799999999999983,1.0077998924152771
2024-11-07,PROD_013,Decathlon Bandas Elásticas Set,Fitness,Bandas Elásticas,25,False,3,76.17,2024,11,7,Thursday,3,False,False,False,False,False,False,,False,False,True,False,False,False,45,4,312,54,False,7,False,False,4.0,4.0,4.0,4.0,5.0,4.0,3.0,4.0,-1.5600000000000023,1.0229653505237712
2024-11-08,PROD_013,Decathlon Bandas Elásticas Set,Fitness,Bandas Elásticas,25,False,4,101.36,2024,11,8,Friday,4,False,False,True,False,False,False,,False,False,True,False,False,False,45,4,313,53,False,8,False,False,3.0,4.0,4.0,4.0,4.0,5.0,4.0,4.0,-1.3599999999999994,1.0731225296442688
2024-11-09,PROD_013,Decathlon Bandas Elásticas Set,Fitness,Bandas Elásticas,25,False,4,102.16,2024,11,9,Saturday,5,True,False,False,True,False,False,,False,False,True,False,False,False,45,4,314,52,False,9,False,False,4.0,3.0,4.0,4.0,4.0,4.0,5.0,4.0,-2.1599999999999966,1.0753684210526315
2024-11-10,PROD_013,Decathlon Bandas Elásticas Set,Fitness,Bandas Elásticas,25,False,4,99.0,2024,11,10,Sunday,6,True,False,False,False,True,False,,False,False,True,False,False,False,45,4,315,51,False,10,False,False,4.0,4.0,3.0,4.0,4.0,4.0,4.0,3.857142857142857,1.0,0.9820129612485121
2024-11-11,PROD_013,Decathlon Bandas Elásticas Set,Fitness,Bandas Elásticas,25,False,4,101.0,2024,11,11,Monday,0,False,True,False,False,False,False,,False,False,True,False,False,False,46,4,316,50,False,11,False,False,4.0,4.0,4.0,3.0,4.0,4.0,4.0,3.857142857142857,-1.0,1.0077158440867366
2024-11-12,PROD_013,Decathlon Bandas Elásticas Set,Fitness,Bandas Elásticas,25,False,3,77.19,2024,11,12,Tuesday,1,False,False,False,False,False,False,,False,False,True,False,False,False,46,4,317,49,False,12,False,False,4.0,4.0,4.0,4.0,3.0,4.0,4.0,3.857142857142857,-2.9200000000000017,1.0887165021156557
2024-11-13,PROD_013,Decathlon Bandas Elásticas Set,Fitness,Bandas Elásticas,25,False,3,76.77,2024,11,13,Wednesday,2,False,False,False,False,False,False,,False,False,True,False,False,False,46,4,318,48,False,13,False,False,3.0,4.0,4.0,4.0,4.0,3.0,4.0,3.7142857142857144,-2.3599999999999994,1.071010044642857
2024-11-14,PROD_013,Decathlon Bandas Elásticas Set,Fitness,Bandas Elásticas,25,False,3,75.09,2024,11,14,Thursday,3,False,False,False,False,False,False,,False,False,True,False,False,False,46,4,319,47,False,14,False,False,3.0,3.0,4.0,4.0,4.0,4.0,3.0,3.5714285714285716,-0.12000000000000455,1.001066524463405
2024-11-15,PROD_013,Decathlon Bandas Elásticas Set,Fitness,Bandas Elásticas,25,False,4,100.76,2024,11,15,Friday,4,False,False,True,False,False,False,,False,False,True,False,False,False,46,4,320,46,False,15,False,False,3.0,3.0,3.0,4.0,4.0,4.0,4.0,3.5714285714285716,-0.7600000000000051,1.0619730185497471
2024-11-16,PROD_013,Decathlon Bandas Elásticas Set,Fitness,Bandas Elásticas,25,False,5,128.1,2024,11,16,Saturday,5,True,False,False,True,False,False,,False,False,True,False,False,False,46,4,321,45,False,16,False,False,4.0,3.0,3.0,3.0,4.0,4.0,4.0,3.5714285714285716,-2.480000000000004,1.0535983550376973
2024-11-17,PROD_013,Decathlon Bandas Elásticas Set,Fitness,Bandas Elásticas,25,False,5,125.75,2024,11,17,Sunday,6,True,False,False,False,True,False,,False,False,True,False,False,False,46,4,322,44,False,17,False,False,5.0,4.0,3.0,3.0,3.0,4.0,4.0,3.7142857142857144,-0.5999999999999943,0.9831899921813917
2024-11-18,PROD_013,Decathlon Bandas Elásticas Set,Fitness,Bandas Elásticas,25,False,4,97.28,2024,11,18,Monday,0,False,True,False,False,False,False,,False,False,True,False,False,False,47,4,323,43,False,18,False,False,5.0,5.0,4.0,3.0,3.0,3.0,4.0,3.857142857142857,2.719999999999999,1.015873015873016
2024-11-19,PROD_013,Decathlon Bandas Elásticas Set,Fitness,Bandas Elásticas,25,False,4,102.2,2024,11,19,Tuesday,1,False,False,False,False,False,False,,False,False,True,False,False,False,47,4,324,42,False,19,False,False,4.0,5.0,5.0,4.0,3.0,3.0,3.0,3.857142857142857,-2.200000000000003,1.0417232943734709
2024-11-20,PROD_013,Decathlon Bandas Elásticas Set,Fitness,Bandas Elásticas,25,False,3,75.12,2024,11,20,Wednesday,2,False,False,False,False,False,False,,False,False,True,False,False,False,47,4,325,41,False,20,False,False,4.0,4.0,5.0,5.0,4.0,3.0,3.0,4.0,-0.1599999999999966,1.0417417833864928
2024-11-21,PROD_013,Decathlon Bandas Elásticas Set,Fitness,Bandas Elásticas,25,False,3,74.97,2024,11,21,Thursday,3,False,False,False,False,False,False,,False,False,True,False,False,False,47,4,326,40,False,21,False,False,3.0,4.0,4.0,5.0,5.0,4.0,3.0,4.0,0.04000000000000625,1.0064438179621424
2024-11-22,PROD_013,Decathlon Bandas Elásticas Set,Fitness,Bandas Elásticas,25,False,4,97.04,2024,11,22,Friday,4,False,False,True,False,False,False,,False,False,True,False,False,False,47,4,327,39,False,22,False,False,3.0,3.0,4.0,4.0,5.0,5.0,4.0,4.0,2.9599999999999937,1.008871638480732
2024-11-23,PROD_013,Decathlon Bandas Elásticas Set,Fitness,Bandas Elásticas,25,False,4,99.72,2024,11,23,Saturday,5,True,False,False,True,False,False,,False,False,True,False,False,False,47,4,328,38,False,23,False,False,4.0,3.0,3.0,4.0,4.0,5.0,5.0,4.0,0.28000000000000114,1.0433872767857142
2024-11-24,PROD_013,Decathlon Bandas Elásticas Set,Fitness,Bandas Elásticas,25,False,4,100.64,2024,11,24,Sunday,6,True,False,False,False,True,False,,False,False,True,False,False,False,47,4,329,37,False,24,False,False,4.0,4.0,3.0,3.0,4.0,4.0,5.0,3.857142857142857,-0.6400000000000006,1.0515463917525774
2024-11-25,PROD_013,Decathlon Bandas Elásticas Set,Fitness,Bandas Elásticas,25,False,3,72.81,2024,11,25,Monday,0,False,True,False,False,False,False,,False,False,True,False,False,False,48,4,330,36,False,25,False,False,4.0,4.0,4.0,3.0,3.0,4.0,4.0,3.7142857142857144,2.9200000000000017,0.9815314100835804
2024-11-26,PROD_013,Decathlon Bandas Elásticas Set,Fitness,Bandas Elásticas,25,False,3,72.96,2024,11,26,Tuesday,1,False,False,False,False,False,False,,False,False,True,False,False,False,48,4,331,35,False,26,False,False,3.0,4.0,4.0,4.0,3.0,3.0,4.0,3.5714285714285716,2.719999999999999,0.9855464001080644
2024-11-27,PROD_013,Decathlon Bandas Elásticas Set,Fitness,Bandas Elásticas,25,False,5,128.5,2024,11,27,Wednesday,2,False,False,False,False,False,False,,False,False,True,False,False,False,48,4,332,34,False,27,False,False,3.0,3.0,4.0,4.0,4.0,3.0,3.0,3.4285714285714284,-2.799999999999997,1.0224108208460416
2024-11-28,PROD_013,Decathlon Bandas Elásticas Set,Fitness,Bandas Elásticas,25,False,6,145.5,2024,11,28,Thursday,3,False,False,False,False,False,False,,False,False,True,False,False,False,48,4,333,33,False,28,True,False,5.0,3.0,3.0,4.0,4.0,4.0,3.0,3.7142857142857144,3.0,1.029723991507431
2024-11-29,PROD_013,Decathlon Bandas Elásticas Set,Fitness,Bandas Elásticas,25,False,16,360.0,2024,11,29,Friday,4,False,False,True,False,False,False,,True,False,True,False,False,False,48,4,334,32,False,29,True,False,6.0,5.0,3.0,3.0,4.0,4.0,4.0,4.142857142857143,10.0,1.073473282442748
2024-11-30,PROD_013,Decathlon Bandas Elásticas Set,Fitness,Bandas Elásticas,25,False,20,460.0,2024,11,30,Saturday,5,True,False,False,True,False,False,,False,False,True,False,False,False,48,4,335,31,False,30,True,False,16.0,6.0,5.0,3.0,3.0,4.0,4.0,5.857142857142857,8.0,0.97678369195923
2021-11-01,PROD_014,Sveltus Kettlebell 12kg,Fitness,Pesa Rusa,40,False,3,120.36,2021,11,1,Monday,0,False,True,False,False,False,True,Todos los Santos,False,False,True,False,False,False,44,4,305,60,False,1,False,True,3.0,3.0,3.0,2.0,2.0,2.0,2.0,2.4285714285714284,-0.2999999999999936,1.038929650410013
2021-11-02,PROD_014,Sveltus Kettlebell 12kg,Fitness,Pesa Rusa,40,False,3,119.16,2021,11,2,Tuesday,1,False,False,False,False,False,False,,False,False,True,False,False,False,44,4,306,59,False,2,False,True,3.0,3.0,3.0,3.0,2.0,2.0,2.0,2.5714285714285716,0.7000000000000028,1.026091449237923
2021-11-03,PROD_014,Sveltus Kettlebell 12kg,Fitness,Pesa Rusa,40,False,3,121.62,2021,11,3,Wednesday,2,False,False,False,False,False,False,,False,False,True,False,False,False,44,4,307,58,False,3,False,True,3.0,3.0,3.0,3.0,3.0,2.0,2.0,2.7142857142857144,-1.3499999999999979,1.0347996256274992
2021-11-04,PROD_014,Sveltus Kettlebell 12kg,Fitness,Pesa Rusa,40,False,3,117.06,2021,11,4,Thursday,3,False,False,False,False,False,False,,False,False,True,False,False,False,44,4,308,57,False,4,False,False,3.0,3.0,3.0,3.0,3.0,3.0,2.0,2.857142857142857,2.449999999999992,0.9813060608600888
2021-11-05,PROD_014,Sveltus Kettlebell 12kg,Fitness,Pesa Rusa,40,False,3,122.46,2021,11,5,Friday,4,False,False,True,False,False,False,,False,False,True,False,False,False,44,4,309,56,False,5,False,False,3.0,3.0,3.0,3.0,3.0,3.0,3.0,3.0,-2.0500000000000007,1.0598009519688445
2021-11-06,PROD_014,Sveltus Kettlebell 12kg,Fitness,Pesa Rusa,40,False,4,158.56,2021,11,6,Saturday,5,True,False,False,True,False,False,,False,False,True,False,False,False,44,4,310,55,False,6,False,False,3.0,3.0,3.0,3.0,3.0,3.0,3.0,3.0,0.8999999999999986,0.9777193126695718
2021-11-07,PROD_014,Sveltus Kettlebell 12kg,Fitness,Pesa Rusa,40,False,3,121.14,2021,11,7,Sunday,6,True,False,False,False,True,False,,False,False,True,False,False,False,44,4,311,54,False,7,False,False,4.0,3.0,3.0,3.0,3.0,3.0,3.0,3.142857142857143,-0.9500000000000064,1.0440403343962767
2021-11-08,PROD_014,Sveltus Kettlebell 12kg,Fitness,Pesa Rusa,40,False,3,122.58,2021,11,8,Monday,0,False,True,False,False,False,False,,False,False,True,False,False,False,45,4,312,53,False,8,False,False,3.0,4.0,3.0,3.0,3.0,3.0,3.0,3.142857142857143,-2.1499999999999986,1.0715034965034964
2021-11-09,PROD_014,Sveltus Kettlebell 12kg,Fitness,Pesa Rusa,40,False,3,120.45,2021,11,9,Tuesday,1,False,False,False,False,False,False,,False,False,True,False,False,False,45,4,313,52,False,9,False,False,3.0,3.0,4.0,3.0,3.0,3.0,3.0,3.142857142857143,-0.37499999999999645,1.0462086337184053
2021-11-10,PROD_014,Sveltus Kettlebell 12kg,Fitness,Pesa Rusa,40,False,3,122.37,2021,11,10,Wednesday,2,False,False,False,False,False,False,,False,False,True,False,False,False,45,4,314,51,False,10,False,False,3.0,3.0,3.0,4.0,3.0,3.0,3.0,3.142857142857143,-1.9749999999999979,1.0289245774825526
2021-11-11,PROD_014,Sveltus Kettlebell 12kg,Fitness,Pesa Rusa,40,False,3,118.89,2021,11,11,Thursday,3,False,False,False,False,False,False,,False,False,True,False,False,False,45,4,315,50,False,11,False,False,3.0,3.0,3.0,3.0,4.0,3.0,3.0,3.142857142857143,0.9249999999999935,1.0150260394433537
2021-11-12,PROD_014,Sveltus Kettlebell 12kg,Fitness,Pesa Rusa,40,False,3,119.91,2021,11,12,Friday,4,False,False,True,False,False,False,,False,False,True,False,False,False,45,4,316,49,False,12,False,False,3.0,3.0,3.0,3.0,3.0,4.0,3.0,3.142857142857143,0.07500000000000284,1.0130956404190605
2021-11-13,PROD_014,Sveltus Kettlebell 12kg,Fitness,Pesa Rusa,40,False,3,123.33,2021,11,13,Saturday,5,True,False,False,True,False,False,,False,False,True,False,False,False,45,4,317,48,False,13,False,False,3.0,3.0,3.0,3.0,3.0,3.0,4.0,3.142857142857143,-2.7749999999999986,1.0796638361201087
2021-11-14,PROD_014,Sveltus Kettlebell 12kg,Fitness,Pesa Rusa,40,False,3,123.33,2021,11,14,Sunday,6,True,False,False,False,True,False,,False,False,True,False,False,False,45,4,318,47,False,14,False,False,3.0,3.0,3.0,3.0,3.0,3.0,3.0,3.0,-2.7749999999999986,1.0489028746385438
2021-11-15,PROD_014,Sveltus Kettlebell 12kg,Fitness,Pesa Rusa,40,False,2,82.2,2021,11,15,Monday,0,False,True,False,False,False,False,,False,False,True,False,False,False,46,4,319,46,False,15,False,False,3.0,3.0,3.0,3.0,3.0,3.0,3.0,3.0,-2.7500000000000036,1.0902820762224776
2021-11-16,PROD_014,Sveltus Kettlebell 12kg,Fitness,Pesa Rusa,40,False,3,120.75,2021,11,16,Tuesday,1,False,False,False,False,False,False,,False,False,True,False,False,False,46,4,320,45,False,16,False,False,2.0,3.0,3.0,3.0,3.0,3.0,3.0,2.857142857142857,-0.625,0.9913793103448275
2021-11-17,PROD_014,Sveltus Kettlebell 12kg,Fitness,Pesa Rusa,40,False,2,80.8,2021,11,17,Wednesday,2,False,False,False,False,False,False,,False,False,True,False,False,False,46,4,321,44,False,17,False,False,3.0,2.0,3.0,3.0,3.0,3.0,3.0,2.857142857142857,-0.9999999999999963,1.0983235160851834
2021-11-18,PROD_014,Sveltus Kettlebell 12kg,Fitness,Pesa Rusa,40,False,2,77.7,2021,11,18,Thursday,3,False,False,False,False,False,False,,False,False,True,False,False,False,46,4,322,43,False,18,False,False,2.0,3.0,2.0,3.0,3.0,3.0,3.0,2.7142857142857144,2.8749999999999964,0.9661775677692117
2021-11-19,PROD_014,Sveltus Kettlebell 12kg,Fitness,Pesa Rusa,40,False,3,117.42,2021,11,19,Friday,4,False,False,True,False,False,False,,False,False,True,False,False,False,46,4,323,42,False,19,False,False,2.0,2.0,3.0,2.0,3.0,3.0,3.0,2.5714285714285716,2.1499999999999986,0.9869715054215349
2021-11-20,PROD_014,Sveltus Kettlebell 12kg,Fitness,Pesa Rusa,40,False,3,122.94,2021,11,20,Saturday,5,True,False,False,True,False,False,,False,False,True,False,False,False,46,4,324,41,False,20,False,False,3.0,2.0,2.0,3.0,2.0,3.0,3.0,2.5714285714285716,-2.449999999999992,1.068671766342142
2021-11-21,PROD_014,Sveltus Kettlebell 12kg,Fitness,Pesa Rusa,40,False,3,123.0,2021,11,21,Sunday,6,True,False,False,False,True,False,,False,False,True,False,False,False,46,4,325,40,False,21,False,False,3.0,3.0,2.0,2.0,3.0,2.0,3.0,2.5714285714285716,-2.5,1.0273114507642194
2021-11-22,PROD_014,Sveltus Kettlebell 12kg,Fitness,Pesa Rusa,40,False,2,77.86,2021,11,22,Monday,0,False,True,False,False,False,False,,False,False,True,False,False,False,47,4,326,39,False,22,False,False,3.0,3.0,3.0,2.0,2.0,3.0,2.0,2.5714285714285716,2.6750000000000007,1.0244736842105262
2021-11-23,PROD_014,Sveltus Kettlebell 12kg,Fitness,Pesa Rusa,40,False,4,158.52,2021,11,23,Tuesday,1,False,False,False,False,False,False,,False,False,True,False,False,False,47,4,327,38,False,23,False,False,2.0,3.0,3.0,3.0,2.0,2.0,3.0,2.5714285714285716,0.9249999999999935,1.0183297644539615
2021-11-24,PROD_014,Sveltus Kettlebell 12kg,Fitness,Pesa Rusa,40,False,3,122.04,2021,11,24,Wednesday,2,False,False,False,False,False,False,,False,False,True,False,False,False,47,4,328,37,False,24,False,False,4.0,2.0,3.0,3.0,3.0,2.0,2.0,2.7142857142857144,-1.6999999999999995,1.0330116810563736
2021-11-25,PROD_014,Sveltus Kettlebell 12kg,Fitness,Pesa Rusa,40,False,4,161.04,2021,11,25,Thursday,3,False,False,False,False,False,False,,False,False,True,False,False,False,47,4,329,36,False,25,False,False,3.0,4.0,2.0,3.0,3.0,3.0,2.0,2.857142857142857,-0.649999999999995,1.0908598265895952
2021-11-26,PROD_014,Sveltus Kettlebell 12kg,Fitness,Pesa Rusa,40,False,14,504.0,2021,11,26,Friday,4,False,False,True,False,False,False,,True,False,True,False,False,False,47,4,330,35,False,26,False,False,4.0,3.0,4.0,2.0,3.0,3.0,3.0,3.142857142857143,10.0,1.0698365527488856
2021-11-27,PROD_014,Sveltus Kettlebell 12kg,Fitness,Pesa Rusa,40,False,14,515.2,2021,11,27,Saturday,5,True,False,False,True,False,False,,False,False,True,False,False,False,47,4,331,34,False,27,False,False,14.0,4.0,3.0,4.0,2.0,3.0,3.0,4.714285714285714,8.000000000000007,0.9174006980222701
2021-11-28,PROD_014,Sveltus Kettlebell 12kg,Fitness,Pesa Rusa,40,False,14,515.2,2021,11,28,Sunday,6,True,False,False,False,True,False,,False,False,True,False,False,False,47,4,332,33,False,28,True,False,14.0,14.0,4.0,3.0,4.0,2.0,3.0,6.285714285714286,8.000000000000007,0.9500860585197936
2021-11-29,PROD_014,Sveltus Kettlebell 12kg,Fitness,Pesa Rusa,40,False,9,324.0,2021,11,29,Monday,0,False,True,False,False,False,False,,False,True,True,False,False,False,48,4,333,32,False,29,True,False,14.0,14.0,14.0,4.0,3.0,4.0,2.0,7.857142857142857,10.0,0.9375813872732007
2021-11-30,PROD_014,Sveltus Kettlebell 12kg,Fitness,Pesa Rusa,40,False,6,228.0,2021,11,30,Tuesday,1,False,False,False,False,False,False,,False,False,True,False,False,False,48,4,334,31,False,30,True,False,9.0,14.0,14.0,14.0,4.0,3.0,4.0,8.857142857142858,5.0,1.0021978021978022
2022-10-25,PROD_014,Sveltus Kettlebell 12kg,Fitness,Pesa Rusa,40,False,2,79.56,2022,10,25,Tuesday,1,False,False,False,False,False,False,,False,False,False,False,False,False,43,4,298,67,True,25,False,False,6.0,9.0,14.0,14.0,14.0,4.0,3.0,9.142857142857142,0.5499999999999972,1.0000000000000002
2022-10-26,PROD_014,Sveltus Kettlebell 12kg,Fitness,Pesa Rusa,40,False,3,120.99,2022,10,26,Wednesday,2,False,False,False,False,False,False,,False,False,False,False,False,False,43,4,299,66,True,26,False,False,2.0,6.0,9.0,14.0,14.0,14.0,4.0,9.0,-0.8249999999999957,1.0024026512013255
2022-10-27,PROD_014,Sveltus Kettlebell 12kg,Fitness,Pesa Rusa,40,False,2,79.76,2022,10,27,Thursday,3,False,False,False,False,False,False,,False,False,False,False,False,False,43,4,300,65,True,27,False,False,3.0,2.0,6.0,9.0,14.0,14.0,14.0,8.857142857142858,0.2999999999999936,1.0352167517521849
2022-10-28,PROD_014,Sveltus Kettlebell 12kg,Fitness,Pesa Rusa,40,False,3,116.61,2022,10,28,Friday,4,False,False,True,False,False,False,,False,False,False,False,False,False,43,4,301,64,True,28,True,False,2.0,3.0,2.0,6.0,9.0,14.0,14.0,7.142857142857143,2.8250000000000064,0.9925100008511362
2022-10-29,PROD_014,Sveltus Kettlebell 12kg,Fitness,Pesa Rusa,40,False,3,118.14,2022,10,29,Saturday,5,True,False,False,True,False,False,,False,False,False,False,False,False,43,4,302,63,True,29,True,False,3.0,2.0,3.0,2.0,6.0,9.0,14.0,5.571428571428571,1.5499999999999936,0.9943607440451141
2022-10-30,PROD_014,Sveltus Kettlebell 12kg,Fitness,Pesa Rusa,40,False,3,116.49,2022,10,30,Sunday,6,True,False,False,False,True,False,,False,False,False,False,False,False,43,4,303,62,True,30,True,False,3.0,3.0,2.0,3.0,2.0,6.0,9.0,4.0,2.9250000000000043,0.9966632443531827
2022-10-31,PROD_014,Sveltus Kettlebell 12kg,Fitness,Pesa Rusa,40,False,2,80.96,2022,10,31,Monday,0,False,True,False,False,False,False,,False,False,False,False,False,False,44,4,304,61,True,31,True,False,3.0,3.0,3.0,2.0,3.0,2.0,6.0,3.142857142857143,-1.1999999999999922,1.0242051109049506
2022-11-01,PROD_014,Sveltus Kettlebell 12kg,Fitness,Pesa Rusa,40,False,3,118.14,2022,11,1,Tuesday,1,False,False,False,False,False,True,Todos los Santos,False,False,True,False,False,False,44,4,305,60,False,1,False,True,2.0,3.0,3.0,3.0,2.0,3.0,2.0,2.5714285714285716,1.5499999999999936,1.0290044421217663
2022-11-02,PROD_014,Sveltus Kettlebell 12kg,Fitness,Pesa Rusa,40,False,3,120.87,2022,11,2,Wednesday,2,False,False,False,False,False,False,,False,False,True,False,False,False,44,4,306,59,False,2,False,True,3.0,2.0,3.0,3.0,3.0,2.0,3.0,2.7142857142857144,-0.7249999999999979,1.0464029088390616
2022-11-03,PROD_014,Sveltus Kettlebell 12kg,Fitness,Pesa Rusa,40,False,3,118.68,2022,11,3,Thursday,3,False,False,False,False,False,False,,False,False,True,False,False,False,44,4,307,58,False,3,False,True,3.0,3.0,2.0,3.0,3.0,3.0,2.0,2.7142857142857144,1.0999999999999943,1.0310138128746416
2022-11-04,PROD_014,Sveltus Kettlebell 12kg,Fitness,Pesa Rusa,40,False,3,118.68,2022,11,4,Friday,4,False,False,True,False,False,False,,False,False,True,False,False,False,44,4,308,57,False,4,False,False,3.0,3.0,3.0,2.0,3.0,3.0,3.0,2.857142857142857,1.0999999999999943,1.0144456791178735
2022-11-05,PROD_014,Sveltus Kettlebell 12kg,Fitness,Pesa Rusa,40,False,4,156.84,2022,11,5,Saturday,5,True,False,False,True,False,False,,False,False,True,False,False,False,44,4,309,56,False,5,False,False,3.0,3.0,3.0,3.0,2.0,3.0,3.0,2.857142857142857,1.9749999999999979,0.9984721161191751
2022-11-06,PROD_014,Sveltus Kettlebell 12kg,Fitness,Pesa Rusa,40,False,3,118.29,2022,11,6,Sunday,6,True,False,False,False,True,False,,False,False,True,False,False,False,44,4,310,55,False,6,False,False,4.0,3.0,3.0,3.0,3.0,2.0,3.0,3.0,1.4250000000000007,1.0188630490956074
2022-11-07,PROD_014,Sveltus Kettlebell 12kg,Fitness,Pesa Rusa,40,False,3,119.58,2022,11,7,Monday,0,False,True,False,False,False,False,,False,False,True,False,False,False,45,4,311,54,False,7,False,False,3.0,4.0,3.0,3.0,3.0,3.0,2.0,3.0,0.3500000000000014,1.0566404524167183
2022-11-08,PROD_014,Sveltus Kettlebell 12kg,Fitness,Pesa Rusa,40,False,3,117.21,2022,11,8,Tuesday,1,False,False,False,False,False,False,,False,False,True,False,False,False,45,4,312,53,False,8,False,False,3.0,3.0,4.0,3.0,3.0,3.0,3.0,3.142857142857143,2.3249999999999993,1.004972991511618
2022-11-09,PROD_014,Sveltus Kettlebell 12kg,Fitness,Pesa Rusa,40,False,3,116.88,2022,11,9,Wednesday,2,False,False,False,False,False,False,,False,False,True,False,False,False,45,4,313,52,False,9,False,False,3.0,3.0,3.0,4.0,3.0,3.0,3.0,3.142857142857143,2.599999999999998,0.9965893587994543
2022-11-10,PROD_014,Sveltus Kettlebell 12kg,Fitness,Pesa Rusa,40,False,3,118.71,2022,11,10,Thursday,3,False,False,False,False,False,False,,False,False,True,False,False,False,45,4,314,51,False,10,False,False,3.0,3.0,3.0,3.0,4.0,3.0,3.0,3.142857142857143,1.0749999999999993,1.0306476818892167
2022-11-11,PROD_014,Sveltus Kettlebell 12kg,Fitness,Pesa Rusa,40,False,3,117.45,2022,11,11,Friday,4,False,False,True,False,False,False,,False,False,True,False,False,False,45,4,315,50,False,11,False,False,3.0,3.0,3.0,3.0,3.0,4.0,3.0,3.142857142857143,2.1250000000000036,1.01494987901832
2022-11-12,PROD_014,Sveltus Kettlebell 12kg,Fitness,Pesa Rusa,40,False,4,164.32,2022,11,12,Saturday,5,True,False,False,True,False,False,,False,False,True,False,False,False,45,4,316,49,False,12,False,False,3.0,3.0,3.0,3.0,3.0,3.0,4.0,3.142857142857143,-2.6999999999999957,1.0443182781120244
2022-11-13,PROD_014,Sveltus Kettlebell 12kg,Fitness,Pesa Rusa,40,False,3,116.43,2022,11,13,Sunday,6,True,False,False,False,True,False,,False,False,True,False,False,False,45,4,317,48,False,13,False,False,4.0,3.0,3.0,3.0,3.0,3.0,3.0,3.142857142857143,2.9749999999999943,0.9956387891226272
2022-11-14,PROD_014,Sveltus Kettlebell 12kg,Fitness,Pesa Rusa,40,False,2,82.36,2022,11,14,Monday,0,False,True,False,False,False,False,,False,False,True,False,False,False,46,4,318,47,False,14,False,False,3.0,4.0,3.0,3.0,3.0,3.0,3.0,3.142857142857143,-2.9499999999999993,1.0593380209226548
2022-11-15,PROD_014,Sveltus Kettlebell 12kg,Fitness,Pesa Rusa,40,False,3,123.24,2022,11,15,Tuesday,1,False,False,False,False,False,False,,False,False,True,False,False,False,46,4,319,46,False,15,False,False,2.0,3.0,4.0,3.0,3.0,3.0,3.0,3.0,-2.6999999999999957,1.0410542321338063
2022-11-16,PROD_014,Sveltus Kettlebell 12kg,Fitness,Pesa Rusa,40,False,3,122.22,2022,11,16,Wednesday,2,False,False,False,False,False,False,,False,False,True,False,False,False,46,4,320,45,False,16,False,False,3.0,2.0,3.0,4.0,3.0,3.0,3.0,3.0,-1.8500000000000052,1.0290477393281132
2022-11-17,PROD_014,Sveltus Kettlebell 12kg,Fitness,Pesa Rusa,40,False,3,120.6,2022,11,17,Thursday,3,False,False,False,False,False,False,,False,False,True,False,False,False,46,4,321,44,False,17,False,False,3.0,3.0,2.0,3.0,4.0,3.0,3.0,3.0,-0.5000000000000071,1.0476935105551213
2022-11-18,PROD_014,Sveltus Kettlebell 12kg,Fitness,Pesa Rusa,40,False,3,118.02,2022,11,18,Friday,4,False,False,True,False,False,False,,False,False,True,False,False,False,46,4,322,43,False,18,False,False,3.0,3.0,3.0,2.0,3.0,4.0,3.0,3.0,1.6499999999999915,1.0168002067717758
2022-11-19,PROD_014,Sveltus Kettlebell 12kg,Fitness,Pesa Rusa,40,False,4,158.56,2022,11,19,Saturday,5,True,False,False,True,False,False,,False,False,True,False,False,False,46,4,323,42,False,19,False,False,3.0,3.0,3.0,3.0,2.0,3.0,4.0,3.0,0.8999999999999986,1.0274753758424056
2022-11-20,PROD_014,Sveltus Kettlebell 12kg,Fitness,Pesa Rusa,40,False,3,123.21,2022,11,20,Sunday,6,True,False,False,False,True,False,,False,False,True,False,False,False,46,4,324,41,False,20,False,False,4.0,3.0,3.0,3.0,3.0,2.0,3.0,3.0,-2.6750000000000007,1.0173396086202626
2022-11-21,PROD_014,Sveltus Kettlebell 12kg,Fitness,Pesa Rusa,40,False,3,123.48,2022,11,21,Monday,0,False,True,False,False,False,False,,False,False,True,False,False,False,47,4,325,40,False,21,False,False,3.0,4.0,3.0,3.0,3.0,3.0,2.0,3.0,-2.8999999999999915,1.0459088599017448
2022-11-22,PROD_014,Sveltus Kettlebell 12kg,Fitness,Pesa Rusa,40,False,3,120.75,2022,11,22,Tuesday,1,False,False,False,False,False,False,,False,False,True,False,False,False,47,4,326,39,False,22,False,False,3.0,3.0,4.0,3.0,3.0,3.0,3.0,3.142857142857143,-0.625,1.0438278008298754
2022-11-23,PROD_014,Sveltus Kettlebell 12kg,Fitness,Pesa Rusa,40,False,3,119.76,2022,11,23,Wednesday,2,False,False,False,False,False,False,,False,False,True,False,False,False,47,4,327,38,False,23,False,False,3.0,3.0,3.0,4.0,3.0,3.0,3.0,3.142857142857143,0.19999999999999576,1.0259573374453868
2022-11-24,PROD_014,Sveltus Kettlebell 12kg,Fitness,Pesa Rusa,40,False,4,161.12,2022,11,24,Thursday,3,False,False,False,False,False,False,,False,False,True,False,False,False,47,4,328,37,False,24,False,False,3.0,3.0,3.0,3.0,4.0,3.0,3.0,3.142857142857143,-0.7000000000000028,1.0564784053156147
2022-11-25,PROD_014,Sveltus Kettlebell 12kg,Fitness,Pesa Rusa,40,False,15,540.0,2022,11,25,Friday,4,False,False,True,False,False,False,,True,False,True,False,False,False,47,4,329,36,False,25,False,False,4.0,3.0,3.0,3.0,3.0,4.0,3.0,3.2857142857142856,10.0,1.0532475131655938
2022-11-26,PROD_014,Sveltus Kettlebell 12kg,Fitness,Pesa Rusa,40,False,18,662.4,2022,11,26,Saturday,5,True,False,False,True,False,False,,False,False,True,False,False,False,47,4,330,35,False,26,False,False,15.0,4.0,3.0,3.0,3.0,3.0,4.0,5.0,8.000000000000007,0.9577513663572481
2022-11-27,PROD_014,Sveltus Kettlebell 12kg,Fitness,Pesa Rusa,40,False,13,478.4,2022,11,27,Sunday,6,True,False,False,False,True,False,,False,False,True,False,False,False,47,4,331,34,False,27,False,False,18.0,15.0,4.0,3.0,3.0,3.0,3.0,7.0,8.000000000000007,0.96579476861167
2022-11-28,PROD_014,Sveltus Kettlebell 12kg,Fitness,Pesa Rusa,40,False,16,576.0,2022,11,28,Monday,0,False,True,False,False,False,False,,False,True,True,False,False,False,48,4,332,33,False,28,True,False,13.0,18.0,15.0,4.0,3.0,3.0,3.0,8.428571428571429,10.0,0.8985772526832515
2022-11-29,PROD_014,Sveltus Kettlebell 12kg,Fitness,Pesa Rusa,40,False,7,266.0,2022,11,29,Tuesday,1,False,False,False,False,False,False,,False,False,True,False,False,False,48,4,333,32,False,29,True,False,16.0,13.0,18.0,15.0,4.0,3.0,3.0,10.285714285714286,5.0,0.9551738583996648
2022-11-30,PROD_014,Sveltus Kettlebell 12kg,Fitness,Pesa Rusa,40,False,7,266.0,2022,11,30,Wednesday,2,False,False,False,False,False,False,,False,False,True,False,False,False,48,4,334,31,False,30,True,False,7.0,16.0,13.0,18.0,15.0,4.0,3.0,10.857142857142858,5.0,0.984626014855761
2023-10-25,PROD_014,Sveltus Kettlebell 12kg,Fitness,Pesa Rusa,40,False,3,118.98,2023,10,25,Wednesday,2,False,False,False,False,False,False,,False,False,False,False,False,False,43,4,298,67,True,25,False,False,7.0,7.0,16.0,13.0,18.0,15.0,4.0,11.428571428571429,0.8500000000000085,1.0226921093347086
2023-10-26,PROD_014,Sveltus Kettlebell 12kg,Fitness,Pesa Rusa,40,False,3,120.54,2023,10,26,Thursday,3,False,False,False,False,False,False,,False,False,False,False,False,False,43,4,299,66,True,26,False,False,3.0,7.0,7.0,16.0,13.0,18.0,15.0,11.285714285714286,-0.4499999999999993,1.0019117280359073
2023-10-27,PROD_014,Sveltus Kettlebell 12kg,Fitness,Pesa Rusa,40,False,3,122.01,2023,10,27,Friday,4,False,False,True,False,False,False,,False,False,False,False,False,False,43,4,300,65,True,27,False,False,3.0,3.0,7.0,7.0,16.0,13.0,18.0,9.571428571428571,-1.6750000000000043,1.04290965039747
2023-10-28,PROD_014,Sveltus Kettlebell 12kg,Fitness,Pesa Rusa,40,False,4,156.0,2023,10,28,Saturday,5,True,False,False,True,False,False,,False,False,False,False,False,False,43,4,301,64,True,28,True,False,3.0,3.0,3.0,7.0,7.0,16.0,13.0,7.428571428571429,2.5,1.04688618468146
2023-10-29,PROD_014,Sveltus Kettlebell 12kg,Fitness,Pesa Rusa,40,False,3,118.35,2023,10,29,Sunday,6,True,False,False,False,True,False,,False,False,False,False,False,False,43,4,302,63,True,29,True,False,4.0,3.0,3.0,3.0,7.0,7.0,16.0,6.142857142857143,1.374999999999993,1.0278791036998436
2023-10-30,PROD_014,Sveltus Kettlebell 12kg,Fitness,Pesa Rusa,40,False,3,116.91,2023,10,30,Monday,0,False,True,False,False,False,False,,False,False,False,False,False,False,44,4,303,62,True,30,True,False,3.0,4.0,3.0,3.0,3.0,7.0,7.0,4.285714285714286,2.575000000000003,0.9873321510007601
2023-10-31,PROD_014,Sveltus Kettlebell 12kg,Fitness,Pesa Rusa,40,False,3,122.49,2023,10,31,Tuesday,1,False,False,False,False,False,False,,False,False,False,False,False,False,44,4,304,61,True,31,True,False,3.0,3.0,4.0,3.0,3.0,3.0,7.0,3.7142857142857144,-2.0749999999999957,1.0488055484202412
2023-11-01,PROD_014,Sveltus Kettlebell 12kg,Fitness,Pesa Rusa,40,False,3,118.29,2023,11,1,Wednesday,2,False,False,False,False,False,True,Todos los Santos,False,False,True,False,False,False,44,4,305,60,False,1,False,True,3.0,3.0,3.0,4.0,3.0,3.0,3.0,3.142857142857143,1.4250000000000007,1.0029676106494827
2023-11-02,PROD_014,Sveltus Kettlebell 12kg,Fitness,Pesa Rusa,40,False,3,122.1,2023,11,2,Thursday,3,False,False,False,False,False,False,,False,False,True,False,False,False,44,4,306,59,False,2,False,True,3.0,3.0,3.0,3.0,4.0,3.0,3.0,3.142857142857143,-1.750000000000007,1.0336945479173723
2023-11-03,PROD_014,Sveltus Kettlebell 12kg,Fitness,Pesa Rusa,40,False,3,121.11,2023,11,3,Friday,4,False,False,True,False,False,False,,False,False,True,False,False,False,44,4,307,58,False,3,False,True,3.0,3.0,3.0,3.0,3.0,4.0,3.0,3.142857142857143,-0.9249999999999935,1.0517585757707337
2023-11-04,PROD_014,Sveltus Kettlebell 12kg,Fitness,Pesa Rusa,40,False,4,155.84,2023,11,4,Saturday,5,True,False,False,True,False,False,,False,False,True,False,False,False,44,4,308,57,False,4,False,False,3.0,3.0,3.0,3.0,3.0,3.0,4.0,3.142857142857143,2.599999999999998,0.97996143204494
2023-11-05,PROD_014,Sveltus Kettlebell 12kg,Fitness,Pesa Rusa,40,False,4,156.84,2023,11,5,Sunday,6,True,False,False,False,True,False,,False,False,True,False,False,False,44,4,309,56,False,5,False,False,4.0,3.0,3.0,3.0,3.0,3.0,3.0,3.142857142857143,1.9749999999999979,1.0158031088082902
2023-11-06,PROD_014,Sveltus Kettlebell 12kg,Fitness,Pesa Rusa,40,False,3,122.13,2023,11,6,Monday,0,False,True,False,False,False,False,,False,False,True,False,False,False,45,4,310,55,False,6,False,False,4.0,4.0,3.0,3.0,3.0,3.0,3.0,3.2857142857142856,-1.7750000000000024,1.042598599965853
2023-11-07,PROD_014,Sveltus Kettlebell 12kg,Fitness,Pesa Rusa,40,False,3,122.88,2023,11,7,Tuesday,1,False,False,False,False,False,False,,False,False,True,False,False,False,45,4,311,54,False,7,False,False,3.0,4.0,4.0,3.0,3.0,3.0,3.0,3.2857142857142856,-2.400000000000002,1.071877180739707
2023-11-08,PROD_014,Sveltus Kettlebell 12kg,Fitness,Pesa Rusa,40,False,3,116.49,2023,11,8,Wednesday,2,False,False,False,False,False,False,,False,False,True,False,False,False,45,4,312,53,False,8,False,False,3.0,3.0,4.0,4.0,3.0,3.0,3.0,3.2857142857142856,2.9250000000000043,1.014544504441735
2023-11-09,PROD_014,Sveltus Kettlebell 12kg,Fitness,Pesa Rusa,40,False,3,117.99,2023,11,9,Thursday,3,False,False,False,False,False,False,,False,False,True,False,False,False,45,4,313,52,False,9,False,False,3.0,3.0,3.0,4.0,4.0,3.0,3.0,3.2857142857142856,1.6750000000000043,0.9857142857142857
2023-11-10,PROD_014,Sveltus Kettlebell 12kg,Fitness,Pesa Rusa,40,False,4,159.76,2023,11,10,Friday,4,False,False,True,False,False,False,,False,False,True,False,False,False,45,4,314,51,False,10,False,False,3.0,3.0,3.0,3.0,4.0,4.0,3.0,3.2857142857142856,0.15000000000000568,1.0133626522327468
2023-11-11,PROD_014,Sveltus Kettlebell 12kg,Fitness,Pesa Rusa,40,False,3,123.24,2023,11,11,Saturday,5,True,False,False,True,False,False,,False,False,True,False,False,False,45,4,315,50,False,11,False,False,4.0,3.0,3.0,3.0,3.0,4.0,4.0,3.4285714285714284,-2.6999999999999957,1.0674750974447813
2023-11-12,PROD_014,Sveltus Kettlebell 12kg,Fitness,Pesa Rusa,40,False,3,119.64,2023,11,12,Sunday,6,True,False,False,False,True,False,,False,False,True,False,False,False,45,4,316,49,False,12,False,False,3.0,4.0,3.0,3.0,3.0,3.0,4.0,3.2857142857142856,0.2999999999999936,1.0297813737304184
2023-11-13,PROD_014,Sveltus Kettlebell 12kg,Fitness,Pesa Rusa,40,False,3,120.21,2023,11,13,Monday,0,False,True,False,False,False,False,,False,False,True,False,False,False,46,4,317,48,False,13,False,False,3.0,3.0,4.0,3.0,3.0,3.0,3.0,3.142857142857143,-0.1750000000000007,1.0014161946017994
2023-11-14,PROD_014,Sveltus Kettlebell 12kg,Fitness,Pesa Rusa,40,False,4,162.0,2023,11,14,Tuesday,1,False,False,False,False,False,False,,False,False,True,False,False,False,46,4,318,47,False,14,False,False,3.0,3.0,3.0,4.0,3.0,3.0,3.0,3.142857142857143,-1.25,1.0651354431489437
2023-11-15,PROD_014,Sveltus Kettlebell 12kg,Fitness,Pesa Rusa,40,False,3,122.4,2023,11,15,Wednesday,2,False,False,False,False,False,False,,False,False,True,False,False,False,46,4,319,46,False,15,False,False,4.0,3.0,3.0,3.0,4.0,3.0,3.0,3.2857142857142856,-1.9999999999999927,1.017371789543679
2023-11-16,PROD_014,Sveltus Kettlebell 12kg,Fitness,Pesa Rusa,40,False,3,119.43,2023,11,16,Thursday,3,False,False,False,False,False,False,,False,False,True,False,False,False,46,4,320,45,False,16,False,False,3.0,4.0,3.0,3.0,3.0,4.0,3.0,3.2857142857142856,0.47499999999999437,0.9954159026504418
2023-11-17,PROD_014,Sveltus Kettlebell 12kg,Fitness,Pesa Rusa,40,False,4,160.6,2023,11,17,Friday,4,False,False,True,False,False,False,,False,False,True,False,False,False,46,4,321,44,False,17,False,False,3.0,3.0,4.0,3.0,3.0,3.0,4.0,3.2857142857142856,-0.37499999999999645,1.0867015517863587
2023-11-18,PROD_014,Sveltus Kettlebell 12kg,Fitness,Pesa Rusa,40,False,4,161.48,2023,11,18,Saturday,5,True,False,False,True,False,False,,False,False,True,False,False,False,46,4,322,43,False,18,False,False,4.0,3.0,3.0,4.0,3.0,3.0,3.0,3.2857142857142856,-0.9249999999999935,1.0173036539269213
2023-11-19,PROD_014,Sveltus Kettlebell 12kg,Fitness,Pesa Rusa,40,False,3,118.68,2023,11,19,Sunday,6,True,False,False,False,True,False,,False,False,True,False,False,False,46,4,323,42,False,19,False,False,4.0,4.0,3.0,3.0,4.0,3.0,3.0,3.4285714285714284,1.0999999999999943,0.9960553923625683
2023-11-20,PROD_014,Sveltus Kettlebell 12kg,Fitness,Pesa Rusa,40,False,4,160.76,2023,11,20,Monday,0,False,True,False,False,False,False,,False,False,True,False,False,False,47,4,324,41,False,20,False,False,3.0,4.0,4.0,3.0,3.0,4.0,3.0,3.4285714285714284,-0.47499999999999437,1.0494385934372008
2023-11-21,PROD_014,Sveltus Kettlebell 12kg,Fitness,Pesa Rusa,40,False,4,155.36,2023,11,21,Tuesday,1,False,False,False,False,False,False,,False,False,True,False,False,False,47,4,325,40,False,21,False,False,4.0,3.0,4.0,4.0,3.0,3.0,4.0,3.5714285714285716,2.8999999999999915,0.9873739513600543
2023-11-22,PROD_014,Sveltus Kettlebell 12kg,Fitness,Pesa Rusa,40,False,5,200.15,2023,11,22,Wednesday,2,False,False,False,False,False,False,,False,False,True,False,False,False,47,4,326,39,False,22,False,False,4.0,4.0,3.0,4.0,4.0,3.0,3.0,3.5714285714285716,-0.07500000000000284,1.0230874084171069
2023-11-23,PROD_014,Sveltus Kettlebell 12kg,Fitness,Pesa Rusa,40,False,4,158.12,2023,11,23,Thursday,3,False,False,False,False,False,False,,False,False,True,False,False,False,47,4,327,38,False,23,False,False,5.0,4.0,4.0,3.0,4.0,4.0,3.0,3.857142857142857,1.1749999999999972,1.0002530364372468
2023-11-24,PROD_014,Sveltus Kettlebell 12kg,Fitness,Pesa Rusa,40,False,17,612.0,2023,11,24,Friday,4,False,False,True,False,False,False,,True,False,True,False,False,False,47,4,328,37,False,24,False,False,4.0,5.0,4.0,4.0,3.0,4.0,4.0,4.0,10.0,1.0395610742131098
2023-11-25,PROD_014,Sveltus Kettlebell 12kg,Fitness,Pesa Rusa,40,False,15,552.0,2023,11,25,Saturday,5,True,False,False,True,False,False,,False,False,True,False,False,False,47,4,329,36,False,25,False,False,17.0,4.0,5.0,4.0,4.0,3.0,4.0,5.857142857142857,8.000000000000007,0.9088663867621634
2023-11-26,PROD_014,Sveltus Kettlebell 12kg,Fitness,Pesa Rusa,40,False,13,478.4,2023,11,26,Sunday,6,True,False,False,False,True,False,,False,False,True,False,False,False,47,4,330,35,False,26,False,False,15.0,17.0,4.0,5.0,4.0,4.0,3.0,7.428571428571429,8.000000000000007,0.9637712789175031
2023-11-27,PROD_014,Sveltus Kettlebell 12kg,Fitness,Pesa Rusa,40,False,10,360.0,2023,11,27,Monday,0,False,True,False,False,False,False,,False,True,True,False,False,False,48,4,331,34,False,27,False,False,13.0,15.0,17.0,4.0,5.0,4.0,4.0,8.857142857142858,10.0,0.9100867953147384
2023-11-28,PROD_014,Sveltus Kettlebell 12kg,Fitness,Pesa Rusa,40,False,9,342.0,2023,11,28,Tuesday,1,False,False,False,False,False,False,,False,False,True,False,False,False,48,4,332,33,False,28,True,False,10.0,13.0,15.0,17.0,4.0,5.0,4.0,9.714285714285714,5.0,0.9803078510620001
2023-11-29,PROD_014,Sveltus Kettlebell 12kg,Fitness,Pesa Rusa,40,False,10,380.0,2023,11,29,Wednesday,2,False,False,False,False,False,False,,False,False,True,False,False,False,48,4,333,32,False,29,True,False,9.0,10.0,13.0,15.0,17.0,4.0,5.0,10.428571428571429,5.0,0.9630818619582664
2023-11-30,PROD_014,Sveltus Kettlebell 12kg,Fitness,Pesa Rusa,40,False,3,120.0,2023,11,30,Thursday,3,False,False,False,False,False,False,,False,False,True,False,False,False,48,4,334,31,False,30,True,False,10.0,9.0,10.0,13.0,15.0,17.0,4.0,11.142857142857142,0.0,1.0423000086858334
2024-10-25,PROD_014,Sveltus Kettlebell 12kg,Fitness,Pesa Rusa,40,False,3,118.5,2024,10,25,Friday,4,False,False,True,False,False,False,,False,False,False,False,False,False,43,4,299,67,True,25,False,False,3.0,10.0,9.0,10.0,13.0,15.0,17.0,11.0,1.25,1.0123878684322938
2024-10-26,PROD_014,Sveltus Kettlebell 12kg,Fitness,Pesa Rusa,40,False,3,119.91,2024,10,26,Saturday,5,True,False,False,True,False,False,,False,False,False,False,False,False,43,4,300,66,True,26,False,False,3.0,3.0,10.0,9.0,10.0,13.0,15.0,9.0,0.07500000000000284,1.0343310618476667
2024-10-27,PROD_014,Sveltus Kettlebell 12kg,Fitness,Pesa Rusa,40,False,3,123.15,2024,10,27,Sunday,6,True,False,False,False,True,False,,False,False,False,False,False,False,43,4,301,65,True,27,False,False,3.0,3.0,3.0,10.0,9.0,10.0,13.0,7.285714285714286,-2.624999999999993,1.0814964433125491
2024-10-28,PROD_014,Sveltus Kettlebell 12kg,Fitness,Pesa Rusa,40,False,3,117.57,2024,10,28,Monday,0,False,True,False,False,False,False,,False,False,False,False,False,False,44,4,302,64,True,28,True,False,3.0,3.0,3.0,3.0,10.0,9.0,10.0,5.857142857142857,2.0250000000000057,1.0362242199894236
2024-10-29,PROD_014,Sveltus Kettlebell 12kg,Fitness,Pesa Rusa,40,False,3,120.0,2024,10,29,Tuesday,1,False,False,False,False,False,False,,False,False,False,False,False,False,44,4,303,63,True,29,True,False,3.0,3.0,3.0,3.0,3.0,10.0,9.0,4.857142857142857,0.0,1.029247791405781
2024-10-30,PROD_014,Sveltus Kettlebell 12kg,Fitness,Pesa Rusa,40,False,3,117.81,2024,10,30,Wednesday,2,False,False,False,False,False,False,,False,False,False,False,False,False,44,4,304,62,True,30,True,False,3.0,3.0,3.0,3.0,3.0,3.0,10.0,4.0,1.8249999999999922,1.0231891610213655
2024-10-31,PROD_014,Sveltus Kettlebell 12kg,Fitness,Pesa Rusa,40,False,2,78.52,2024,10,31,Thursday,3,False,False,False,False,False,False,,False,False,False,False,False,False,44,4,305,61,True,31,True,False,3.0,3.0,3.0,3.0,3.0,3.0,3.0,3.0,1.8500000000000052,1.0336112329969285
2024-11-01,PROD_014,Sveltus Kettlebell 12kg,Fitness,Pesa Rusa,40,False,5,198.9,2024,11,1,Friday,4,False,False,True,False,False,True,Todos los Santos,False,False,True,False,False,False,44,4,306,60,False,1,False,True,2.0,3.0,3.0,3.0,3.0,3.0,3.0,2.857142857142857,0.5499999999999972,1.0206979131029763
2024-11-02,PROD_014,Sveltus Kettlebell 12kg,Fitness,Pesa Rusa,40,False,4,159.16,2024,11,2,Saturday,5,True,False,False,True,False,False,,False,False,True,False,False,False,44,4,307,59,False,2,False,True,5.0,2.0,3.0,3.0,3.0,3.0,3.0,3.142857142857143,0.5250000000000021,1.012210633426609
2024-11-03,PROD_014,Sveltus Kettlebell 12kg,Fitness,Pesa Rusa,40,False,3,121.05,2024,11,3,Sunday,6,True,False,False,False,True,False,,False,False,True,False,False,False,44,4,308,58,False,3,False,True,4.0,5.0,2.0,3.0,3.0,3.0,3.0,3.2857142857142856,-0.8750000000000036,1.0479612154791793
2024-11-04,PROD_014,Sveltus Kettlebell 12kg,Fitness,Pesa Rusa,40,False,4,164.08,2024,11,4,Monday,0,False,True,False,False,False,False,,False,False,True,False,False,False,45,4,309,57,False,4,False,False,3.0,4.0,5.0,2.0,3.0,3.0,3.0,3.2857142857142856,-2.550000000000008,1.0751354184868076
2024-11-05,PROD_014,Sveltus Kettlebell 12kg,Fitness,Pesa Rusa,40,False,3,119.37,2024,11,5,Tuesday,1,False,False,False,False,False,False,,False,False,True,False,False,False,45,4,310,56,False,5,False,False,4.0,3.0,4.0,5.0,2.0,3.0,3.0,3.4285714285714284,0.5250000000000021,1.004882565872548
2024-11-06,PROD_014,Sveltus Kettlebell 12kg,Fitness,Pesa Rusa,40,False,3,116.61,2024,11,6,Wednesday,2,False,False,False,False,False,False,,False,False,True,False,False,False,45,4,311,55,False,6,False,False,3.0,4.0,3.0,4.0,5.0,2.0,3.0,3.4285714285714284,2.8250000000000064,0.9702138281054996
2024-11-07,PROD_014,Sveltus Kettlebell 12kg,Fitness,Pesa Rusa,40,False,3,119.19,2024,11,7,Thursday,3,False,False,False,False,False,False,,False,False,True,False,False,False,45,4,312,54,False,7,False,False,3.0,3.0,4.0,3.0,4.0,5.0,2.0,3.4285714285714284,0.6750000000000078,0.9755279096415125
2024-11-08,PROD_014,Sveltus Kettlebell 12kg,Fitness,Pesa Rusa,40,False,4,163.56,2024,11,8,Friday,4,False,False,True,False,False,False,,False,False,True,False,False,False,45,4,313,53,False,8,False,False,3.0,3.0,3.0,4.0,3.0,4.0,5.0,3.5714285714285716,-2.2250000000000014,1.016068914105856
2024-11-09,PROD_014,Sveltus Kettlebell 12kg,Fitness,Pesa Rusa,40,False,4,157.28,2024,11,9,Saturday,5,True,False,False,True,False,False,,False,False,True,False,False,False,45,4,314,52,False,9,False,False,4.0,3.0,3.0,3.0,4.0,3.0,4.0,3.4285714285714284,1.6999999999999995,1.0114035839835378
2024-11-10,PROD_014,Sveltus Kettlebell 12kg,Fitness,Pesa Rusa,40,False,5,195.35,2024,11,10,Sunday,6,True,False,False,False,True,False,,False,False,True,False,False,False,45,4,315,51,False,10,False,False,4.0,4.0,3.0,3.0,3.0,4.0,3.0,3.4285714285714284,2.3249999999999993,1.0135766170875131
2024-11-11,PROD_014,Sveltus Kettlebell 12kg,Fitness,Pesa Rusa,40,False,3,121.05,2024,11,11,Monday,0,False,True,False,False,False,False,,False,False,True,False,False,False,46,4,316,50,False,11,False,False,5.0,4.0,4.0,3.0,3.0,3.0,4.0,3.7142857142857144,-0.8750000000000036,1.0646437994722955
2024-11-12,PROD_014,Sveltus Kettlebell 12kg,Fitness,Pesa Rusa,40,False,3,118.29,2024,11,12,Tuesday,1,False,False,False,False,False,False,,False,False,True,False,False,False,46,4,317,49,False,12,False,False,3.0,5.0,4.0,4.0,3.0,3.0,3.0,3.5714285714285716,1.4250000000000007,1.0326494980357923
2024-11-13,PROD_014,Sveltus Kettlebell 12kg,Fitness,Pesa Rusa,40,False,4,158.6,2024,11,13,Wednesday,2,False,False,False,False,False,False,,False,False,True,False,False,False,46,4,318,48,False,13,False,False,3.0,3.0,5.0,4.0,4.0,3.0,3.0,3.5714285714285716,0.8750000000000036,1.0013469147234615
2024-11-14,PROD_014,Sveltus Kettlebell 12kg,Fitness,Pesa Rusa,40,False,3,118.26,2024,11,14,Thursday,3,False,False,False,False,False,False,,False,False,True,False,False,False,46,4,319,47,False,14,False,False,4.0,3.0,3.0,5.0,4.0,4.0,3.0,3.7142857142857144,1.4499999999999957,0.9942828316798386
2024-11-15,PROD_014,Sveltus Kettlebell 12kg,Fitness,Pesa Rusa,40,False,4,164.64,2024,11,15,Friday,4,False,False,True,False,False,False,,False,False,True,False,False,False,46,4,320,46,False,15,False,False,3.0,4.0,3.0,3.0,5.0,4.0,4.0,3.7142857142857144,-2.8999999999999915,1.0326141495233314
2024-11-16,PROD_014,Sveltus Kettlebell 12kg,Fitness,Pesa Rusa,40,False,5,196.75,2024,11,16,Saturday,5,True,False,False,True,False,False,,False,False,True,False,False,False,46,4,321,45,False,16,False,False,4.0,3.0,4.0,3.0,3.0,5.0,4.0,3.7142857142857144,1.6249999999999967,0.9951947395042995
2024-11-17,PROD_014,Sveltus Kettlebell 12kg,Fitness,Pesa Rusa,40,False,3,121.8,2024,11,17,Sunday,6,True,False,False,False,True,False,,False,False,True,False,False,False,46,4,322,44,False,17,False,False,5.0,4.0,3.0,4.0,3.0,3.0,5.0,3.857142857142857,-1.5000000000000036,1.0271546635182998
2024-11-18,PROD_014,Sveltus Kettlebell 12kg,Fitness,Pesa Rusa,40,False,3,122.25,2024,11,18,Monday,0,False,True,False,False,False,False,,False,False,True,False,False,False,47,4,323,43,False,18,False,False,3.0,5.0,4.0,3.0,4.0,3.0,3.0,3.5714285714285716,-1.875,1.0079149146673263
2024-11-19,PROD_014,Sveltus Kettlebell 12kg,Fitness,Pesa Rusa,40,False,3,119.55,2024,11,19,Tuesday,1,False,False,False,False,False,False,,False,False,True,False,False,False,47,4,324,42,False,19,False,False,3.0,3.0,5.0,4.0,3.0,4.0,3.0,3.5714285714285716,0.37499999999999645,1.0415577626764245
2024-11-20,PROD_014,Sveltus Kettlebell 12kg,Fitness,Pesa Rusa,40,False,3,116.76,2024,11,20,Wednesday,2,False,False,False,False,False,False,,False,False,True,False,False,False,47,4,325,41,False,20,False,False,3.0,3.0,3.0,5.0,4.0,3.0,4.0,3.5714285714285716,2.6999999999999957,0.9984607491021038
2024-11-21,PROD_014,Sveltus Kettlebell 12kg,Fitness,Pesa Rusa,40,False,4,159.72,2024,11,21,Thursday,3,False,False,False,False,False,False,,False,False,True,False,False,False,47,4,326,40,False,21,False,False,3.0,3.0,3.0,3.0,5.0,4.0,3.0,3.4285714285714284,0.1750000000000007,1.0476648591918838
2024-11-22,PROD_014,Sveltus Kettlebell 12kg,Fitness,Pesa Rusa,40,False,3,117.48,2024,11,22,Friday,4,False,False,True,False,False,False,,False,False,True,False,False,False,47,4,327,39,False,22,False,False,4.0,3.0,3.0,3.0,3.0,5.0,4.0,3.5714285714285716,2.1000000000000085,1.04296875
2024-11-23,PROD_014,Sveltus Kettlebell 12kg,Fitness,Pesa Rusa,40,False,6,236.22,2024,11,23,Saturday,5,True,False,False,True,False,False,,False,False,True,False,False,False,47,4,328,38,False,23,False,False,3.0,4.0,3.0,3.0,3.0,3.0,5.0,3.4285714285714284,1.5750000000000062,1.0218011938749028
2024-11-24,PROD_014,Sveltus Kettlebell 12kg,Fitness,Pesa Rusa,40,False,4,158.2,2024,11,24,Sunday,6,True,False,False,False,True,False,,False,False,True,False,False,False,47,4,329,37,False,24,False,False,6.0,3.0,4.0,3.0,3.0,3.0,3.0,3.5714285714285716,1.125000000000007,1.0338067439226277
2024-11-25,PROD_014,Sveltus Kettlebell 12kg,Fitness,Pesa Rusa,40,False,3,120.54,2024,11,25,Monday,0,False,True,False,False,False,False,,False,False,True,False,False,False,48,4,330,36,False,25,False,False,4.0,6.0,3.0,4.0,3.0,3.0,3.0,3.7142857142857144,-0.4499999999999993,1.0184183845893884
2024-11-26,PROD_014,Sveltus Kettlebell 12kg,Fitness,Pesa Rusa,40,False,4,158.76,2024,11,26,Tuesday,1,False,False,False,False,False,False,,False,False,True,False,False,False,48,4,331,35,False,26,False,False,3.0,4.0,6.0,3.0,4.0,3.0,3.0,3.7142857142857144,0.7750000000000057,1.0373758494511238
2024-11-27,PROD_014,Sveltus Kettlebell 12kg,Fitness,Pesa Rusa,40,False,4,160.32,2024,11,27,Wednesday,2,False,False,False,False,False,False,,False,False,True,False,False,False,48,4,332,34,False,27,False,False,4.0,3.0,4.0,6.0,3.0,4.0,3.0,3.857142857142857,-0.19999999999999576,1.005771643663739
2024-11-28,PROD_014,Sveltus Kettlebell 12kg,Fitness,Pesa Rusa,40,False,4,164.08,2024,11,28,Thursday,3,False,False,False,False,False,False,,False,False,True,False,False,False,48,4,333,33,False,28,True,False,4.0,4.0,3.0,4.0,6.0,3.0,4.0,4.0,-2.550000000000008,1.0660083160083162
2024-11-29,PROD_014,Sveltus Kettlebell 12kg,Fitness,Pesa Rusa,40,False,16,576.0,2024,11,29,Friday,4,False,False,True,False,False,False,,True,False,True,False,False,False,48,4,334,32,False,29,True,False,4.0,4.0,4.0,3.0,4.0,6.0,3.0,4.0,10.0,1.0543786000195254
2024-11-30,PROD_014,Sveltus Kettlebell 12kg,Fitness,Pesa Rusa,40,False,17,625.6,2024,11,30,Saturday,5,True,False,False,True,False,False,,False,False,True,False,False,False,48,4,335,31,False,30,True,False,16.0,4.0,4.0,4.0,3.0,4.0,6.0,5.857142857142857,8.000000000000007,0.9242360820426957
2021-11-01,PROD_015,Salomon Speedcross 5 GTX,Outdoor,Zapatillas Trail,150,True,3,448.77,2021,11,1,Monday,0,False,True,False,False,False,True,Todos los Santos,False,False,True,False,False,False,44,4,305,60,False,1,False,True,2.0,4.0,3.0,3.0,3.0,3.0,3.0,3.0,0.2733333333333311,1.0968885195414662
2021-11-02,PROD_015,Salomon Speedcross 5 GTX,Outdoor,Zapatillas Trail,150,True,3,442.05,2021,11,2,Tuesday,1,False,False,False,False,False,False,,False,False,True,False,False,False,44,4,306,59,False,2,False,True,3.0,2.0,4.0,3.0,3.0,3.0,3.0,3.0,1.7666666666666706,1.0784600746541755
2021-11-03,PROD_015,Salomon Speedcross 5 GTX,Outdoor,Zapatillas Trail,150,True,3,458.58,2021,11,3,Wednesday,2,False,False,False,False,False,False,,False,False,True,False,False,False,44,4,307,58,False,3,False,True,3.0,3.0,2.0,4.0,3.0,3.0,3.0,3.0,-1.9066666666666756,1.1137070137944436
2021-11-04,PROD_015,Salomon Speedcross 5 GTX,Outdoor,Zapatillas Trail,150,True,4,603.16,2021,11,4,Thursday,3,False,False,False,False,False,False,,False,False,True,False,False,False,44,4,308,57,False,4,False,False,3.0,3.0,3.0,2.0,4.0,3.0,3.0,3.0,-0.5266666666666614,1.1073657927590512
2021-11-05,PROD_015,Salomon Speedcross 5 GTX,Outdoor,Zapatillas Trail,150,True,4,588.68,2021,11,5,Friday,4,False,False,True,False,False,False,,False,False,True,False,False,False,44,4,309,56,False,5,False,False,4.0,3.0,3.0,3.0,2.0,4.0,3.0,3.142857142857143,1.886666666666675,1.0753586477336385
2021-11-06,PROD_015,Salomon Speedcross 5 GTX,Outdoor,Zapatillas Trail,150,True,4,586.12,2021,11,6,Saturday,5,True,False,False,True,False,False,,False,False,True,False,False,False,44,4,310,55,False,6,False,False,4.0,4.0,3.0,3.0,3.0,2.0,4.0,3.2857142857142856,2.3133333333333326,1.0693018730235953
2021-11-07,PROD_015,Salomon Speedcross 5 GTX,Outdoor,Zapatillas Trail,150,True,4,611.6,2021,11,7,Sunday,6,True,False,False,False,True,False,,False,False,True,False,False,False,44,4,311,54,False,7,False,False,4.0,4.0,4.0,3.0,3.0,3.0,2.0,3.2857142857142856,-1.9333333333333373,1.129079899571703
2021-11-08,PROD_015,Salomon Speedcross 5 GTX,Outdoor,Zapatillas Trail,150,True,4,611.48,2021,11,8,Monday,0,False,True,False,False,False,False,,False,False,True,False,False,False,45,4,312,53,False,8,False,False,4.0,4.0,4.0,4.0,3.0,3.0,3.0,3.5714285714285716,-1.9133333333333362,1.1155679883240088
2021-11-09,PROD_015,Salomon Speedcross 5 GTX,Outdoor,Zapatillas Trail,150,True,3,439.5,2021,11,9,Tuesday,1,False,False,False,False,False,False,,False,False,True,False,False,False,45,4,313,52,False,9,False,False,4.0,4.0,4.0,4.0,4.0,3.0,3.0,3.7142857142857144,2.3333333333333335,1.071689831748354
2021-11-10,PROD_015,Salomon Speedcross 5 GTX,Outdoor,Zapatillas Trail,150,True,3,460.23,2021,11,10,Wednesday,2,False,False,False,False,False,False,,False,False,True,False,False,False,45,4,314,51,False,10,False,False,3.0,4.0,4.0,4.0,4.0,4.0,3.0,3.7142857142857144,-2.273333333333331,1.1414151434736242
2021-11-11,PROD_015,Salomon Speedcross 5 GTX,Outdoor,Zapatillas Trail,150,True,3,450.21,2021,11,11,Thursday,3,False,False,False,False,False,False,,False,False,True,False,False,False,45,4,315,50,False,11,False,False,3.0,3.0,4.0,4.0,4.0,4.0,4.0,3.7142857142857144,-0.04666666666666212,1.0948953038741216
2021-11-12,PROD_015,Salomon Speedcross 5 GTX,Outdoor,Zapatillas Trail,150,True,3,452.07,2021,11,12,Friday,4,False,False,True,False,False,False,,False,False,True,False,False,False,45,4,316,49,False,12,False,False,3.0,3.0,3.0,4.0,4.0,4.0,4.0,3.5714285714285716,-0.4599999999999985,1.106685598178658
2021-11-13,PROD_015,Salomon Speedcross 5 GTX,Outdoor,Zapatillas Trail,150,True,4,595.84,2021,11,13,Saturday,5,True,False,False,True,False,False,,False,False,True,False,False,False,45,4,317,48,False,13,False,False,3.0,3.0,3.0,3.0,4.0,4.0,4.0,3.4285714285714284,0.693333333333328,1.0954552140020593
2021-11-14,PROD_015,Salomon Speedcross 5 GTX,Outdoor,Zapatillas Trail,150,True,3,461.07,2021,11,14,Sunday,6,True,False,False,False,True,False,,False,False,True,False,False,False,45,4,318,47,False,14,False,False,4.0,3.0,3.0,3.0,3.0,4.0,4.0,3.4285714285714284,-2.4599999999999986,1.1358642096964917
2021-11-15,PROD_015,Salomon Speedcross 5 GTX,Outdoor,Zapatillas Trail,150,True,3,436.74,2021,11,15,Monday,0,False,True,False,False,False,False,,False,False,True,False,False,False,46,4,319,46,False,15,False,False,3.0,4.0,3.0,3.0,3.0,3.0,4.0,3.2857142857142856,2.9466666666666583,1.0493260613632542
2021-11-16,PROD_015,Salomon Speedcross 5 GTX,Outdoor,Zapatillas Trail,150,True,3,446.16,2021,11,16,Tuesday,1,False,False,False,False,False,False,,False,False,True,False,False,False,46,4,320,45,False,16,False,False,3.0,3.0,4.0,3.0,3.0,3.0,3.0,3.142857142857143,0.853333333333334,1.0814689128590473
2021-11-17,PROD_015,Salomon Speedcross 5 GTX,Outdoor,Zapatillas Trail,150,True,3,462.57,2021,11,17,Wednesday,2,False,False,False,False,False,False,,False,False,True,False,False,False,46,4,321,44,False,17,False,False,3.0,3.0,3.0,4.0,3.0,3.0,3.0,3.142857142857143,-2.7933333333333317,1.131891257004429
2021-11-18,PROD_015,Salomon Speedcross 5 GTX,Outdoor,Zapatillas Trail,150,True,3,439.86,2021,11,18,Thursday,3,False,False,False,False,False,False,,False,False,True,False,False,False,46,4,322,43,False,18,False,False,3.0,3.0,3.0,3.0,4.0,3.0,3.0,3.142857142857143,2.2533333333333303,1.075767951477206
2021-11-19,PROD_015,Salomon Speedcross 5 GTX,Outdoor,Zapatillas Trail,150,True,4,604.4,2021,11,19,Friday,4,False,False,True,False,False,False,,False,False,True,False,False,False,46,4,323,42,False,19,False,False,3.0,3.0,3.0,3.0,3.0,4.0,3.0,3.142857142857143,-0.7333333333333295,1.1053940694498632
2021-11-20,PROD_015,Salomon Speedcross 5 GTX,Outdoor,Zapatillas Trail,150,True,4,615.96,2021,11,20,Saturday,5,True,False,False,True,False,False,,False,False,True,False,False,False,46,4,324,41,False,20,False,False,4.0,3.0,3.0,3.0,3.0,3.0,4.0,3.2857142857142856,-2.660000000000006,1.1206879821454563
2021-11-21,PROD_015,Salomon Speedcross 5 GTX,Outdoor,Zapatillas Trail,150,True,3,439.26,2021,11,21,Sunday,6,True,False,False,False,True,False,,False,False,True,False,False,False,46,4,325,40,False,21,False,False,4.0,4.0,3.0,3.0,3.0,3.0,3.0,3.2857142857142856,2.386666666666675,1.0667346641410462
2021-11-22,PROD_015,Salomon Speedcross 5 GTX,Outdoor,Zapatillas Trail,150,True,3,462.78,2021,11,22,Monday,0,False,True,False,False,False,False,,False,False,True,False,False,False,47,4,326,39,False,22,False,False,3.0,4.0,4.0,3.0,3.0,3.0,3.0,3.2857142857142856,-2.839999999999994,1.143937708565072
2021-11-23,PROD_015,Salomon Speedcross 5 GTX,Outdoor,Zapatillas Trail,150,True,3,445.56,2021,11,23,Tuesday,1,False,False,False,False,False,False,,False,False,True,False,False,False,47,4,327,38,False,23,False,False,3.0,3.0,4.0,4.0,3.0,3.0,3.0,3.2857142857142856,0.9866666666666598,1.1663263703471025
2021-11-24,PROD_015,Salomon Speedcross 5 GTX,Outdoor,Zapatillas Trail,150,True,4,592.28,2021,11,24,Wednesday,2,False,False,False,False,False,False,,False,False,True,False,False,False,47,4,328,37,False,24,False,False,3.0,3.0,3.0,4.0,4.0,3.0,3.0,3.2857142857142856,1.2866666666666713,1.1551423742036144
2021-11-25,PROD_015,Salomon Speedcross 5 GTX,Outdoor,Zapatillas Trail,150,True,3,444.96,2021,11,25,Thursday,3,False,False,False,False,False,False,,False,False,True,False,False,False,47,4,329,36,False,25,False,False,4.0,3.0,3.0,3.0,4.0,4.0,3.0,3.4285714285714284,1.1200000000000045,1.1697160883280757
2021-11-26,PROD_015,Salomon Speedcross 5 GTX,Outdoor,Zapatillas Trail,150,True,11,1485.0,2021,11,26,Friday,4,False,False,True,False,False,False,,True,False,True,False,False,False,47,4,330,35,False,26,False,False,3.0,4.0,3.0,3.0,3.0,4.0,4.0,3.4285714285714284,10.0,1.0282123702833932
2021-11-27,PROD_015,Salomon Speedcross 5 GTX,Outdoor,Zapatillas Trail,150,True,14,1932.0,2021,11,27,Saturday,5,True,False,False,True,False,False,,False,False,True,False,False,False,47,4,331,34,False,27,False,False,11.0,3.0,4.0,3.0,3.0,3.0,4.0,4.428571428571429,8.0,0.9815078236130869
2021-11-28,PROD_015,Salomon Speedcross 5 GTX,Outdoor,Zapatillas Trail,150,True,11,1518.0,2021,11,28,Sunday,6,True,False,False,False,True,False,,False,False,True,False,False,False,47,4,332,33,False,28,True,False,14.0,11.0,3.0,4.0,3.0,3.0,3.0,5.857142857142857,8.0,0.9730301427815969
2021-11-29,PROD_015,Salomon Speedcross 5 GTX,Outdoor,Zapatillas Trail,150,True,11,1485.0,2021,11,29,Monday,0,False,True,False,False,False,False,,False,True,True,False,False,False,48,4,333,32,False,29,True,False,11.0,14.0,11.0,3.0,4.0,3.0,3.0,7.0,10.0,1.024992091110408
2021-11-30,PROD_015,Salomon Speedcross 5 GTX,Outdoor,Zapatillas Trail,150,True,7,997.5,2021,11,30,Tuesday,1,False,False,False,False,False,False,,False,False,True,False,False,False,48,4,334,31,False,30,True,False,11.0,11.0,14.0,11.0,3.0,4.0,3.0,8.142857142857142,5.0,0.9485508251282763
2022-10-25,PROD_015,Salomon Speedcross 5 GTX,Outdoor,Zapatillas Trail,150,True,3,447.75,2022,10,25,Tuesday,1,False,False,False,False,False,False,,False,False,False,False,False,False,43,4,298,67,True,25,False,False,7.0,11.0,11.0,14.0,11.0,3.0,4.0,8.714285714285714,0.5,1.0631351505366131
2022-10-26,PROD_015,Salomon Speedcross 5 GTX,Outdoor,Zapatillas Trail,150,True,4,602.76,2022,10,26,Wednesday,2,False,False,False,False,False,False,,False,False,False,False,False,False,43,4,299,66,True,26,False,False,3.0,7.0,11.0,11.0,14.0,11.0,3.0,8.571428571428571,-0.4599999999999985,1.0697349739706579
2022-10-27,PROD_015,Salomon Speedcross 5 GTX,Outdoor,Zapatillas Trail,150,True,3,460.68,2022,10,27,Thursday,3,False,False,False,False,False,False,,False,False,False,False,False,False,43,4,300,65,True,27,False,False,4.0,3.0,7.0,11.0,11.0,14.0,11.0,8.714285714285714,-2.373333333333335,1.080850265121299
2022-10-28,PROD_015,Salomon Speedcross 5 GTX,Outdoor,Zapatillas Trail,150,True,4,607.56,2022,10,28,Friday,4,False,False,True,False,False,False,,False,False,False,False,False,False,43,4,301,64,True,28,True,False,3.0,4.0,3.0,7.0,11.0,11.0,14.0,7.571428571428571,-1.259999999999991,1.0695976714708229
2022-10-29,PROD_015,Salomon Speedcross 5 GTX,Outdoor,Zapatillas Trail,150,True,4,614.08,2022,10,29,Saturday,5,True,False,False,True,False,False,,False,False,False,False,False,False,43,4,302,63,True,29,True,False,4.0,3.0,4.0,3.0,7.0,11.0,11.0,6.142857142857143,-2.346666666666674,1.0840276797062562
2022-10-30,PROD_015,Salomon Speedcross 5 GTX,Outdoor,Zapatillas Trail,150,True,3,460.26,2022,10,30,Sunday,6,True,False,False,False,True,False,,False,False,False,False,False,False,43,4,303,62,True,30,True,False,4.0,4.0,3.0,4.0,3.0,7.0,11.0,5.142857142857143,-2.279999999999992,1.1001003872078015
2022-10-31,PROD_015,Salomon Speedcross 5 GTX,Outdoor,Zapatillas Trail,150,True,3,463.44,2022,10,31,Monday,0,False,True,False,False,False,False,,False,False,False,False,False,False,44,4,304,61,True,31,True,False,3.0,4.0,4.0,3.0,4.0,3.0,7.0,4.0,-2.9866666666666597,1.0983291859225026
2022-11-01,PROD_015,Salomon Speedcross 5 GTX,Outdoor,Zapatillas Trail,150,True,3,450.93,2022,11,1,Tuesday,1,False,False,False,False,False,True,Todos los Santos,False,False,True,False,False,False,44,4,305,60,False,1,False,True,3.0,3.0,4.0,4.0,3.0,4.0,3.0,3.4285714285714284,-0.2066666666666682,1.0633385997594738
2022-11-02,PROD_015,Salomon Speedcross 5 GTX,Outdoor,Zapatillas Trail,150,True,3,462.9,2022,11,2,Wednesday,2,False,False,False,False,False,False,,False,False,True,False,False,False,44,4,306,59,False,2,False,True,3.0,3.0,3.0,4.0,4.0,3.0,4.0,3.4285714285714284,-2.8666666666666742,1.0873599398651665
2022-11-03,PROD_015,Salomon Speedcross 5 GTX,Outdoor,Zapatillas Trail,150,True,3,455.79,2022,11,3,Thursday,3,False,False,False,False,False,False,,False,False,True,False,False,False,44,4,307,58,False,3,False,True,3.0,3.0,3.0,3.0,4.0,4.0,3.0,3.2857142857142856,-1.2866666666666713,1.071186839012926
2022-11-04,PROD_015,Salomon Speedcross 5 GTX,Outdoor,Zapatillas Trail,150,True,4,609.92,2022,11,4,Friday,4,False,False,True,False,False,False,,False,False,True,False,False,False,44,4,308,57,False,4,False,False,3.0,3.0,3.0,3.0,3.0,4.0,4.0,3.2857142857142856,-1.6533333333333264,1.0631463964487413
2022-11-05,PROD_015,Salomon Speedcross 5 GTX,Outdoor,Zapatillas Trail,150,True,5,733.75,2022,11,5,Saturday,5,True,False,False,True,False,False,,False,False,True,False,False,False,44,4,309,56,False,5,False,False,4.0,3.0,3.0,3.0,3.0,3.0,4.0,3.2857142857142856,2.166666666666667,1.0325054527545205
2022-11-06,PROD_015,Salomon Speedcross 5 GTX,Outdoor,Zapatillas Trail,150,True,3,461.04,2022,11,6,Sunday,6,True,False,False,False,True,False,,False,False,True,False,False,False,44,4,310,55,False,6,False,False,5.0,4.0,3.0,3.0,3.0,3.0,3.0,3.4285714285714284,-2.453333333333338,1.093833780160858
2022-11-07,PROD_015,Salomon Speedcross 5 GTX,Outdoor,Zapatillas Trail,150,True,4,614.04,2022,11,7,Monday,0,False,True,False,False,False,False,,False,False,True,False,False,False,45,4,311,54,False,7,False,False,3.0,5.0,4.0,3.0,3.0,3.0,3.0,3.4285714285714284,-2.3399999999999936,1.0928830774342058
2022-11-08,PROD_015,Salomon Speedcross 5 GTX,Outdoor,Zapatillas Trail,150,True,3,456.06,2022,11,8,Tuesday,1,False,False,False,False,False,False,,False,False,True,False,False,False,45,4,312,53,False,8,False,False,4.0,3.0,5.0,4.0,3.0,3.0,3.0,3.5714285714285716,-1.3466666666666733,1.0751567730680374
2022-11-09,PROD_015,Salomon Speedcross 5 GTX,Outdoor,Zapatillas Trail,150,True,4,600.12,2022,11,9,Wednesday,2,False,False,False,False,False,False,,False,False,True,False,False,False,45,4,313,52,False,9,False,False,3.0,4.0,3.0,5.0,4.0,3.0,3.0,3.5714285714285716,-0.020000000000000757,1.060932491042806
2022-11-10,PROD_015,Salomon Speedcross 5 GTX,Outdoor,Zapatillas Trail,150,True,4,610.96,2022,11,10,Thursday,3,False,False,False,False,False,False,,False,False,True,False,False,False,45,4,314,51,False,10,False,False,4.0,3.0,4.0,3.0,5.0,4.0,3.0,3.7142857142857144,-1.8266666666666727,1.0829807851386166
2022-11-11,PROD_015,Salomon Speedcross 5 GTX,Outdoor,Zapatillas Trail,150,True,4,613.24,2022,11,11,Friday,4,False,False,True,False,False,False,,False,False,True,False,False,False,45,4,315,50,False,11,False,False,4.0,4.0,3.0,4.0,3.0,5.0,4.0,3.857142857142857,-2.2066666666666683,1.077548438488391
2022-11-12,PROD_015,Salomon Speedcross 5 GTX,Outdoor,Zapatillas Trail,150,True,5,753.3,2022,11,12,Saturday,5,True,False,False,True,False,False,,False,False,True,False,False,False,45,4,316,49,False,12,False,False,4.0,4.0,4.0,3.0,4.0,3.0,5.0,3.857142857142857,-0.43999999999999767,1.0702057632656927
2022-11-13,PROD_015,Salomon Speedcross 5 GTX,Outdoor,Zapatillas Trail,150,True,4,610.16,2022,11,13,Sunday,6,True,False,False,False,True,False,,False,False,True,False,False,False,45,4,317,48,False,13,False,False,5.0,4.0,4.0,4.0,3.0,4.0,3.0,3.857142857142857,-1.693333333333328,1.0736456842549795
2022-11-14,PROD_015,Salomon Speedcross 5 GTX,Outdoor,Zapatillas Trail,150,True,3,440.13,2022,11,14,Monday,0,False,True,False,False,False,False,,False,False,True,False,False,False,46,4,318,47,False,14,False,False,4.0,5.0,4.0,4.0,4.0,3.0,4.0,4.0,2.193333333333328,1.049452776651804
2022-11-15,PROD_015,Salomon Speedcross 5 GTX,Outdoor,Zapatillas Trail,150,True,3,460.56,2022,11,15,Tuesday,1,False,False,False,False,False,False,,False,False,True,False,False,False,46,4,319,46,False,15,False,False,3.0,4.0,5.0,4.0,4.0,4.0,3.0,3.857142857142857,-2.346666666666674,1.0951112801978315
2022-11-16,PROD_015,Salomon Speedcross 5 GTX,Outdoor,Zapatillas Trail,150,True,3,452.31,2022,11,16,Wednesday,2,False,False,False,False,False,False,,False,False,True,False,False,False,46,4,320,45,False,16,False,False,3.0,3.0,4.0,5.0,4.0,4.0,4.0,3.857142857142857,-0.5133333333333401,1.0516880580357142
2022-11-17,PROD_015,Salomon Speedcross 5 GTX,Outdoor,Zapatillas Trail,150,True,3,447.84,2022,11,17,Thursday,3,False,False,False,False,False,False,,False,False,True,False,False,False,46,4,321,44,False,17,False,False,3.0,3.0,3.0,4.0,5.0,4.0,4.0,3.7142857142857144,0.47999999999999926,1.0566999362922063
2022-11-18,PROD_015,Salomon Speedcross 5 GTX,Outdoor,Zapatillas Trail,150,True,4,598.28,2022,11,18,Friday,4,False,False,True,False,False,False,,False,False,True,False,False,False,46,4,322,43,False,18,False,False,3.0,3.0,3.0,3.0,4.0,5.0,4.0,3.5714285714285716,0.28666666666667123,1.0471156538784654
2022-11-19,PROD_015,Salomon Speedcross 5 GTX,Outdoor,Zapatillas Trail,150,True,4,613.24,2022,11,19,Saturday,5,True,False,False,True,False,False,,False,False,True,False,False,False,46,4,323,42,False,19,False,False,4.0,3.0,3.0,3.0,3.0,4.0,5.0,3.5714285714285716,-2.2066666666666683,1.072072912053332
2022-11-20,PROD_015,Salomon Speedcross 5 GTX,Outdoor,Zapatillas Trail,150,True,3,459.33,2022,11,20,Sunday,6,True,False,False,False,True,False,,False,False,True,False,False,False,46,4,324,41,False,20,False,False,4.0,4.0,3.0,3.0,3.0,3.0,4.0,3.4285714285714284,-2.073333333333342,1.0712486589859602
2022-11-21,PROD_015,Salomon Speedcross 5 GTX,Outdoor,Zapatillas Trail,150,True,3,444.93,2022,11,21,Monday,0,False,True,False,False,False,False,,False,False,True,False,False,False,47,4,325,40,False,21,False,False,3.0,4.0,4.0,3.0,3.0,3.0,3.0,3.2857142857142856,1.1266666666666652,1.0484729946272033
2022-11-22,PROD_015,Salomon Speedcross 5 GTX,Outdoor,Zapatillas Trail,150,True,3,450.69,2022,11,22,Tuesday,1,False,False,False,False,False,False,,False,False,True,False,False,False,47,4,326,39,False,22,False,False,3.0,3.0,4.0,4.0,3.0,3.0,3.0,3.2857142857142856,-0.1533333333333265,1.1617518172913337
2022-11-23,PROD_015,Salomon Speedcross 5 GTX,Outdoor,Zapatillas Trail,150,True,3,460.32,2022,11,23,Wednesday,2,False,False,False,False,False,False,,False,False,True,False,False,False,47,4,327,38,False,23,False,False,3.0,3.0,3.0,4.0,4.0,3.0,3.0,3.2857142857142856,-2.293333333333332,1.163276136564656
2022-11-24,PROD_015,Salomon Speedcross 5 GTX,Outdoor,Zapatillas Trail,150,True,3,455.13,2022,11,24,Thursday,3,False,False,False,False,False,False,,False,False,True,False,False,False,47,4,328,37,False,24,False,False,3.0,3.0,3.0,3.0,4.0,4.0,3.0,3.2857142857142856,-1.1400000000000052,1.1638069910757667
2022-11-25,PROD_015,Salomon Speedcross 5 GTX,Outdoor,Zapatillas Trail,150,True,15,2025.0,2022,11,25,Friday,4,False,False,True,False,False,False,,True,False,True,False,False,False,47,4,329,36,False,25,False,False,3.0,3.0,3.0,3.0,3.0,4.0,4.0,3.2857142857142856,10.0,0.9870826224713624
2022-11-26,PROD_015,Salomon Speedcross 5 GTX,Outdoor,Zapatillas Trail,150,True,15,2070.0,2022,11,26,Saturday,5,True,False,False,True,False,False,,False,False,True,False,False,False,47,4,330,35,False,26,False,False,15.0,3.0,3.0,3.0,3.0,3.0,4.0,4.857142857142857,8.0,0.9452054794520548
2022-11-27,PROD_015,Salomon Speedcross 5 GTX,Outdoor,Zapatillas Trail,150,True,16,2208.0,2022,11,27,Sunday,6,True,False,False,False,True,False,,False,False,True,False,False,False,47,4,331,34,False,27,False,False,15.0,15.0,3.0,3.0,3.0,3.0,3.0,6.428571428571429,8.0,0.9573637808931926
2022-11-28,PROD_015,Salomon Speedcross 5 GTX,Outdoor,Zapatillas Trail,150,True,13,1755.0,2022,11,28,Monday,0,False,True,False,False,False,False,,False,True,True,False,False,False,48,4,332,33,False,28,True,False,16.0,15.0,15.0,3.0,3.0,3.0,3.0,8.285714285714286,10.0,0.9690444145356663
2022-11-29,PROD_015,Salomon Speedcross 5 GTX,Outdoor,Zapatillas Trail,150,True,11,1567.5,2022,11,29,Tuesday,1,False,False,False,False,False,False,,False,False,True,False,False,False,48,4,333,32,False,29,True,False,13.0,16.0,15.0,15.0,3.0,3.0,3.0,9.714285714285714,5.0,0.9184660006445375
2022-11-30,PROD_015,Salomon Speedcross 5 GTX,Outdoor,Zapatillas Trail,150,True,9,1282.5,2022,11,30,Wednesday,2,False,False,False,False,False,False,,False,False,True,False,False,False,48,4,334,31,False,30,True,False,11.0,13.0,16.0,15.0,15.0,3.0,3.0,10.857142857142858,5.0,0.9207161125319693
2023-10-25,PROD_015,Salomon Speedcross 5 GTX,Outdoor,Zapatillas Trail,150,True,4,612.48,2023,10,25,Wednesday,2,False,False,False,False,False,False,,False,False,False,False,False,False,43,4,298,67,True,25,False,False,9.0,11.0,13.0,16.0,15.0,15.0,3.0,11.714285714285714,-2.080000000000003,1.0390644438915153
2023-10-26,PROD_015,Salomon Speedcross 5 GTX,Outdoor,Zapatillas Trail,150,True,4,616.52,2023,10,26,Thursday,3,False,False,False,False,False,False,,False,False,False,False,False,False,43,4,299,66,True,26,False,False,4.0,9.0,11.0,13.0,16.0,15.0,15.0,11.857142857142858,-2.7533333333333303,1.0377261097894879
2023-10-27,PROD_015,Salomon Speedcross 5 GTX,Outdoor,Zapatillas Trail,150,True,4,617.64,2023,10,27,Friday,4,False,False,True,False,False,False,,False,False,False,False,False,False,43,4,300,65,True,27,False,False,4.0,4.0,9.0,11.0,13.0,16.0,15.0,10.285714285714286,-2.9399999999999977,1.0464454333928208
2023-10-28,PROD_015,Salomon Speedcross 5 GTX,Outdoor,Zapatillas Trail,150,True,5,744.45,2023,10,28,Saturday,5,True,False,False,True,False,False,,False,False,False,False,False,False,43,4,301,64,True,28,True,False,4.0,4.0,4.0,9.0,11.0,13.0,16.0,8.714285714285714,0.7400000000000091,1.019236035049288
2023-10-29,PROD_015,Salomon Speedcross 5 GTX,Outdoor,Zapatillas Trail,150,True,4,582.08,2023,10,29,Sunday,6,True,False,False,False,True,False,,False,False,False,False,False,False,43,4,302,63,True,29,True,False,5.0,4.0,4.0,4.0,9.0,11.0,13.0,7.142857142857143,2.9866666666666597,0.9908981546632772
2023-10-30,PROD_015,Salomon Speedcross 5 GTX,Outdoor,Zapatillas Trail,150,True,3,442.26,2023,10,30,Monday,0,False,True,False,False,False,False,,False,False,False,False,False,False,44,4,303,62,True,30,True,False,4.0,5.0,4.0,4.0,4.0,9.0,11.0,5.857142857142857,1.7200000000000084,1.0115042426183016
2023-10-31,PROD_015,Salomon Speedcross 5 GTX,Outdoor,Zapatillas Trail,150,True,4,594.44,2023,10,31,Tuesday,1,False,False,False,False,False,False,,False,False,False,False,False,False,44,4,304,61,True,31,True,False,3.0,4.0,5.0,4.0,4.0,4.0,9.0,4.714285714285714,0.9266666666666576,1.0106544556026569
2023-11-01,PROD_015,Salomon Speedcross 5 GTX,Outdoor,Zapatillas Trail,150,True,4,609.28,2023,11,1,Wednesday,2,False,False,False,False,False,True,Todos los Santos,False,False,True,False,False,False,44,4,305,60,False,1,False,True,4.0,3.0,4.0,5.0,4.0,4.0,4.0,4.0,-1.5466666666666622,1.0292587336982228
2023-11-02,PROD_015,Salomon Speedcross 5 GTX,Outdoor,Zapatillas Trail,150,True,4,616.76,2023,11,2,Thursday,3,False,False,False,False,False,False,,False,False,True,False,False,False,44,4,306,59,False,2,False,True,4.0,4.0,3.0,4.0,5.0,4.0,4.0,4.0,-2.7933333333333317,1.053762216096772
2023-11-03,PROD_015,Salomon Speedcross 5 GTX,Outdoor,Zapatillas Trail,150,True,5,754.9,2023,11,3,Friday,4,False,False,True,False,False,False,,False,False,True,False,False,False,44,4,307,58,False,3,False,True,4.0,4.0,4.0,3.0,4.0,5.0,4.0,4.0,-0.6533333333333265,1.0313311170818344
2023-11-04,PROD_015,Salomon Speedcross 5 GTX,Outdoor,Zapatillas Trail,150,True,6,909.0,2023,11,4,Saturday,5,True,False,False,True,False,False,,False,False,True,False,False,False,44,4,308,57,False,4,False,False,5.0,4.0,4.0,4.0,3.0,4.0,5.0,4.142857142857143,-1.0,1.0446594800836646
2023-11-05,PROD_015,Salomon Speedcross 5 GTX,Outdoor,Zapatillas Trail,150,True,4,599.0,2023,11,5,Sunday,6,True,False,False,False,True,False,,False,False,True,False,False,False,44,4,309,56,False,5,False,False,6.0,5.0,4.0,4.0,4.0,3.0,4.0,4.285714285714286,0.16666666666666669,1.0166787363085001
2023-11-06,PROD_015,Salomon Speedcross 5 GTX,Outdoor,Zapatillas Trail,150,True,4,585.04,2023,11,6,Monday,0,False,True,False,False,False,False,,False,False,True,False,False,False,45,4,310,55,False,6,False,False,4.0,6.0,5.0,4.0,4.0,4.0,3.0,4.285714285714286,2.4933333333333394,1.0077398314232562
2023-11-07,PROD_015,Salomon Speedcross 5 GTX,Outdoor,Zapatillas Trail,150,True,3,445.44,2023,11,7,Tuesday,1,False,False,False,False,False,False,,False,False,True,False,False,False,45,4,311,54,False,7,False,False,4.0,4.0,6.0,5.0,4.0,4.0,4.0,4.428571428571429,1.0133333333333403,1.0136998771107368
2023-11-08,PROD_015,Salomon Speedcross 5 GTX,Outdoor,Zapatillas Trail,150,True,3,442.44,2023,11,8,Wednesday,2,False,False,False,False,False,False,,False,False,True,False,False,False,45,4,312,53,False,8,False,False,3.0,4.0,4.0,6.0,5.0,4.0,4.0,4.285714285714286,1.6800000000000068,1.0071935895101074
2023-11-09,PROD_015,Salomon Speedcross 5 GTX,Outdoor,Zapatillas Trail,150,True,3,445.5,2023,11,9,Thursday,3,False,False,False,False,False,False,,False,False,True,False,False,False,45,4,313,52,False,9,False,False,3.0,3.0,4.0,4.0,6.0,5.0,4.0,4.142857142857143,1.0,1.002069368842503
2023-11-10,PROD_015,Salomon Speedcross 5 GTX,Outdoor,Zapatillas Trail,150,True,4,591.72,2023,11,10,Friday,4,False,False,True,False,False,False,,False,False,True,False,False,False,45,4,314,51,False,10,False,False,3.0,3.0,3.0,4.0,4.0,6.0,5.0,4.0,1.3799999999999955,1.0152589677891655
2023-11-11,PROD_015,Salomon Speedcross 5 GTX,Outdoor,Zapatillas Trail,150,True,5,748.55,2023,11,11,Saturday,5,True,False,False,True,False,False,,False,False,True,False,False,False,45,4,315,50,False,11,False,False,4.0,3.0,3.0,3.0,4.0,4.0,6.0,3.857142857142857,0.19333333333332803,1.040592201292834
2023-11-12,PROD_015,Salomon Speedcross 5 GTX,Outdoor,Zapatillas Trail,150,True,4,591.52,2023,11,12,Sunday,6,True,False,False,False,True,False,,False,False,True,False,False,False,45,4,316,49,False,12,False,False,5.0,4.0,3.0,3.0,3.0,4.0,4.0,3.7142857142857144,1.4133333333333364,1.008731241473397
2023-11-13,PROD_015,Salomon Speedcross 5 GTX,Outdoor,Zapatillas Trail,150,True,4,593.48,2023,11,13,Monday,0,False,True,False,False,False,False,,False,False,True,False,False,False,46,4,317,48,False,13,False,False,4.0,5.0,4.0,3.0,3.0,3.0,4.0,3.7142857142857144,1.0866666666666636,1.0007194406349063
2023-11-14,PROD_015,Salomon Speedcross 5 GTX,Outdoor,Zapatillas Trail,150,True,4,611.6,2023,11,14,Tuesday,1,False,False,False,False,False,False,,False,False,True,False,False,False,46,4,318,47,False,14,False,False,4.0,4.0,5.0,4.0,3.0,3.0,3.0,3.7142857142857144,-1.9333333333333373,1.0558663075754435
2023-11-15,PROD_015,Salomon Speedcross 5 GTX,Outdoor,Zapatillas Trail,150,True,4,594.44,2023,11,15,Wednesday,2,False,False,False,False,False,False,,False,False,True,False,False,False,46,4,319,46,False,15,False,False,4.0,4.0,4.0,5.0,4.0,3.0,3.0,3.857142857142857,0.9266666666666576,1.0153268048280575
2023-11-16,PROD_015,Salomon Speedcross 5 GTX,Outdoor,Zapatillas Trail,150,True,4,600.0,2023,11,16,Thursday,3,False,False,False,False,False,False,,False,False,True,False,False,False,46,4,320,45,False,16,False,False,4.0,4.0,4.0,4.0,5.0,4.0,3.0,4.0,0.0,1.0255475284304563
2023-11-17,PROD_015,Salomon Speedcross 5 GTX,Outdoor,Zapatillas Trail,150,True,4,591.52,2023,11,17,Friday,4,False,False,True,False,False,False,,False,False,True,False,False,False,46,4,321,44,False,17,False,False,4.0,4.0,4.0,4.0,4.0,5.0,4.0,4.142857142857143,1.4133333333333364,1.0071282633371168
2023-11-18,PROD_015,Salomon Speedcross 5 GTX,Outdoor,Zapatillas Trail,150,True,6,894.42,2023,11,18,Saturday,5,True,False,False,True,False,False,,False,False,True,False,False,False,46,4,322,43,False,18,False,False,4.0,4.0,4.0,4.0,4.0,4.0,5.0,4.142857142857143,0.6200000000000045,1.014864067535061
2023-11-19,PROD_015,Salomon Speedcross 5 GTX,Outdoor,Zapatillas Trail,150,True,5,743.1,2023,11,19,Sunday,6,True,False,False,False,True,False,,False,False,True,False,False,False,46,4,323,42,False,19,False,False,6.0,4.0,4.0,4.0,4.0,4.0,4.0,4.285714285714286,0.919999999999997,1.0034208038889139
2023-11-20,PROD_015,Salomon Speedcross 5 GTX,Outdoor,Zapatillas Trail,150,True,3,453.24,2023,11,20,Monday,0,False,True,False,False,False,False,,False,False,True,False,False,False,47,4,324,41,False,20,False,False,5.0,6.0,4.0,4.0,4.0,4.0,4.0,4.428571428571429,-0.7200000000000083,1.0359061092953628
2023-11-21,PROD_015,Salomon Speedcross 5 GTX,Outdoor,Zapatillas Trail,150,True,4,599.56,2023,11,21,Tuesday,1,False,False,False,False,False,False,,False,False,True,False,False,False,47,4,325,40,False,21,False,False,3.0,5.0,6.0,4.0,4.0,4.0,4.0,4.285714285714286,0.07333333333334244,1.1112566415420733
2023-11-22,PROD_015,Salomon Speedcross 5 GTX,Outdoor,Zapatillas Trail,150,True,5,737.75,2023,11,22,Wednesday,2,False,False,False,False,False,False,,False,False,True,False,False,False,47,4,326,39,False,22,False,False,4.0,3.0,5.0,6.0,4.0,4.0,4.0,4.285714285714286,1.633333333333326,1.075097758239623
2023-11-23,PROD_015,Salomon Speedcross 5 GTX,Outdoor,Zapatillas Trail,150,True,4,608.4,2023,11,23,Thursday,3,False,False,False,False,False,False,,False,False,True,False,False,False,47,4,327,38,False,23,False,False,5.0,4.0,3.0,5.0,6.0,4.0,4.0,4.428571428571429,-1.3999999999999961,1.1318367853156395
2023-11-24,PROD_015,Salomon Speedcross 5 GTX,Outdoor,Zapatillas Trail,150,True,14,1890.0,2023,11,24,Friday,4,False,False,True,False,False,False,,True,False,True,False,False,False,47,4,328,37,False,24,False,False,4.0,5.0,4.0,3.0,5.0,6.0,4.0,4.428571428571429,10.0,0.956203517884547
2023-11-25,PROD_015,Salomon Speedcross 5 GTX,Outdoor,Zapatillas Trail,150,True,17,2346.0,2023,11,25,Saturday,5,True,False,False,True,False,False,,False,False,True,False,False,False,47,4,329,36,False,25,False,False,14.0,4.0,5.0,4.0,3.0,5.0,6.0,5.857142857142857,8.0,0.8878642468434174
2023-11-26,PROD_015,Salomon Speedcross 5 GTX,Outdoor,Zapatillas Trail,150,True,17,2346.0,2023,11,26,Sunday,6,True,False,False,False,True,False,,False,False,True,False,False,False,47,4,330,35,False,26,False,False,17.0,14.0,4.0,5.0,4.0,3.0,5.0,7.428571428571429,8.0,0.9181636726546907
2023-11-27,PROD_015,Salomon Speedcross 5 GTX,Outdoor,Zapatillas Trail,150,True,9,1215.0,2023,11,27,Monday,0,False,True,False,False,False,False,,False,True,True,False,False,False,48,4,331,34,False,27,False,False,17.0,17.0,14.0,4.0,5.0,4.0,3.0,9.142857142857142,10.0,0.9507042253521126
2023-11-28,PROD_015,Salomon Speedcross 5 GTX,Outdoor,Zapatillas Trail,150,True,10,1425.0,2023,11,28,Tuesday,1,False,False,False,False,False,False,,False,False,True,False,False,False,48,4,332,33,False,28,True,False,9.0,17.0,17.0,14.0,4.0,5.0,4.0,10.0,5.0,0.9029226179475671
2023-11-29,PROD_015,Salomon Speedcross 5 GTX,Outdoor,Zapatillas Trail,150,True,12,1710.0,2023,11,29,Wednesday,2,False,False,False,False,False,False,,False,False,True,False,False,False,48,4,333,32,False,29,True,False,10.0,9.0,17.0,17.0,14.0,4.0,5.0,10.857142857142858,5.0,0.8783644955824944
2023-11-30,PROD_015,Salomon Speedcross 5 GTX,Outdoor,Zapatillas Trail,150,True,4,592.48,2023,11,30,Thursday,3,False,False,False,False,False,False,,False,False,True,False,False,False,48,4,334,31,False,30,True,False,12.0,10.0,9.0,17.0,17.0,14.0,4.0,11.857142857142858,1.2533333333333303,1.013086498563677
2024-10-25,PROD_015,Salomon Speedcross 5 GTX,Outdoor,Zapatillas Trail,150,True,4,617.36,2024,10,25,Friday,4,False,False,True,False,False,False,,False,False,False,False,False,False,43,4,299,67,True,25,False,False,4.0,12.0,10.0,9.0,17.0,17.0,14.0,11.857142857142858,-2.8933333333333358,1.0290705427390319
2024-10-26,PROD_015,Salomon Speedcross 5 GTX,Outdoor,Zapatillas Trail,150,True,5,765.6,2024,10,26,Saturday,5,True,False,False,True,False,False,,False,False,False,False,False,False,43,4,300,66,True,26,False,False,4.0,4.0,12.0,10.0,9.0,17.0,17.0,10.428571428571429,-2.080000000000003,1.014823815309842
2024-10-27,PROD_015,Salomon Speedcross 5 GTX,Outdoor,Zapatillas Trail,150,True,3,456.0,2024,10,27,Sunday,6,True,False,False,False,True,False,,False,False,False,False,False,False,43,4,301,65,True,27,False,False,5.0,4.0,4.0,12.0,10.0,9.0,17.0,8.714285714285714,-1.3333333333333335,1.014099541876084
2024-10-28,PROD_015,Salomon Speedcross 5 GTX,Outdoor,Zapatillas Trail,150,True,4,606.88,2024,10,28,Monday,0,False,True,False,False,False,False,,False,False,False,False,False,False,44,4,302,64,True,28,True,False,3.0,5.0,4.0,4.0,12.0,10.0,9.0,6.714285714285714,-1.146666666666666,1.0079500409681779
2024-10-29,PROD_015,Salomon Speedcross 5 GTX,Outdoor,Zapatillas Trail,150,True,3,458.67,2024,10,29,Tuesday,1,False,False,False,False,False,False,,False,False,False,False,False,False,44,4,303,63,True,29,True,False,4.0,3.0,5.0,4.0,4.0,12.0,10.0,6.0,-1.9266666666666574,1.0106425171866735
2024-10-30,PROD_015,Salomon Speedcross 5 GTX,Outdoor,Zapatillas Trail,150,True,4,592.12,2024,10,30,Wednesday,2,False,False,False,False,False,False,,False,False,False,False,False,False,44,4,304,62,True,30,True,False,3.0,4.0,3.0,5.0,4.0,4.0,12.0,5.0,1.3133333333333326,0.966022057384003
2024-10-31,PROD_015,Salomon Speedcross 5 GTX,Outdoor,Zapatillas Trail,150,True,4,616.16,2024,10,31,Thursday,3,False,False,False,False,False,False,,False,False,False,False,False,False,44,4,305,61,True,31,True,False,4.0,3.0,4.0,3.0,5.0,4.0,4.0,3.857142857142857,-2.693333333333328,1.025565912117177
2024-11-01,PROD_015,Salomon Speedcross 5 GTX,Outdoor,Zapatillas Trail,150,True,5,730.35,2024,11,1,Friday,4,False,False,True,False,False,True,Todos los Santos,False,False,True,False,False,False,44,4,306,60,False,1,False,True,4.0,4.0,3.0,4.0,3.0,5.0,4.0,3.857142857142857,2.6200000000000045,0.9643281545706615
2024-11-02,PROD_015,Salomon Speedcross 5 GTX,Outdoor,Zapatillas Trail,150,True,6,906.36,2024,11,2,Saturday,5,True,False,False,True,False,False,,False,False,True,False,False,False,44,4,307,59,False,2,False,True,5.0,4.0,4.0,3.0,4.0,3.0,5.0,4.0,-0.7066666666666682,1.0053464072586908
2024-11-03,PROD_015,Salomon Speedcross 5 GTX,Outdoor,Zapatillas Trail,150,True,5,733.35,2024,11,3,Sunday,6,True,False,False,False,True,False,,False,False,True,False,False,False,44,4,308,58,False,3,False,True,6.0,5.0,4.0,4.0,3.0,4.0,3.0,4.142857142857143,2.2200000000000086,0.9803925937479111
2024-11-04,PROD_015,Salomon Speedcross 5 GTX,Outdoor,Zapatillas Trail,150,True,4,582.12,2024,11,4,Monday,0,False,True,False,False,False,False,,False,False,True,False,False,False,45,4,309,57,False,4,False,False,5.0,6.0,5.0,4.0,4.0,3.0,4.0,4.428571428571429,2.9799999999999995,0.9632432432432432
2024-11-05,PROD_015,Salomon Speedcross 5 GTX,Outdoor,Zapatillas Trail,150,True,5,755.9,2024,11,5,Tuesday,1,False,False,False,False,False,False,,False,False,True,False,False,False,45,4,310,56,False,5,False,False,4.0,5.0,6.0,5.0,4.0,4.0,3.0,4.428571428571429,-0.7866666666666713,0.9980634655164826
2024-11-06,PROD_015,Salomon Speedcross 5 GTX,Outdoor,Zapatillas Trail,150,True,4,595.76,2024,11,6,Wednesday,2,False,False,False,False,False,False,,False,False,True,False,False,False,45,4,311,55,False,6,False,False,5.0,4.0,5.0,6.0,5.0,4.0,4.0,4.714285714285714,0.7066666666666682,0.972002871500359
2024-11-07,PROD_015,Salomon Speedcross 5 GTX,Outdoor,Zapatillas Trail,150,True,3,458.37,2024,11,7,Thursday,3,False,False,False,False,False,False,,False,False,True,False,False,False,45,4,312,54,False,7,False,False,4.0,5.0,4.0,5.0,6.0,5.0,4.0,4.714285714285714,-1.8599999999999945,1.000240038406145
2024-11-08,PROD_015,Salomon Speedcross 5 GTX,Outdoor,Zapatillas Trail,150,True,5,762.55,2024,11,8,Friday,4,False,False,True,False,False,False,,False,False,True,False,False,False,45,4,313,53,False,8,False,False,3.0,4.0,5.0,4.0,5.0,6.0,5.0,4.571428571428571,-1.6733333333333273,1.024427925305629
2024-11-09,PROD_015,Salomon Speedcross 5 GTX,Outdoor,Zapatillas Trail,150,True,7,1032.08,2024,11,9,Saturday,5,True,False,False,True,False,False,,False,False,True,False,False,False,45,4,314,52,False,9,False,False,5.0,3.0,4.0,5.0,4.0,5.0,6.0,4.571428571428571,1.706666666666668,0.9729872415310162
2024-11-10,PROD_015,Salomon Speedcross 5 GTX,Outdoor,Zapatillas Trail,150,True,6,901.62,2024,11,10,Sunday,6,True,False,False,False,True,False,,False,False,True,False,False,False,45,4,315,51,False,10,False,False,7.0,5.0,3.0,4.0,5.0,4.0,5.0,4.714285714285714,-0.18000000000000682,1.0076893846257013
2024-11-11,PROD_015,Salomon Speedcross 5 GTX,Outdoor,Zapatillas Trail,150,True,4,609.32,2024,11,11,Monday,0,False,True,False,False,False,False,,False,False,True,False,False,False,46,4,316,50,False,11,False,False,6.0,7.0,5.0,3.0,4.0,5.0,4.0,4.857142857142857,-1.5533333333333417,1.0134388929545606
2024-11-12,PROD_015,Salomon Speedcross 5 GTX,Outdoor,Zapatillas Trail,150,True,5,758.5,2024,11,12,Tuesday,1,False,False,False,False,False,False,,False,False,True,False,False,False,46,4,317,49,False,12,False,False,4.0,6.0,7.0,5.0,3.0,4.0,5.0,4.857142857142857,-1.1333333333333258,1.0087554028593595
2024-11-13,PROD_015,Salomon Speedcross 5 GTX,Outdoor,Zapatillas Trail,150,True,5,736.0,2024,11,13,Wednesday,2,False,False,False,False,False,False,,False,False,True,False,False,False,46,4,318,48,False,13,False,False,5.0,4.0,6.0,7.0,5.0,3.0,4.0,4.857142857142857,1.866666666666674,0.961170120146265
2024-11-14,PROD_015,Salomon Speedcross 5 GTX,Outdoor,Zapatillas Trail,150,True,5,756.05,2024,11,14,Thursday,3,False,False,False,False,False,False,,False,False,True,False,False,False,46,4,319,47,False,14,False,False,5.0,5.0,4.0,6.0,7.0,5.0,3.0,5.0,-0.806666666666672,0.999449193619459
2024-11-15,PROD_015,Salomon Speedcross 5 GTX,Outdoor,Zapatillas Trail,150,True,5,764.6,2024,11,15,Friday,4,False,False,True,False,False,False,,False,False,True,False,False,False,46,4,320,46,False,15,False,False,5.0,5.0,5.0,4.0,6.0,7.0,5.0,5.285714285714286,-1.9466666666666583,1.0130954221230923
2024-11-16,PROD_015,Salomon Speedcross 5 GTX,Outdoor,Zapatillas Trail,150,True,6,887.82,2024,11,16,Saturday,5,True,False,False,True,False,False,,False,False,True,False,False,False,46,4,321,45,False,16,False,False,5.0,5.0,5.0,5.0,4.0,6.0,7.0,5.285714285714286,1.3533333333333342,0.9761197968203708
2024-11-17,PROD_015,Salomon Speedcross 5 GTX,Outdoor,Zapatillas Trail,150,True,4,616.04,2024,11,17,Sunday,6,True,False,False,False,True,False,,False,False,True,False,False,False,46,4,322,44,False,17,False,False,6.0,5.0,5.0,5.0,5.0,4.0,6.0,5.142857142857143,-2.673333333333327,1.0245703514802085
2024-11-18,PROD_015,Salomon Speedcross 5 GTX,Outdoor,Zapatillas Trail,150,True,4,589.28,2024,11,18,Monday,0,False,True,False,False,False,False,,False,False,True,False,False,False,47,4,323,43,False,18,False,False,4.0,6.0,5.0,5.0,5.0,5.0,4.0,4.857142857142857,1.786666666666671,0.9695294504771305
2024-11-19,PROD_015,Salomon Speedcross 5 GTX,Outdoor,Zapatillas Trail,150,True,4,592.28,2024,11,19,Tuesday,1,False,False,False,False,False,False,,False,False,True,False,False,False,47,4,324,42,False,19,False,False,4.0,4.0,6.0,5.0,5.0,5.0,5.0,4.857142857142857,1.2866666666666713,0.9804445229214028
2024-11-20,PROD_015,Salomon Speedcross 5 GTX,Outdoor,Zapatillas Trail,150,True,5,759.45,2024,11,20,Wednesday,2,False,False,False,False,False,False,,False,False,True,False,False,False,47,4,325,41,False,20,False,False,4.0,4.0,4.0,6.0,5.0,5.0,5.0,4.714285714285714,-1.259999999999991,0.9989039173992152
2024-11-21,PROD_015,Salomon Speedcross 5 GTX,Outdoor,Zapatillas Trail,150,True,5,731.05,2024,11,21,Thursday,3,False,False,False,False,False,False,,False,False,True,False,False,False,47,4,326,40,False,21,False,False,5.0,4.0,4.0,4.0,6.0,5.0,5.0,4.714285714285714,2.5266666666666615,0.9529841180176855
2024-11-22,PROD_015,Salomon Speedcross 5 GTX,Outdoor,Zapatillas Trail,150,True,4,616.56,2024,11,22,Friday,4,False,False,True,False,False,False,,False,False,True,False,False,False,47,4,327,39,False,22,False,False,5.0,5.0,4.0,4.0,4.0,6.0,5.0,4.714285714285714,-2.759999999999991,1.00366809194105
2024-11-23,PROD_015,Salomon Speedcross 5 GTX,Outdoor,Zapatillas Trail,150,True,5,767.1,2024,11,23,Saturday,5,True,False,False,True,False,False,,False,False,True,False,False,False,47,4,328,38,False,23,False,False,4.0,5.0,5.0,4.0,4.0,4.0,6.0,4.571428571428571,-2.279999999999992,1.00524177696239
2024-11-24,PROD_015,Salomon Speedcross 5 GTX,Outdoor,Zapatillas Trail,150,True,6,883.86,2024,11,24,Sunday,6,True,False,False,False,True,False,,False,False,True,False,False,False,47,4,329,37,False,24,False,False,5.0,4.0,5.0,5.0,4.0,4.0,4.0,4.428571428571429,1.793333333333332,0.9703363780080803
2024-11-25,PROD_015,Salomon Speedcross 5 GTX,Outdoor,Zapatillas Trail,150,True,5,769.35,2024,11,25,Monday,0,False,True,False,False,False,False,,False,False,True,False,False,False,48,4,330,36,False,25,False,False,6.0,5.0,4.0,5.0,5.0,4.0,4.0,4.714285714285714,-2.580000000000003,1.0082563396894042
2024-11-26,PROD_015,Salomon Speedcross 5 GTX,Outdoor,Zapatillas Trail,150,True,5,732.6,2024,11,26,Tuesday,1,False,False,False,False,False,False,,False,False,True,False,False,False,48,4,331,35,False,26,False,False,5.0,6.0,5.0,4.0,5.0,5.0,4.0,4.857142857142857,2.319999999999993,1.0312983905025572
2024-11-27,PROD_015,Salomon Speedcross 5 GTX,Outdoor,Zapatillas Trail,150,True,4,601.8,2024,11,27,Wednesday,2,False,False,False,False,False,False,,False,False,True,False,False,False,48,4,332,34,False,27,False,False,5.0,5.0,6.0,5.0,4.0,5.0,5.0,5.0,-0.29999999999999244,1.08709265637419
2024-11-28,PROD_015,Salomon Speedcross 5 GTX,Outdoor,Zapatillas Trail,150,True,6,899.64,2024,11,28,Thursday,3,False,False,False,False,False,False,,False,False,True,False,False,False,48,4,333,33,False,28,True,False,4.0,5.0,5.0,6.0,5.0,4.0,5.0,4.857142857142857,0.040000000000001514,1.0627259196257708
2024-11-29,PROD_015,Salomon Speedcross 5 GTX,Outdoor,Zapatillas Trail,150,True,24,3240.0,2024,11,29,Friday,4,False,False,True,False,False,False,,True,False,True,False,False,False,48,4,334,32,False,29,True,False,6.0,4.0,5.0,5.0,6.0,5.0,4.0,5.0,10.0,0.9224987187517795
2024-11-30,PROD_015,Salomon Speedcross 5 GTX,Outdoor,Zapatillas Trail,150,True,19,2622.0,2024,11,30,Saturday,5,True,False,False,True,False,False,,False,False,True,False,False,False,48,4,335,31,False,30,True,False,24.0,6.0,4.0,5.0,5.0,6.0,5.0,7.857142857142857,8.0,0.8917128856819774
2021-11-01,PROD_016,Trek Marlin 7,Outdoor,Bicicleta Montaña,830,True,3,2463.81,2021,11,1,Monday,0,False,True,False,False,False,True,Todos los Santos,False,False,True,False,False,False,44,4,305,60,False,1,False,True,3.0,3.0,2.0,2.0,2.0,2.0,2.0,2.2857142857142856,1.0518072289156648,1.101759642258245
2021-11-02,PROD_016,Trek Marlin 7,Outdoor,Bicicleta Montaña,830,True,2,1687.36,2021,11,2,Tuesday,1,False,False,False,False,False,False,,False,False,True,False,False,False,44,4,306,59,False,2,False,True,3.0,3.0,3.0,2.0,2.0,2.0,2.0,2.4285714285714284,-1.6481927710843312,1.1364989560180507
2021-11-03,PROD_016,Trek Marlin 7,Outdoor,Bicicleta Montaña,830,True,2,1693.94,2021,11,3,Wednesday,2,False,False,False,False,False,False,,False,False,True,False,False,False,44,4,307,58,False,3,False,True,2.0,3.0,3.0,3.0,2.0,2.0,2.0,2.4285714285714284,-2.044578313253015,1.1356885215859978
2021-11-04,PROD_016,Trek Marlin 7,Outdoor,Bicicleta Montaña,830,True,3,2424.99,2021,11,4,Thursday,3,False,False,False,False,False,False,,False,False,True,False,False,False,44,4,308,57,False,4,False,False,2.0,2.0,3.0,3.0,3.0,2.0,2.0,2.4285714285714284,2.610843373493971,1.0794717021447076
2021-11-05,PROD_016,Trek Marlin 7,Outdoor,Bicicleta Montaña,830,True,4,3316.6,2021,11,5,Friday,4,False,False,True,False,False,False,,False,False,True,False,False,False,44,4,309,56,False,5,False,False,3.0,2.0,2.0,3.0,3.0,3.0,2.0,2.5714285714285716,0.1024096385542196,1.1074233358264773
2021-11-06,PROD_016,Trek Marlin 7,Outdoor,Bicicleta Montaña,830,True,3,2452.8,2021,11,6,Saturday,5,True,False,False,True,False,False,,False,False,True,False,False,False,44,4,310,55,False,6,False,False,4.0,3.0,2.0,2.0,3.0,3.0,3.0,2.857142857142857,1.493975903614455,1.0967773668936716
2021-11-07,PROD_016,Trek Marlin 7,Outdoor,Bicicleta Montaña,830,True,3,2559.39,2021,11,7,Sunday,6,True,False,False,False,True,False,,False,False,True,False,False,False,44,4,311,54,False,7,False,False,3.0,4.0,3.0,2.0,2.0,3.0,3.0,2.857142857142857,-2.786746987951807,1.1513950496207588
2021-11-08,PROD_016,Trek Marlin 7,Outdoor,Bicicleta Montaña,830,True,3,2462.25,2021,11,8,Monday,0,False,True,False,False,False,False,,False,False,True,False,False,False,45,4,312,53,False,8,False,False,3.0,3.0,4.0,3.0,2.0,2.0,3.0,2.857142857142857,1.1144578313253013,1.1159277757131332
2021-11-09,PROD_016,Trek Marlin 7,Outdoor,Bicicleta Montaña,830,True,2,1696.32,2021,11,9,Tuesday,1,False,False,False,False,False,False,,False,False,True,False,False,False,45,4,313,52,False,9,False,False,3.0,3.0,3.0,4.0,3.0,2.0,2.0,2.857142857142857,-2.187951807228912,1.131614291940548
2021-11-10,PROD_016,Trek Marlin 7,Outdoor,Bicicleta Montaña,830,True,4,3306.16,2021,11,10,Wednesday,2,False,False,False,False,False,False,,False,False,True,False,False,False,45,4,314,51,False,10,False,False,2.0,3.0,3.0,3.0,4.0,3.0,2.0,2.857142857142857,0.41686746987952245,1.0924206111443977
2021-11-11,PROD_016,Trek Marlin 7,Outdoor,Bicicleta Montaña,830,True,3,2520.21,2021,11,11,Thursday,3,False,False,False,False,False,False,,False,False,True,False,False,False,45,4,315,50,False,11,False,False,4.0,2.0,3.0,3.0,3.0,4.0,3.0,3.142857142857143,-1.2132530120481988,1.1094622197960875
2021-11-12,PROD_016,Trek Marlin 7,Outdoor,Bicicleta Montaña,830,True,3,2524.23,2021,11,12,Friday,4,False,False,True,False,False,False,,False,False,True,False,False,False,45,4,316,49,False,12,False,False,3.0,4.0,2.0,3.0,3.0,3.0,4.0,3.142857142857143,-1.374698795180719,1.143044096470652
2021-11-13,PROD_016,Trek Marlin 7,Outdoor,Bicicleta Montaña,830,True,4,3225.04,2021,11,13,Saturday,5,True,False,False,True,False,False,,False,False,True,False,False,False,45,4,317,48,False,13,False,False,3.0,3.0,4.0,2.0,3.0,3.0,3.0,3.0,2.8602409638554227,1.0863109673942335
2021-11-14,PROD_016,Trek Marlin 7,Outdoor,Bicicleta Montaña,830,True,3,2545.26,2021,11,14,Sunday,6,True,False,False,False,True,False,,False,False,True,False,False,False,45,4,318,47,False,14,False,False,4.0,3.0,3.0,4.0,2.0,3.0,3.0,3.142857142857143,-2.21927710843373,1.1550148389497472
2021-11-15,PROD_016,Trek Marlin 7,Outdoor,Bicicleta Montaña,830,True,3,2417.43,2021,11,15,Monday,0,False,True,False,False,False,False,,False,False,True,False,False,False,46,4,319,46,False,15,False,False,3.0,4.0,3.0,3.0,4.0,2.0,3.0,3.142857142857143,2.914457831325308,1.0891777427348501
2021-11-16,PROD_016,Trek Marlin 7,Outdoor,Bicicleta Montaña,830,True,3,2548.08,2021,11,16,Tuesday,1,False,False,False,False,False,False,,False,False,True,False,False,False,46,4,320,45,False,16,False,False,3.0,3.0,4.0,3.0,3.0,4.0,2.0,3.142857142857143,-2.3325301204819295,1.1300792095015924
2021-11-17,PROD_016,Trek Marlin 7,Outdoor,Bicicleta Montaña,830,True,3,2431.05,2021,11,17,Wednesday,2,False,False,False,False,False,False,,False,False,True,False,False,False,46,4,321,44,False,17,False,False,3.0,3.0,3.0,4.0,3.0,3.0,4.0,3.2857142857142856,2.3674698795180698,1.0848591407878119
2021-11-18,PROD_016,Trek Marlin 7,Outdoor,Bicicleta Montaña,830,True,2,1650.46,2021,11,18,Thursday,3,False,False,False,False,False,False,,False,False,True,False,False,False,46,4,322,43,False,18,False,False,3.0,3.0,3.0,3.0,4.0,3.0,3.0,3.142857142857143,0.5746987951807208,1.1195175884850705
2021-11-19,PROD_016,Trek Marlin 7,Outdoor,Bicicleta Montaña,830,True,4,3249.68,2021,11,19,Friday,4,False,False,True,False,False,False,,False,False,True,False,False,False,46,4,323,42,False,19,False,False,2.0,3.0,3.0,3.0,3.0,4.0,3.0,3.0,2.1180722891566313,1.0944140098787605
2021-11-20,PROD_016,Trek Marlin 7,Outdoor,Bicicleta Montaña,830,True,3,2561.31,2021,11,20,Saturday,5,True,False,False,True,False,False,,False,False,True,False,False,False,46,4,324,41,False,20,False,False,4.0,2.0,3.0,3.0,3.0,3.0,4.0,3.142857142857143,-2.8638554216867447,1.1379705611857276
2021-11-21,PROD_016,Trek Marlin 7,Outdoor,Bicicleta Montaña,830,True,3,2421.12,2021,11,21,Sunday,6,True,False,False,False,True,False,,False,False,True,False,False,False,46,4,325,40,False,21,False,False,3.0,4.0,2.0,3.0,3.0,3.0,3.0,3.0,2.766265060240968,1.0787333865024662
2021-11-22,PROD_016,Trek Marlin 7,Outdoor,Bicicleta Montaña,830,True,2,1640.48,2021,11,22,Monday,0,False,True,False,False,False,False,,False,False,True,False,False,False,47,4,326,39,False,22,False,False,3.0,3.0,4.0,2.0,3.0,3.0,3.0,3.0,1.1759036144578303,1.1168389090859578
2021-11-23,PROD_016,Trek Marlin 7,Outdoor,Bicicleta Montaña,830,True,3,2499.27,2021,11,23,Tuesday,1,False,False,False,False,False,False,,False,False,True,False,False,False,47,4,327,38,False,23,False,False,2.0,3.0,3.0,4.0,2.0,3.0,3.0,2.857142857142857,-0.37228915662650985,1.2136679502930652
2021-11-24,PROD_016,Trek Marlin 7,Outdoor,Bicicleta Montaña,830,True,2,1643.32,2021,11,24,Wednesday,2,False,False,False,False,False,False,,False,False,True,False,False,False,47,4,328,37,False,24,False,False,3.0,2.0,3.0,3.0,4.0,2.0,3.0,2.857142857142857,1.0048192771084377,1.192170784082335
2021-11-25,PROD_016,Trek Marlin 7,Outdoor,Bicicleta Montaña,830,True,2,1696.46,2021,11,25,Thursday,3,False,False,False,False,False,False,,False,False,True,False,False,False,47,4,329,36,False,25,False,False,2.0,3.0,2.0,3.0,3.0,4.0,2.0,2.7142857142857144,-2.196385542168677,1.2403380759501075
2021-11-26,PROD_016,Trek Marlin 7,Outdoor,Bicicleta Montaña,830,True,11,8217.0,2021,11,26,Friday,4,False,False,True,False,False,False,,True,False,True,False,False,False,47,4,330,35,False,26,False,False,2.0,2.0,3.0,2.0,3.0,3.0,4.0,2.7142857142857144,10.0,1.0364623380527598
2021-11-27,PROD_016,Trek Marlin 7,Outdoor,Bicicleta Montaña,830,True,16,12217.6,2021,11,27,Saturday,5,True,False,False,True,False,False,,False,False,True,False,False,False,47,4,331,34,False,27,False,False,11.0,2.0,2.0,3.0,2.0,3.0,3.0,3.7142857142857144,7.999999999999997,0.9904502488772151
2021-11-28,PROD_016,Trek Marlin 7,Outdoor,Bicicleta Montaña,830,True,11,8399.6,2021,11,28,Sunday,6,True,False,False,False,True,False,,False,False,True,False,False,False,47,4,332,33,False,28,True,False,16.0,11.0,2.0,2.0,3.0,2.0,3.0,5.571428571428571,7.999999999999997,0.9815698561902467
2021-11-29,PROD_016,Trek Marlin 7,Outdoor,Bicicleta Montaña,830,True,7,5229.0,2021,11,29,Monday,0,False,True,False,False,False,False,,False,True,True,False,False,False,48,4,333,32,False,29,True,False,11.0,16.0,11.0,2.0,2.0,3.0,2.0,6.714285714285714,10.0,1.0353789112581864
2021-11-30,PROD_016,Trek Marlin 7,Outdoor,Bicicleta Montaña,830,True,6,4731.0,2021,11,30,Tuesday,1,False,False,False,False,False,False,,False,False,True,False,False,False,48,4,334,31,False,30,True,False,7.0,11.0,16.0,11.0,2.0,2.0,3.0,7.428571428571429,5.0,0.9656875752689268
2022-10-25,PROD_016,Trek Marlin 7,Outdoor,Bicicleta Montaña,830,True,3,2510.28,2022,10,25,Tuesday,1,False,False,False,False,False,False,,False,False,False,False,False,False,43,4,298,67,True,25,False,False,6.0,7.0,11.0,16.0,11.0,2.0,2.0,7.857142857142857,-0.8144578313253001,1.0895454367895414
2022-10-26,PROD_016,Trek Marlin 7,Outdoor,Bicicleta Montaña,830,True,3,2511.6,2022,10,26,Wednesday,2,False,False,False,False,False,False,,False,False,False,False,False,False,43,4,299,66,True,26,False,False,3.0,6.0,7.0,11.0,16.0,11.0,2.0,8.0,-0.8674698795180777,1.1005266893934749
2022-10-27,PROD_016,Trek Marlin 7,Outdoor,Bicicleta Montaña,830,True,3,2506.47,2022,10,27,Thursday,3,False,False,False,False,False,False,,False,False,False,False,False,False,43,4,300,65,True,27,False,False,3.0,3.0,6.0,7.0,11.0,16.0,11.0,8.142857142857142,-0.6614457831325312,1.0886241432927093
2022-10-28,PROD_016,Trek Marlin 7,Outdoor,Bicicleta Montaña,830,True,4,3336.16,2022,10,28,Friday,4,False,False,True,False,False,False,,False,False,False,False,False,False,43,4,301,64,True,28,True,False,3.0,3.0,3.0,6.0,7.0,11.0,16.0,7.0,-0.4867469879518029,1.1032956178952846
2022-10-29,PROD_016,Trek Marlin 7,Outdoor,Bicicleta Montaña,830,True,4,3351.2,2022,10,29,Saturday,5,True,False,False,True,False,False,,False,False,False,False,False,False,43,4,302,63,True,29,True,False,4.0,3.0,3.0,3.0,6.0,7.0,11.0,5.285714285714286,-0.9397590361445728,1.0993788819875776
2022-10-30,PROD_016,Trek Marlin 7,Outdoor,Bicicleta Montaña,830,True,3,2489.34,2022,10,30,Sunday,6,True,False,False,False,True,False,,False,False,False,False,False,False,43,4,303,62,True,30,True,False,4.0,4.0,3.0,3.0,3.0,6.0,7.0,4.285714285714286,0.02650602409638883,1.078990941008192
2022-10-31,PROD_016,Trek Marlin 7,Outdoor,Bicicleta Montaña,830,True,3,2472.36,2022,10,31,Monday,0,False,True,False,False,False,False,,False,False,False,False,False,False,44,4,304,61,True,31,True,False,3.0,4.0,4.0,3.0,3.0,3.0,6.0,3.7142857142857144,0.7084337349397585,1.0684125234977637
2022-11-01,PROD_016,Trek Marlin 7,Outdoor,Bicicleta Montaña,830,True,4,3392.32,2022,11,1,Tuesday,1,False,False,False,False,False,True,Todos los Santos,False,False,True,False,False,False,44,4,305,60,False,1,False,True,3.0,3.0,4.0,4.0,3.0,3.0,3.0,3.2857142857142856,-2.1783132530120533,1.0992754280677648
2022-11-02,PROD_016,Trek Marlin 7,Outdoor,Bicicleta Montaña,830,True,2,1656.44,2022,11,2,Wednesday,2,False,False,False,False,False,False,,False,False,True,False,False,False,44,4,306,59,False,2,False,True,4.0,3.0,3.0,4.0,4.0,3.0,3.0,3.4285714285714284,0.2144578313252979,1.0772752695724561
2022-11-03,PROD_016,Trek Marlin 7,Outdoor,Bicicleta Montaña,830,True,3,2470.8,2022,11,3,Thursday,3,False,False,False,False,False,False,,False,False,True,False,False,False,44,4,307,58,False,3,False,True,2.0,4.0,3.0,3.0,4.0,4.0,3.0,3.2857142857142856,0.7710843373493949,1.070597563987573
2022-11-04,PROD_016,Trek Marlin 7,Outdoor,Bicicleta Montaña,830,True,3,2535.66,2022,11,4,Friday,4,False,False,True,False,False,False,,False,False,True,False,False,False,44,4,308,57,False,4,False,False,3.0,2.0,4.0,3.0,3.0,4.0,4.0,3.2857142857142856,-1.8337349397590395,1.0927166872799512
2022-11-05,PROD_016,Trek Marlin 7,Outdoor,Bicicleta Montaña,830,True,3,2424.72,2022,11,5,Saturday,5,True,False,False,True,False,False,,False,False,True,False,False,False,44,4,309,56,False,5,False,False,3.0,3.0,2.0,4.0,3.0,3.0,4.0,3.142857142857143,2.621686746987951,1.052866515846928
2022-11-06,PROD_016,Trek Marlin 7,Outdoor,Bicicleta Montaña,830,True,4,3367.32,2022,11,6,Sunday,6,True,False,False,False,True,False,,False,False,True,False,False,False,44,4,310,55,False,6,False,False,3.0,3.0,3.0,2.0,4.0,3.0,3.0,3.0,-1.4253012048192821,1.0944132916164708
2022-11-07,PROD_016,Trek Marlin 7,Outdoor,Bicicleta Montaña,830,True,3,2464.17,2022,11,7,Monday,0,False,True,False,False,False,False,,False,False,True,False,False,False,45,4,311,54,False,7,False,False,4.0,3.0,3.0,3.0,2.0,4.0,3.0,3.142857142857143,1.0373493975903632,1.0725020565026833
2022-11-08,PROD_016,Trek Marlin 7,Outdoor,Bicicleta Montaña,830,True,3,2536.71,2022,11,8,Tuesday,1,False,False,False,False,False,False,,False,False,True,False,False,False,45,4,312,53,False,8,False,False,3.0,4.0,3.0,3.0,3.0,2.0,4.0,3.142857142857143,-1.8759036144578374,1.0896473812397716
2022-11-09,PROD_016,Trek Marlin 7,Outdoor,Bicicleta Montaña,830,True,3,2526.57,2022,11,9,Wednesday,2,False,False,False,False,False,False,,False,False,True,False,False,False,45,4,313,52,False,9,False,False,3.0,3.0,4.0,3.0,3.0,3.0,2.0,3.0,-1.4686746987951873,1.0964778280228793
2022-11-10,PROD_016,Trek Marlin 7,Outdoor,Bicicleta Montaña,830,True,3,2518.08,2022,11,10,Thursday,3,False,False,False,False,False,False,,False,False,True,False,False,False,45,4,314,51,False,10,False,False,3.0,3.0,3.0,4.0,3.0,3.0,3.0,3.142857142857143,-1.1277108433734957,1.0944652590036248
2022-11-11,PROD_016,Trek Marlin 7,Outdoor,Bicicleta Montaña,830,True,3,2515.56,2022,11,11,Friday,4,False,False,True,False,False,False,,False,False,True,False,False,False,45,4,315,50,False,11,False,False,3.0,3.0,3.0,3.0,4.0,3.0,3.0,3.142857142857143,-1.0265060240963833,1.1055997257492451
2022-11-12,PROD_016,Trek Marlin 7,Outdoor,Bicicleta Montaña,830,True,4,3392.84,2022,11,12,Saturday,5,True,False,False,True,False,False,,False,False,True,False,False,False,45,4,316,49,False,12,False,False,3.0,3.0,3.0,3.0,3.0,4.0,3.0,3.142857142857143,-2.1939759036144624,1.1006708796698803
2022-11-13,PROD_016,Trek Marlin 7,Outdoor,Bicicleta Montaña,830,True,3,2562.45,2022,11,13,Sunday,6,True,False,False,False,True,False,,False,False,True,False,False,False,45,4,317,48,False,13,False,False,4.0,3.0,3.0,3.0,3.0,3.0,4.0,3.2857142857142856,-2.9096385542168646,1.1252091283136683
2022-11-14,PROD_016,Trek Marlin 7,Outdoor,Bicicleta Montaña,830,True,3,2471.34,2022,11,14,Monday,0,False,True,False,False,False,False,,False,False,True,False,False,False,46,4,318,47,False,14,False,False,3.0,4.0,3.0,3.0,3.0,3.0,3.0,3.142857142857143,0.749397590361449,1.0792867468195773
2022-11-15,PROD_016,Trek Marlin 7,Outdoor,Bicicleta Montaña,830,True,2,1690.72,2022,11,15,Tuesday,1,False,False,False,False,False,False,,False,False,True,False,False,False,46,4,319,46,False,15,False,False,3.0,3.0,4.0,3.0,3.0,3.0,3.0,3.142857142857143,-1.8506024096385558,1.089278504608671
2022-11-16,PROD_016,Trek Marlin 7,Outdoor,Bicicleta Montaña,830,True,3,2466.69,2022,11,16,Wednesday,2,False,False,False,False,False,False,,False,False,True,False,False,False,46,4,320,45,False,16,False,False,2.0,3.0,3.0,4.0,3.0,3.0,3.0,3.0,0.9361445783132508,1.078160035316692
2022-11-17,PROD_016,Trek Marlin 7,Outdoor,Bicicleta Montaña,830,True,3,2514.48,2022,11,17,Thursday,3,False,False,False,False,False,False,,False,False,True,False,False,False,46,4,321,44,False,17,False,False,3.0,2.0,3.0,3.0,4.0,3.0,3.0,3.0,-0.9831325301204782,1.0835473584417823
2022-11-18,PROD_016,Trek Marlin 7,Outdoor,Bicicleta Montaña,830,True,4,3295.0,2022,11,18,Friday,4,False,False,True,False,False,False,,False,False,True,False,False,False,46,4,322,43,False,18,False,False,3.0,3.0,2.0,3.0,3.0,4.0,3.0,3.0,0.7530120481927711,1.0822060581643331
2022-11-19,PROD_016,Trek Marlin 7,Outdoor,Bicicleta Montaña,830,True,3,2467.74,2022,11,19,Saturday,5,True,False,False,True,False,False,,False,False,True,False,False,False,46,4,323,42,False,19,False,False,4.0,3.0,3.0,2.0,3.0,3.0,4.0,3.142857142857143,0.8939759036144529,1.0597617432083073
2022-11-20,PROD_016,Trek Marlin 7,Outdoor,Bicicleta Montaña,830,True,3,2514.39,2022,11,20,Sunday,6,True,False,False,False,True,False,,False,False,True,False,False,False,46,4,324,41,False,20,False,False,3.0,4.0,3.0,3.0,2.0,3.0,3.0,3.0,-0.9795180722891561,1.0917557868410428
2022-11-21,PROD_016,Trek Marlin 7,Outdoor,Bicicleta Montaña,830,True,3,2485.65,2022,11,21,Monday,0,False,True,False,False,False,False,,False,False,True,False,False,False,47,4,325,40,False,21,False,False,3.0,3.0,4.0,3.0,3.0,2.0,3.0,3.0,0.17469879518072837,1.0663220437142058
2022-11-22,PROD_016,Trek Marlin 7,Outdoor,Bicicleta Montaña,830,True,3,2441.94,2022,11,22,Tuesday,1,False,False,False,False,False,False,,False,False,True,False,False,False,47,4,326,39,False,22,False,False,3.0,3.0,3.0,4.0,3.0,3.0,2.0,3.0,1.9301204819277087,1.1313763100102854
2022-11-23,PROD_016,Trek Marlin 7,Outdoor,Bicicleta Montaña,830,True,3,2482.05,2022,11,23,Wednesday,2,False,False,False,False,False,False,,False,False,True,False,False,False,47,4,327,38,False,23,False,False,3.0,3.0,3.0,3.0,4.0,3.0,3.0,3.142857142857143,0.3192771084337322,1.1587643208620064
2022-11-24,PROD_016,Trek Marlin 7,Outdoor,Bicicleta Montaña,830,True,4,3264.88,2022,11,24,Thursday,3,False,False,False,False,False,False,,False,False,True,False,False,False,47,4,328,37,False,24,False,False,3.0,3.0,3.0,3.0,3.0,4.0,3.0,3.142857142857143,1.6602409638554183,1.135341901741501
2022-11-25,PROD_016,Trek Marlin 7,Outdoor,Bicicleta Montaña,830,True,12,8964.0,2022,11,25,Friday,4,False,False,True,False,False,False,,True,False,True,False,False,False,47,4,329,36,False,25,False,False,4.0,3.0,3.0,3.0,3.0,3.0,4.0,3.2857142857142856,10.0,1.0296879576821683
2022-11-26,PROD_016,Trek Marlin 7,Outdoor,Bicicleta Montaña,830,True,19,14508.4,2022,11,26,Saturday,5,True,False,False,True,False,False,,False,False,True,False,False,False,47,4,330,35,False,26,False,False,12.0,4.0,3.0,3.0,3.0,3.0,3.0,4.428571428571429,7.999999999999997,0.944460191402848
2022-11-27,PROD_016,Trek Marlin 7,Outdoor,Bicicleta Montaña,830,True,8,6108.8,2022,11,27,Sunday,6,True,False,False,False,True,False,,False,False,True,False,False,False,47,4,331,34,False,27,False,False,19.0,12.0,4.0,3.0,3.0,3.0,3.0,6.714285714285714,7.999999999999997,0.9671842180259866
2022-11-28,PROD_016,Trek Marlin 7,Outdoor,Bicicleta Montaña,830,True,10,7470.0,2022,11,28,Monday,0,False,True,False,False,False,False,,False,True,True,False,False,False,48,4,332,33,False,28,True,False,8.0,19.0,12.0,4.0,3.0,3.0,3.0,7.428571428571429,10.0,1.0178845171180377
2022-11-29,PROD_016,Trek Marlin 7,Outdoor,Bicicleta Montaña,830,True,6,4731.0,2022,11,29,Tuesday,1,False,False,False,False,False,False,,False,False,True,False,False,False,48,4,333,32,False,29,True,False,10.0,8.0,19.0,12.0,4.0,3.0,3.0,8.428571428571429,5.0,0.937546446300645
2022-11-30,PROD_016,Trek Marlin 7,Outdoor,Bicicleta Montaña,830,True,6,4731.0,2022,11,30,Wednesday,2,False,False,False,False,False,False,,False,False,True,False,False,False,48,4,334,31,False,30,True,False,6.0,10.0,8.0,19.0,12.0,4.0,3.0,8.857142857142858,5.0,0.9470428681526558
2023-10-25,PROD_016,Trek Marlin 7,Outdoor,Bicicleta Montaña,830,True,3,2559.33,2023,10,25,Wednesday,2,False,False,False,False,False,False,,False,False,False,False,False,False,43,4,298,67,True,25,False,False,6.0,6.0,10.0,8.0,19.0,12.0,4.0,9.285714285714286,-2.784337349397592,1.070088221766944
2023-10-26,PROD_016,Trek Marlin 7,Outdoor,Bicicleta Montaña,830,True,3,2463.6,2023,10,26,Thursday,3,False,False,False,False,False,False,,False,False,False,False,False,False,43,4,299,66,True,26,False,False,3.0,6.0,6.0,10.0,8.0,19.0,12.0,9.142857142857142,1.0602409638554162,1.0254659884616344
2023-10-27,PROD_016,Trek Marlin 7,Outdoor,Bicicleta Montaña,830,True,4,3245.36,2023,10,27,Friday,4,False,False,True,False,False,False,,False,False,False,False,False,False,43,4,300,65,True,27,False,False,3.0,3.0,6.0,6.0,10.0,8.0,19.0,7.857142857142857,2.2481927710843332,1.0171119106419786
2023-10-28,PROD_016,Trek Marlin 7,Outdoor,Bicicleta Montaña,830,True,4,3346.44,2023,10,28,Saturday,5,True,False,False,True,False,False,,False,False,False,False,False,False,43,4,301,64,True,28,True,False,4.0,3.0,3.0,6.0,6.0,10.0,8.0,5.714285714285714,-0.7963855421686764,1.0691273881280483
2023-10-29,PROD_016,Trek Marlin 7,Outdoor,Bicicleta Montaña,830,True,3,2504.91,2023,10,29,Sunday,6,True,False,False,False,True,False,,False,False,False,False,False,False,43,4,302,63,True,29,True,False,4.0,4.0,3.0,3.0,6.0,6.0,10.0,5.142857142857143,-0.5987951807228948,1.0603511772225844
2023-10-30,PROD_016,Trek Marlin 7,Outdoor,Bicicleta Montaña,830,True,3,2503.77,2023,10,30,Monday,0,False,True,False,False,False,False,,False,False,False,False,False,False,44,4,303,62,True,30,True,False,3.0,4.0,4.0,3.0,3.0,6.0,6.0,4.142857142857143,-0.5530120481927749,1.059303604670841
2023-10-31,PROD_016,Trek Marlin 7,Outdoor,Bicicleta Montaña,830,True,3,2551.95,2023,10,31,Tuesday,1,False,False,False,False,False,False,,False,False,False,False,False,False,44,4,304,61,True,31,True,False,3.0,3.0,4.0,4.0,3.0,3.0,6.0,3.7142857142857144,-2.487951807228913,1.0753519613337659
2023-11-01,PROD_016,Trek Marlin 7,Outdoor,Bicicleta Montaña,830,True,3,2466.66,2023,11,1,Wednesday,2,False,False,False,False,False,True,Todos los Santos,False,False,True,False,False,False,44,4,305,60,False,1,False,True,3.0,3.0,3.0,4.0,4.0,3.0,3.0,3.2857142857142856,0.9373493975903582,1.0313287871122576
2023-11-02,PROD_016,Trek Marlin 7,Outdoor,Bicicleta Montaña,830,True,4,3391.8,2023,11,2,Thursday,3,False,False,False,False,False,False,,False,False,True,False,False,False,44,4,306,59,False,2,False,True,3.0,3.0,3.0,3.0,4.0,4.0,3.0,3.2857142857142856,-2.162650602409644,1.0739389794445078
2023-11-03,PROD_016,Trek Marlin 7,Outdoor,Bicicleta Montaña,830,True,3,2521.17,2023,11,3,Friday,4,False,False,True,False,False,False,,False,False,True,False,False,False,44,4,307,58,False,3,False,True,4.0,3.0,3.0,3.0,3.0,4.0,4.0,3.4285714285714284,-1.251807228915661,1.0487003398375268
2023-11-04,PROD_016,Trek Marlin 7,Outdoor,Bicicleta Montaña,830,True,5,4052.6,2023,11,4,Saturday,5,True,False,False,True,False,False,,False,False,True,False,False,False,44,4,308,57,False,4,False,False,3.0,4.0,3.0,3.0,3.0,3.0,4.0,3.2857142857142856,2.346987951807231,1.022579030813291
2023-11-05,PROD_016,Trek Marlin 7,Outdoor,Bicicleta Montaña,830,True,3,2485.26,2023,11,5,Sunday,6,True,False,False,False,True,False,,False,False,True,False,False,False,44,4,309,56,False,5,False,False,5.0,3.0,4.0,3.0,3.0,3.0,3.0,3.4285714285714284,0.19036144578313746,1.0311640354334795
2023-11-06,PROD_016,Trek Marlin 7,Outdoor,Bicicleta Montaña,830,True,5,4058.85,2023,11,6,Monday,0,False,True,False,False,False,False,,False,False,True,False,False,False,45,4,310,55,False,6,False,False,3.0,5.0,3.0,4.0,3.0,3.0,3.0,3.4285714285714284,2.196385542168677,1.0363947416577652
2023-11-07,PROD_016,Trek Marlin 7,Outdoor,Bicicleta Montaña,830,True,3,2562.45,2023,11,7,Tuesday,1,False,False,False,False,False,False,,False,False,True,False,False,False,45,4,311,54,False,7,False,False,5.0,3.0,5.0,3.0,4.0,3.0,3.0,3.7142857142857144,-2.9096385542168646,1.0591393627266603
2023-11-08,PROD_016,Trek Marlin 7,Outdoor,Bicicleta Montaña,830,True,4,3242.44,2023,11,8,Wednesday,2,False,False,False,False,False,False,,False,False,True,False,False,False,45,4,312,53,False,8,False,False,3.0,5.0,3.0,5.0,3.0,4.0,3.0,3.7142857142857144,2.3361445783132515,1.0202041389957501
2023-11-09,PROD_016,Trek Marlin 7,Outdoor,Bicicleta Montaña,830,True,3,2541.9,2023,11,9,Thursday,3,False,False,False,False,False,False,,False,False,True,False,False,False,45,4,313,52,False,9,False,False,4.0,3.0,5.0,3.0,5.0,3.0,4.0,3.857142857142857,-2.0843373493975847,1.0836839883868161
2023-11-10,PROD_016,Trek Marlin 7,Outdoor,Bicicleta Montaña,830,True,5,4080.0,2023,11,10,Friday,4,False,False,True,False,False,False,,False,False,True,False,False,False,45,4,314,51,False,10,False,False,3.0,4.0,3.0,5.0,3.0,5.0,3.0,3.7142857142857144,1.6867469879518073,1.031562091778686
2023-11-11,PROD_016,Trek Marlin 7,Outdoor,Bicicleta Montaña,830,True,4,3237.96,2023,11,11,Saturday,5,True,False,False,True,False,False,,False,False,True,False,False,False,45,4,315,50,False,11,False,False,5.0,3.0,4.0,3.0,5.0,3.0,5.0,4.0,2.4710843373493963,1.028537666925022
2023-11-12,PROD_016,Trek Marlin 7,Outdoor,Bicicleta Montaña,830,True,4,3287.08,2023,11,12,Sunday,6,True,False,False,False,True,False,,False,False,True,False,False,False,45,4,316,49,False,12,False,False,4.0,5.0,3.0,4.0,3.0,5.0,3.0,3.857142857142857,0.9915662650602431,1.0291593263924257
2023-11-13,PROD_016,Trek Marlin 7,Outdoor,Bicicleta Montaña,830,True,3,2431.11,2023,11,13,Monday,0,False,True,False,False,False,False,,False,False,True,False,False,False,46,4,317,48,False,13,False,False,4.0,4.0,5.0,3.0,4.0,3.0,5.0,4.0,2.365060240963855,1.0238882407692083
2023-11-14,PROD_016,Trek Marlin 7,Outdoor,Bicicleta Montaña,830,True,3,2448.24,2023,11,14,Tuesday,1,False,False,False,False,False,False,,False,False,True,False,False,False,46,4,318,47,False,14,False,False,3.0,4.0,4.0,5.0,3.0,4.0,3.0,3.7142857142857144,1.677108433734935,1.038027601704437
2023-11-15,PROD_016,Trek Marlin 7,Outdoor,Bicicleta Montaña,830,True,4,3328.28,2023,11,15,Wednesday,2,False,False,False,False,False,False,,False,False,True,False,False,False,46,4,319,46,False,15,False,False,3.0,3.0,4.0,4.0,5.0,3.0,4.0,3.7142857142857144,-0.24939759036145182,1.0559219292642588
2023-11-16,PROD_016,Trek Marlin 7,Outdoor,Bicicleta Montaña,830,True,5,4114.95,2023,11,16,Thursday,3,False,False,False,False,False,False,,False,False,True,False,False,False,46,4,320,45,False,16,False,False,4.0,3.0,3.0,4.0,4.0,5.0,3.0,3.7142857142857144,0.844578313253011,1.0332363834194722
2023-11-17,PROD_016,Trek Marlin 7,Outdoor,Bicicleta Montaña,830,True,5,4026.85,2023,11,17,Friday,4,False,False,True,False,False,False,,False,False,True,False,False,False,46,4,321,44,False,17,False,False,5.0,4.0,3.0,3.0,4.0,4.0,5.0,4.0,2.9674698795180716,1.0186648340528872
2023-11-18,PROD_016,Trek Marlin 7,Outdoor,Bicicleta Montaña,830,True,3,2556.21,2023,11,18,Saturday,5,True,False,False,True,False,False,,False,False,True,False,False,False,46,4,322,43,False,18,False,False,5.0,5.0,4.0,3.0,3.0,4.0,4.0,4.0,-2.659036144578319,1.0903937209401526
2023-11-19,PROD_016,Trek Marlin 7,Outdoor,Bicicleta Montaña,830,True,4,3240.88,2023,11,19,Sunday,6,True,False,False,False,True,False,,False,False,True,False,False,False,46,4,323,42,False,19,False,False,3.0,5.0,5.0,4.0,3.0,3.0,4.0,3.857142857142857,2.383132530120479,1.01599655574551
2023-11-20,PROD_016,Trek Marlin 7,Outdoor,Bicicleta Montaña,830,True,4,3231.44,2023,11,20,Monday,0,False,True,False,False,False,False,,False,False,True,False,False,False,47,4,324,41,False,20,False,False,4.0,3.0,5.0,5.0,4.0,3.0,3.0,3.857142857142857,2.6674698795180705,1.0065035383235323
2023-11-21,PROD_016,Trek Marlin 7,Outdoor,Bicicleta Montaña,830,True,4,3286.76,2023,11,21,Tuesday,1,False,False,False,False,False,False,,False,False,True,False,False,False,47,4,325,40,False,21,False,False,4.0,4.0,3.0,5.0,5.0,4.0,3.0,4.0,1.001204819277102,1.1320642939150403
2023-11-22,PROD_016,Trek Marlin 7,Outdoor,Bicicleta Montaña,830,True,4,3224.12,2023,11,22,Wednesday,2,False,False,False,False,False,False,,False,False,True,False,False,False,47,4,326,39,False,22,False,False,4.0,4.0,4.0,3.0,5.0,5.0,4.0,4.142857142857143,2.887951807228919,1.1022230528345405
2023-11-23,PROD_016,Trek Marlin 7,Outdoor,Bicicleta Montaña,830,True,4,3329.56,2023,11,23,Thursday,3,False,False,False,False,False,False,,False,False,True,False,False,False,47,4,327,38,False,23,False,False,4.0,4.0,4.0,4.0,3.0,5.0,5.0,4.142857142857143,-0.287951807228914,1.1294045815336604
2023-11-24,PROD_016,Trek Marlin 7,Outdoor,Bicicleta Montaña,830,True,13,9711.0,2023,11,24,Friday,4,False,False,True,False,False,False,,True,False,True,False,False,False,47,4,328,37,False,24,False,False,4.0,4.0,4.0,4.0,4.0,3.0,5.0,4.0,10.0,0.9692172954036783
2023-11-25,PROD_016,Trek Marlin 7,Outdoor,Bicicleta Montaña,830,True,14,10690.4,2023,11,25,Saturday,5,True,False,False,True,False,False,,False,False,True,False,False,False,47,4,329,36,False,25,False,False,13.0,4.0,4.0,4.0,4.0,4.0,3.0,5.142857142857143,7.999999999999997,0.9388428397250028
2023-11-26,PROD_016,Trek Marlin 7,Outdoor,Bicicleta Montaña,830,True,14,10690.4,2023,11,26,Sunday,6,True,False,False,False,True,False,,False,False,True,False,False,False,47,4,330,35,False,26,False,False,14.0,13.0,4.0,4.0,4.0,4.0,4.0,6.714285714285714,7.999999999999997,0.9347438003039916
2023-11-27,PROD_016,Trek Marlin 7,Outdoor,Bicicleta Montaña,830,True,12,8964.0,2023,11,27,Monday,0,False,True,False,False,False,False,,False,True,True,False,False,False,48,4,331,34,False,27,False,False,14.0,14.0,13.0,4.0,4.0,4.0,4.0,8.142857142857142,10.0,0.9706708825806593
2023-11-28,PROD_016,Trek Marlin 7,Outdoor,Bicicleta Montaña,830,True,8,6308.0,2023,11,28,Tuesday,1,False,False,False,False,False,False,,False,False,True,False,False,False,48,4,332,33,False,28,True,False,12.0,14.0,14.0,13.0,4.0,4.0,4.0,9.285714285714286,5.0,0.9111393575225329
2023-11-29,PROD_016,Trek Marlin 7,Outdoor,Bicicleta Montaña,830,True,8,6308.0,2023,11,29,Wednesday,2,False,False,False,False,False,False,,False,False,True,False,False,False,48,4,333,32,False,29,True,False,8.0,12.0,14.0,14.0,13.0,4.0,4.0,9.857142857142858,5.0,0.891346534280385
2023-11-30,PROD_016,Trek Marlin 7,Outdoor,Bicicleta Montaña,830,True,2,1704.52,2023,11,30,Thursday,3,False,False,False,False,False,False,,False,False,True,False,False,False,48,4,334,31,False,30,True,False,8.0,8.0,12.0,14.0,14.0,13.0,4.0,10.428571428571429,-2.681927710843372,1.0781641379426672
2024-10-25,PROD_016,Trek Marlin 7,Outdoor,Bicicleta Montaña,830,True,3,2562.66,2024,10,25,Friday,4,False,False,True,False,False,False,,False,False,False,False,False,False,43,4,299,67,True,25,False,False,2.0,8.0,8.0,12.0,14.0,14.0,13.0,10.142857142857142,-2.9180722891566298,1.0465261584576495
2024-10-26,PROD_016,Trek Marlin 7,Outdoor,Bicicleta Montaña,830,True,4,3340.88,2024,10,26,Saturday,5,True,False,False,True,False,False,,False,False,False,False,False,False,43,4,300,66,True,26,False,False,3.0,2.0,8.0,8.0,12.0,14.0,14.0,8.714285714285714,-0.6289156626506057,1.0259301568584098
2024-10-27,PROD_016,Trek Marlin 7,Outdoor,Bicicleta Montaña,830,True,3,2429.22,2024,10,27,Sunday,6,True,False,False,False,True,False,,False,False,False,False,False,False,43,4,301,65,True,27,False,False,4.0,3.0,2.0,8.0,8.0,12.0,14.0,7.285714285714286,2.440963855421686,0.9746626704702753
2024-10-28,PROD_016,Trek Marlin 7,Outdoor,Bicicleta Montaña,830,True,3,2543.82,2024,10,28,Monday,0,False,True,False,False,False,False,,False,False,False,False,False,False,44,4,302,64,True,28,True,False,3.0,4.0,3.0,2.0,8.0,8.0,12.0,5.714285714285714,-2.1614457831325367,1.0307838807058776
2024-10-29,PROD_016,Trek Marlin 7,Outdoor,Bicicleta Montaña,830,True,4,3314.88,2024,10,29,Tuesday,1,False,False,False,False,False,False,,False,False,False,False,False,False,44,4,303,63,True,29,True,False,3.0,3.0,4.0,3.0,2.0,8.0,8.0,4.428571428571429,0.15421686746987623,1.0159700541053012
2024-10-30,PROD_016,Trek Marlin 7,Outdoor,Bicicleta Montaña,830,True,3,2485.02,2024,10,30,Wednesday,2,False,False,False,False,False,False,,False,False,False,False,False,False,44,4,304,62,True,30,True,False,4.0,3.0,3.0,4.0,3.0,2.0,8.0,3.857142857142857,0.19999999999999615,1.0121662627538035
2024-10-31,PROD_016,Trek Marlin 7,Outdoor,Bicicleta Montaña,830,True,4,3349.2,2024,10,31,Thursday,3,False,False,False,False,False,False,,False,False,False,False,False,False,44,4,305,61,True,31,True,False,3.0,4.0,3.0,3.0,4.0,3.0,2.0,3.142857142857143,-0.8795180722891512,1.0100567375316156
2024-11-01,PROD_016,Trek Marlin 7,Outdoor,Bicicleta Montaña,830,True,4,3383.4,2024,11,1,Friday,4,False,False,True,False,False,True,Todos los Santos,False,False,True,False,False,False,44,4,306,60,False,1,False,True,4.0,3.0,4.0,3.0,3.0,4.0,3.0,3.4285714285714284,-1.9096385542168703,1.0412768367145953
2024-11-02,PROD_016,Trek Marlin 7,Outdoor,Bicicleta Montaña,830,True,5,4149.55,2024,11,2,Saturday,5,True,False,False,True,False,False,,False,False,True,False,False,False,44,4,307,59,False,2,False,True,4.0,4.0,3.0,4.0,3.0,3.0,4.0,3.5714285714285716,0.010843373493979739,1.0164818564849591
2024-11-03,PROD_016,Trek Marlin 7,Outdoor,Bicicleta Montaña,830,True,5,4238.65,2024,11,3,Sunday,6,True,False,False,False,True,False,,False,False,True,False,False,False,44,4,308,58,False,3,False,True,5.0,4.0,4.0,3.0,4.0,3.0,3.0,3.7142857142857144,-2.1361445783132553,1.039683253478979
2024-11-04,PROD_016,Trek Marlin 7,Outdoor,Bicicleta Montaña,830,True,4,3306.24,2024,11,4,Monday,0,False,True,False,False,False,False,,False,False,True,False,False,False,45,4,309,57,False,4,False,False,5.0,5.0,4.0,4.0,3.0,4.0,3.0,4.0,0.4144578313253077,1.010752863489993
2024-11-05,PROD_016,Trek Marlin 7,Outdoor,Bicicleta Montaña,830,True,4,3332.04,2024,11,5,Tuesday,1,False,False,False,False,False,False,,False,False,True,False,False,False,45,4,310,56,False,5,False,False,4.0,5.0,5.0,4.0,4.0,3.0,4.0,4.142857142857143,-0.3626506024096374,1.0232700024568013
2024-11-06,PROD_016,Trek Marlin 7,Outdoor,Bicicleta Montaña,830,True,4,3236.2,2024,11,6,Wednesday,2,False,False,False,False,False,False,,False,False,True,False,False,False,45,4,311,55,False,6,False,False,4.0,4.0,5.0,5.0,4.0,4.0,3.0,4.142857142857143,2.5240963855421743,0.9885148756796384
2024-11-07,PROD_016,Trek Marlin 7,Outdoor,Bicicleta Montaña,830,True,4,3228.08,2024,11,7,Thursday,3,False,False,False,False,False,False,,False,False,True,False,False,False,45,4,312,54,False,7,False,False,4.0,4.0,4.0,5.0,5.0,4.0,4.0,4.285714285714286,2.768674698795183,0.9741284964753596
2024-11-08,PROD_016,Trek Marlin 7,Outdoor,Bicicleta Montaña,830,True,4,3353.2,2024,11,8,Friday,4,False,False,True,False,False,False,,False,False,True,False,False,False,45,4,313,53,False,8,False,False,4.0,4.0,4.0,4.0,5.0,5.0,4.0,4.285714285714286,-0.9999999999999944,1.021092592216651
2024-11-09,PROD_016,Trek Marlin 7,Outdoor,Bicicleta Montaña,830,True,5,4092.4,2024,11,9,Saturday,5,True,False,False,True,False,False,,False,False,True,False,False,False,45,4,314,52,False,9,False,False,4.0,4.0,4.0,4.0,4.0,5.0,5.0,4.285714285714286,1.3879518072289134,0.9954271258999804
2024-11-10,PROD_016,Trek Marlin 7,Outdoor,Bicicleta Montaña,830,True,4,3320.52,2024,11,10,Sunday,6,True,False,False,False,True,False,,False,False,True,False,False,False,45,4,315,51,False,10,False,False,5.0,4.0,4.0,4.0,4.0,4.0,5.0,4.285714285714286,-0.01566265060240909,0.9963552710542108
2024-11-11,PROD_016,Trek Marlin 7,Outdoor,Bicicleta Montaña,830,True,4,3373.64,2024,11,11,Monday,0,False,True,False,False,False,False,,False,False,True,False,False,False,46,4,316,50,False,11,False,False,4.0,5.0,4.0,4.0,4.0,4.0,4.0,4.142857142857143,-1.6156626506024057,1.0182380850815522
2024-11-12,PROD_016,Trek Marlin 7,Outdoor,Bicicleta Montaña,830,True,3,2496.54,2024,11,12,Tuesday,1,False,False,False,False,False,False,,False,False,True,False,False,False,46,4,317,49,False,12,False,False,4.0,4.0,5.0,4.0,4.0,4.0,4.0,4.142857142857143,-0.26265060240963256,1.0162251493886056
2024-11-13,PROD_016,Trek Marlin 7,Outdoor,Bicicleta Montaña,830,True,4,3337.68,2024,11,13,Wednesday,2,False,False,False,False,False,False,,False,False,True,False,False,False,46,4,318,48,False,13,False,False,3.0,4.0,4.0,5.0,4.0,4.0,4.0,4.0,-0.5325301204819227,1.0167298249034349
2024-11-14,PROD_016,Trek Marlin 7,Outdoor,Bicicleta Montaña,830,True,3,2525.19,2024,11,14,Thursday,3,False,False,False,False,False,False,,False,False,True,False,False,False,46,4,319,47,False,14,False,False,4.0,3.0,4.0,4.0,5.0,4.0,4.0,4.0,-1.413253012048195,1.0249750371398652
2024-11-15,PROD_016,Trek Marlin 7,Outdoor,Bicicleta Montaña,830,True,4,3306.56,2024,11,15,Friday,4,False,False,True,False,False,False,,False,False,True,False,False,False,46,4,320,46,False,15,False,False,3.0,4.0,3.0,4.0,4.0,5.0,4.0,3.857142857142857,0.40481927710843535,1.0059466344320678
2024-11-16,PROD_016,Trek Marlin 7,Outdoor,Bicicleta Montaña,830,True,5,4088.45,2024,11,16,Saturday,5,True,False,False,True,False,False,,False,False,True,False,False,False,46,4,321,45,False,16,False,False,4.0,3.0,4.0,3.0,4.0,4.0,5.0,3.857142857142857,1.4831325301204754,0.986075547390974
2024-11-17,PROD_016,Trek Marlin 7,Outdoor,Bicicleta Montaña,830,True,3,2475.12,2024,11,17,Sunday,6,True,False,False,False,True,False,,False,False,True,False,False,False,46,4,322,44,False,17,False,False,5.0,4.0,3.0,4.0,3.0,4.0,4.0,3.857142857142857,0.5975903614457876,0.9961564312363411
2024-11-18,PROD_016,Trek Marlin 7,Outdoor,Bicicleta Montaña,830,True,4,3237.44,2024,11,18,Monday,0,False,True,False,False,False,False,,False,False,True,False,False,False,47,4,323,43,False,18,False,False,3.0,5.0,4.0,3.0,4.0,3.0,4.0,3.7142857142857144,2.4867469879518054,0.9736934971608224
2024-11-19,PROD_016,Trek Marlin 7,Outdoor,Bicicleta Montaña,830,True,5,4218.45,2024,11,19,Tuesday,1,False,False,False,False,False,False,,False,False,True,False,False,False,47,4,324,42,False,19,False,False,4.0,3.0,5.0,4.0,3.0,4.0,3.0,3.7142857142857144,-1.6493975903614524,1.0246126941589382
2024-11-20,PROD_016,Trek Marlin 7,Outdoor,Bicicleta Montaña,830,True,4,3248.04,2024,11,20,Wednesday,2,False,False,False,False,False,False,,False,False,True,False,False,False,47,4,325,41,False,20,False,False,5.0,4.0,3.0,5.0,4.0,3.0,4.0,4.0,2.167469879518073,0.9932682035767001
2024-11-21,PROD_016,Trek Marlin 7,Outdoor,Bicicleta Montaña,830,True,4,3333.0,2024,11,21,Thursday,3,False,False,False,False,False,False,,False,False,True,False,False,False,47,4,326,40,False,21,False,False,4.0,5.0,4.0,3.0,5.0,4.0,3.0,4.0,-0.391566265060241,0.9975617153392448
2024-11-22,PROD_016,Trek Marlin 7,Outdoor,Bicicleta Montaña,830,True,5,4053.45,2024,11,22,Friday,4,False,False,True,False,False,False,,False,False,True,False,False,False,47,4,327,39,False,22,False,False,4.0,4.0,5.0,4.0,3.0,5.0,4.0,4.142857142857143,2.3265060240963793,0.9865089055014948
2024-11-23,PROD_016,Trek Marlin 7,Outdoor,Bicicleta Montaña,830,True,6,5039.34,2024,11,23,Saturday,5,True,False,False,True,False,False,,False,False,True,False,False,False,47,4,328,38,False,23,False,False,5.0,4.0,4.0,5.0,4.0,3.0,5.0,4.285714285714286,-1.1915662650602394,1.0145641232132072
2024-11-24,PROD_016,Trek Marlin 7,Outdoor,Bicicleta Montaña,830,True,4,3409.04,2024,11,24,Sunday,6,True,False,False,False,True,False,,False,False,True,False,False,False,47,4,329,37,False,24,False,False,6.0,5.0,4.0,4.0,5.0,4.0,3.0,4.428571428571429,-2.681927710843372,1.0278388602348514
2024-11-25,PROD_016,Trek Marlin 7,Outdoor,Bicicleta Montaña,830,True,4,3304.64,2024,11,25,Monday,0,False,True,False,False,False,False,,False,False,True,False,False,False,48,4,330,36,False,25,False,False,4.0,6.0,5.0,4.0,4.0,5.0,4.0,4.571428571428571,0.46265060240964234,1.0077497946670353
2024-11-26,PROD_016,Trek Marlin 7,Outdoor,Bicicleta Montaña,830,True,4,3408.44,2024,11,26,Tuesday,1,False,False,False,False,False,False,,False,False,True,False,False,False,48,4,331,35,False,26,False,False,4.0,4.0,6.0,5.0,4.0,4.0,5.0,4.571428571428571,-2.663855421686749,1.1043607112616427
2024-11-27,PROD_016,Trek Marlin 7,Outdoor,Bicicleta Montaña,830,True,4,3225.84,2024,11,27,Wednesday,2,False,False,False,False,False,False,,False,False,True,False,False,False,48,4,332,34,False,27,False,False,4.0,4.0,4.0,6.0,5.0,4.0,4.0,4.428571428571429,2.8361445783132484,1.0695708683869654
2024-11-28,PROD_016,Trek Marlin 7,Outdoor,Bicicleta Montaña,830,True,5,4099.15,2024,11,28,Thursday,3,False,False,False,False,False,False,,False,False,True,False,False,False,48,4,333,33,False,28,True,False,4.0,4.0,4.0,4.0,6.0,5.0,4.0,4.428571428571429,1.2253012048192722,1.0820552754533697
2024-11-29,PROD_016,Trek Marlin 7,Outdoor,Bicicleta Montaña,830,True,16,11952.0,2024,11,29,Friday,4,False,False,True,False,False,False,,True,False,True,False,False,False,48,4,334,32,False,29,True,False,5.0,4.0,4.0,4.0,4.0,6.0,5.0,4.571428571428571,10.0,0.9336187098689246
2024-11-30,PROD_016,Trek Marlin 7,Outdoor,Bicicleta Montaña,830,True,18,13744.8,2024,11,30,Saturday,5,True,False,False,True,False,False,,False,False,True,False,False,False,48,4,335,31,False,30,True,False,16.0,5.0,4.0,4.0,4.0,4.0,6.0,6.142857142857143,7.999999999999997,0.9083177208790555
2021-11-01,PROD_017,The North Face Borealis,Outdoor,Mochila Trekking,95,False,1,96.35,2021,11,1,Monday,0,False,True,False,False,False,True,Todos los Santos,False,False,True,False,False,False,44,4,305,60,False,1,False,True,2.0,2.0,2.0,2.0,1.0,2.0,1.0,1.7142857142857142,-1.4210526315789413,1.0300406243318365
2021-11-02,PROD_017,The North Face Borealis,Outdoor,Mochila Trekking,95,False,2,191.64,2021,11,2,Tuesday,1,False,False,False,False,False,False,,False,False,True,False,False,False,44,4,306,59,False,2,False,True,1.0,2.0,2.0,2.0,2.0,1.0,2.0,1.7142857142857142,-0.8631578947368349,1.072852131074121
2021-11-03,PROD_017,The North Face Borealis,Outdoor,Mochila Trekking,95,False,3,288.99,2021,11,3,Wednesday,2,False,False,False,False,False,False,,False,False,True,False,False,False,44,4,307,58,False,3,False,True,2.0,1.0,2.0,2.0,2.0,2.0,1.0,1.7142857142857142,-1.3999999999999981,0.9982038616973508
2021-11-04,PROD_017,The North Face Borealis,Outdoor,Mochila Trekking,95,False,2,190.92,2021,11,4,Thursday,3,False,False,False,False,False,False,,False,False,True,False,False,False,44,4,308,57,False,4,False,False,3.0,2.0,1.0,2.0,2.0,2.0,2.0,2.0,-0.48421052631578293,1.041950154629798
2021-11-05,PROD_017,The North Face Borealis,Outdoor,Mochila Trekking,95,False,2,185.82,2021,11,5,Friday,4,False,False,True,False,False,False,,False,False,True,False,False,False,44,4,309,56,False,5,False,False,2.0,3.0,2.0,1.0,2.0,2.0,2.0,2.0,2.2000000000000037,1.0046858667051146
2021-11-06,PROD_017,The North Face Borealis,Outdoor,Mochila Trekking,95,False,3,291.0,2021,11,6,Saturday,5,True,False,False,True,False,False,,False,False,True,False,False,False,44,4,310,55,False,6,False,False,2.0,2.0,3.0,2.0,1.0,2.0,2.0,2.0,-2.1052631578947367,1.0389517655039453
2021-11-07,PROD_017,The North Face Borealis,Outdoor,Mochila Trekking,95,False,2,186.62,2021,11,7,Sunday,6,True,False,False,False,True,False,,False,False,True,False,False,False,44,4,311,54,False,7,False,False,3.0,2.0,2.0,3.0,2.0,1.0,2.0,2.142857142857143,1.7789473684210502,0.9937167199148028
2021-11-08,PROD_017,The North Face Borealis,Outdoor,Mochila Trekking,95,False,2,189.68,2021,11,8,Monday,0,False,True,False,False,False,False,,False,False,True,False,False,False,45,4,312,53,False,8,False,False,2.0,3.0,2.0,2.0,3.0,2.0,1.0,2.142857142857143,0.16842105263157536,1.0254820688412327
2021-11-09,PROD_017,The North Face Borealis,Outdoor,Mochila Trekking,95,False,2,190.54,2021,11,9,Tuesday,1,False,False,False,False,False,False,,False,False,True,False,False,False,45,4,313,52,False,9,False,False,2.0,2.0,3.0,2.0,2.0,3.0,2.0,2.2857142857142856,-0.2842105263157853,1.0341945288753798
2021-11-10,PROD_017,The North Face Borealis,Outdoor,Mochila Trekking,95,False,2,187.92,2021,11,10,Wednesday,2,False,False,False,False,False,False,,False,False,True,False,False,False,45,4,314,51,False,10,False,False,2.0,2.0,2.0,3.0,2.0,2.0,3.0,2.2857142857142856,1.0947368421052697,1.0403779434561158
2021-11-11,PROD_017,The North Face Borealis,Outdoor,Mochila Trekking,95,False,2,195.62,2021,11,11,Thursday,3,False,False,False,False,False,False,,False,False,True,False,False,False,45,4,315,50,False,11,False,False,2.0,2.0,2.0,2.0,3.0,2.0,2.0,2.142857142857143,-2.957894736842108,1.0637302882001087
2021-11-12,PROD_017,The North Face Borealis,Outdoor,Mochila Trekking,95,False,2,191.74,2021,11,12,Friday,4,False,False,True,False,False,False,,False,False,True,False,False,False,45,4,316,49,False,12,False,False,2.0,2.0,2.0,2.0,2.0,3.0,2.0,2.142857142857143,-0.9157894736842153,1.0724513386531436
2021-11-13,PROD_017,The North Face Borealis,Outdoor,Mochila Trekking,95,False,2,192.92,2021,11,13,Saturday,5,True,False,False,True,False,False,,False,False,True,False,False,False,45,4,317,48,False,13,False,False,2.0,2.0,2.0,2.0,2.0,2.0,3.0,2.142857142857143,-1.5368421052631513,1.0203808180535965
2021-11-14,PROD_017,The North Face Borealis,Outdoor,Mochila Trekking,95,False,2,185.78,2021,11,14,Sunday,6,True,False,False,False,True,False,,False,False,True,False,False,False,45,4,318,47,False,14,False,False,2.0,2.0,2.0,2.0,2.0,2.0,2.0,2.0,2.2210526315789467,1.0037821482602118
2021-11-15,PROD_017,The North Face Borealis,Outdoor,Mochila Trekking,95,False,2,192.72,2021,11,15,Monday,0,False,True,False,False,False,False,,False,False,True,False,False,False,46,4,319,46,False,15,False,False,2.0,2.0,2.0,2.0,2.0,2.0,2.0,2.0,-1.4315789473684206,1.0487973007292384
2021-11-16,PROD_017,The North Face Borealis,Outdoor,Mochila Trekking,95,False,3,285.06,2021,11,16,Tuesday,1,False,False,False,False,False,False,,False,False,True,False,False,False,46,4,320,45,False,16,False,False,2.0,2.0,2.0,2.0,2.0,2.0,2.0,2.0,-0.02105263157894318,1.0539821045625972
2021-11-17,PROD_017,The North Face Borealis,Outdoor,Mochila Trekking,95,False,2,193.22,2021,11,17,Wednesday,2,False,False,False,False,False,False,,False,False,True,False,False,False,46,4,321,44,False,17,False,False,3.0,2.0,2.0,2.0,2.0,2.0,2.0,2.142857142857143,-1.6947368421052624,1.0822224711549233
2021-11-18,PROD_017,The North Face Borealis,Outdoor,Mochila Trekking,95,False,2,190.36,2021,11,18,Thursday,3,False,False,False,False,False,False,,False,False,True,False,False,False,46,4,322,43,False,18,False,False,2.0,3.0,2.0,2.0,2.0,2.0,2.0,2.142857142857143,-0.1894736842105335,1.0115129831024832
2021-11-19,PROD_017,The North Face Borealis,Outdoor,Mochila Trekking,95,False,2,193.54,2021,11,19,Friday,4,False,False,True,False,False,False,,False,False,True,False,False,False,46,4,323,42,False,19,False,False,2.0,2.0,3.0,2.0,2.0,2.0,2.0,2.142857142857143,-1.8631578947368377,1.0497559211715783
2021-11-20,PROD_017,The North Face Borealis,Outdoor,Mochila Trekking,95,False,3,289.41,2021,11,20,Saturday,5,True,False,False,True,False,False,,False,False,True,False,False,False,46,4,324,41,False,20,False,False,2.0,2.0,2.0,3.0,2.0,2.0,2.0,2.142857142857143,-1.5473684210526304,1.0340133623923684
2021-11-21,PROD_017,The North Face Borealis,Outdoor,Mochila Trekking,95,False,2,184.72,2021,11,21,Sunday,6,True,False,False,False,True,False,,False,False,True,False,False,False,46,4,325,40,False,21,False,False,3.0,2.0,2.0,2.0,3.0,2.0,2.0,2.2857142857142856,2.7789473684210533,0.9945084526757832
2021-11-22,PROD_017,The North Face Borealis,Outdoor,Mochila Trekking,95,False,2,186.92,2021,11,22,Monday,0,False,True,False,False,False,False,,False,False,True,False,False,False,47,4,326,39,False,22,False,False,2.0,3.0,2.0,2.0,2.0,3.0,2.0,2.2857142857142856,1.621052631578954,1.010414789722152
2021-11-23,PROD_017,The North Face Borealis,Outdoor,Mochila Trekking,95,False,2,195.1,2021,11,23,Tuesday,1,False,False,False,False,False,False,,False,False,True,False,False,False,47,4,327,38,False,23,False,False,2.0,2.0,3.0,2.0,2.0,2.0,3.0,2.2857142857142856,-2.6842105263157867,1.059098147075854
2021-11-24,PROD_017,The North Face Borealis,Outdoor,Mochila Trekking,95,False,3,277.41,2021,11,24,Wednesday,2,False,False,False,False,False,False,,False,False,True,False,False,False,47,4,328,37,False,24,False,False,2.0,2.0,2.0,3.0,2.0,2.0,2.0,2.142857142857143,2.6631578947368433,0.9947645856492272
2021-11-25,PROD_017,The North Face Borealis,Outdoor,Mochila Trekking,95,False,2,195.1,2021,11,25,Thursday,3,False,False,False,False,False,False,,False,False,True,False,False,False,47,4,329,36,False,25,False,False,3.0,2.0,2.0,2.0,3.0,2.0,2.0,2.2857142857142856,-2.6842105263157867,1.0355626326963907
2021-11-26,PROD_017,The North Face Borealis,Outdoor,Mochila Trekking,95,False,9,769.5,2021,11,26,Friday,4,False,False,True,False,False,False,,True,False,True,False,False,False,47,4,330,35,False,26,False,False,2.0,3.0,2.0,2.0,2.0,3.0,2.0,2.2857142857142856,10.0,1.0463408664436649
2021-11-27,PROD_017,The North Face Borealis,Outdoor,Mochila Trekking,95,False,9,786.6,2021,11,27,Saturday,5,True,False,False,True,False,False,,False,False,True,False,False,False,47,4,331,34,False,27,False,False,9.0,2.0,3.0,2.0,2.0,2.0,3.0,3.2857142857142856,7.999999999999995,0.9364954639617116
2021-11-28,PROD_017,The North Face Borealis,Outdoor,Mochila Trekking,95,False,9,786.6,2021,11,28,Sunday,6,True,False,False,False,True,False,,False,False,True,False,False,False,47,4,332,33,False,28,True,False,9.0,9.0,2.0,3.0,2.0,2.0,2.0,4.142857142857143,7.999999999999995,0.9119365609348916
2021-11-29,PROD_017,The North Face Borealis,Outdoor,Mochila Trekking,95,False,9,769.5,2021,11,29,Monday,0,False,True,False,False,False,False,,False,True,True,False,False,False,48,4,333,32,False,29,True,False,9.0,9.0,9.0,2.0,3.0,2.0,2.0,5.142857142857143,10.0,0.9187949994626929
2021-11-30,PROD_017,The North Face Borealis,Outdoor,Mochila Trekking,95,False,7,631.75,2021,11,30,Tuesday,1,False,False,False,False,False,False,,False,False,True,False,False,False,48,4,334,31,False,30,True,False,9.0,9.0,9.0,9.0,2.0,3.0,2.0,6.142857142857143,5.0,1.0045636687444346
2022-10-25,PROD_017,The North Face Borealis,Outdoor,Mochila Trekking,95,False,2,192.44,2022,10,25,Tuesday,1,False,False,False,False,False,False,,False,False,False,False,False,False,43,4,298,67,True,25,False,False,7.0,9.0,9.0,9.0,9.0,2.0,3.0,6.857142857142857,-1.2842105263157881,1.0567046161730789
2022-10-26,PROD_017,The North Face Borealis,Outdoor,Mochila Trekking,95,False,2,193.44,2022,10,26,Wednesday,2,False,False,False,False,False,False,,False,False,False,False,False,False,43,4,299,66,True,26,False,False,2.0,7.0,9.0,9.0,9.0,9.0,2.0,6.714285714285714,-1.8105263157894724,1.0517997607568783
2022-10-27,PROD_017,The North Face Borealis,Outdoor,Mochila Trekking,95,False,2,195.66,2022,10,27,Thursday,3,False,False,False,False,False,False,,False,False,False,False,False,False,43,4,300,65,True,27,False,False,2.0,2.0,7.0,9.0,9.0,9.0,9.0,6.714285714285714,-2.978947368421051,1.038865880853775
2022-10-28,PROD_017,The North Face Borealis,Outdoor,Mochila Trekking,95,False,2,186.16,2022,10,28,Friday,4,False,False,True,False,False,False,,False,False,False,False,False,False,43,4,301,64,True,28,True,False,2.0,2.0,2.0,7.0,9.0,9.0,9.0,5.714285714285714,2.021052631578949,1.0454902841738738
2022-10-29,PROD_017,The North Face Borealis,Outdoor,Mochila Trekking,95,False,3,279.27,2022,10,29,Saturday,5,True,False,False,True,False,False,,False,False,False,False,False,False,43,4,302,63,True,29,True,False,2.0,2.0,2.0,2.0,7.0,9.0,9.0,4.714285714285714,2.01052631578947,1.0169324885296045
2022-10-30,PROD_017,The North Face Borealis,Outdoor,Mochila Trekking,95,False,2,192.22,2022,10,30,Sunday,6,True,False,False,False,True,False,,False,False,False,False,False,False,43,4,303,62,True,30,True,False,3.0,2.0,2.0,2.0,2.0,7.0,9.0,3.857142857142857,-1.1684210526315784,1.0005205080158235
2022-10-31,PROD_017,The North Face Borealis,Outdoor,Mochila Trekking,95,False,2,192.16,2022,10,31,Monday,0,False,True,False,False,False,False,,False,False,False,False,False,False,44,4,304,61,True,31,True,False,2.0,3.0,2.0,2.0,2.0,2.0,7.0,2.857142857142857,-1.136842105263156,1.014036939313984
2022-11-01,PROD_017,The North Face Borealis,Outdoor,Mochila Trekking,95,False,2,194.22,2022,11,1,Tuesday,1,False,False,False,False,False,True,Todos los Santos,False,False,True,False,False,False,44,4,305,60,False,1,False,True,2.0,2.0,3.0,2.0,2.0,2.0,2.0,2.142857142857143,-2.2210526315789467,1.0732363234481486
2022-11-02,PROD_017,The North Face Borealis,Outdoor,Mochila Trekking,95,False,2,185.16,2022,11,2,Wednesday,2,False,False,False,False,False,False,,False,False,True,False,False,False,44,4,306,59,False,2,False,True,2.0,2.0,2.0,3.0,2.0,2.0,2.0,2.142857142857143,2.5473684210526333,1.002381983542659
2022-11-03,PROD_017,The North Face Borealis,Outdoor,Mochila Trekking,95,False,2,188.8,2022,11,3,Thursday,3,False,False,False,False,False,False,,False,False,True,False,False,False,44,4,307,58,False,3,False,True,2.0,2.0,2.0,2.0,3.0,2.0,2.0,2.142857142857143,0.631578947368415,1.0277626565051714
2022-11-04,PROD_017,The North Face Borealis,Outdoor,Mochila Trekking,95,False,3,284.97,2022,11,4,Friday,4,False,False,True,False,False,False,,False,False,True,False,False,False,44,4,308,57,False,4,False,False,2.0,2.0,2.0,2.0,2.0,3.0,2.0,2.142857142857143,0.010526315789479069,1.038331207870286
2022-11-05,PROD_017,The North Face Borealis,Outdoor,Mochila Trekking,95,False,3,292.62,2022,11,5,Saturday,5,True,False,False,True,False,False,,False,False,True,False,False,False,44,4,309,56,False,5,False,False,3.0,2.0,2.0,2.0,2.0,2.0,3.0,2.2857142857142856,-2.6736842105263223,1.0973524338108454
2022-11-06,PROD_017,The North Face Borealis,Outdoor,Mochila Trekking,95,False,3,290.1,2022,11,6,Sunday,6,True,False,False,False,True,False,,False,False,True,False,False,False,44,4,310,55,False,6,False,False,3.0,3.0,2.0,2.0,2.0,2.0,2.0,2.2857142857142856,-1.7894736842105292,1.0507823819182847
2022-11-07,PROD_017,The North Face Borealis,Outdoor,Mochila Trekking,95,False,2,188.18,2022,11,7,Monday,0,False,True,False,False,False,False,,False,False,True,False,False,False,45,4,311,54,False,7,False,False,3.0,3.0,3.0,2.0,2.0,2.0,2.0,2.4285714285714284,0.9578947368421017,0.9746555712855218
2022-11-08,PROD_017,The North Face Borealis,Outdoor,Mochila Trekking,95,False,2,190.9,2022,11,8,Tuesday,1,False,False,False,False,False,False,,False,False,True,False,False,False,45,4,312,53,False,8,False,False,2.0,3.0,3.0,3.0,2.0,2.0,2.0,2.4285714285714284,-0.47368421052631876,1.0246913580246915
2022-11-09,PROD_017,The North Face Borealis,Outdoor,Mochila Trekking,95,False,3,288.9,2022,11,9,Wednesday,2,False,False,False,False,False,False,,False,False,True,False,False,False,45,4,313,52,False,9,False,False,2.0,2.0,3.0,3.0,3.0,2.0,2.0,2.4285714285714284,-1.3684210526315759,1.024904214559387
2022-11-10,PROD_017,The North Face Borealis,Outdoor,Mochila Trekking,95,False,2,191.74,2022,11,10,Thursday,3,False,False,False,False,False,False,,False,False,True,False,False,False,45,4,314,51,False,10,False,False,3.0,2.0,2.0,3.0,3.0,3.0,2.0,2.5714285714285716,-0.9157894736842153,1.039729592943388
2022-11-11,PROD_017,The North Face Borealis,Outdoor,Mochila Trekking,95,False,2,191.12,2022,11,11,Friday,4,False,False,True,False,False,False,,False,False,True,False,False,False,45,4,315,50,False,11,False,False,2.0,3.0,2.0,2.0,3.0,3.0,3.0,2.5714285714285716,-0.5894736842105287,1.0111812634474975
2022-11-12,PROD_017,The North Face Borealis,Outdoor,Mochila Trekking,95,False,3,285.39,2022,11,12,Saturday,5,True,False,False,True,False,False,,False,False,True,False,False,False,45,4,316,49,False,12,False,False,2.0,2.0,3.0,2.0,2.0,3.0,3.0,2.4285714285714284,-0.13684210526315313,1.0506958250497016
2022-11-13,PROD_017,The North Face Borealis,Outdoor,Mochila Trekking,95,False,2,191.24,2022,11,13,Sunday,6,True,False,False,False,True,False,,False,False,True,False,False,False,45,4,317,48,False,13,False,False,3.0,2.0,2.0,3.0,2.0,2.0,3.0,2.4285714285714284,-0.6526315789473732,1.0296852004738144
2022-11-14,PROD_017,The North Face Borealis,Outdoor,Mochila Trekking,95,False,3,278.37,2022,11,14,Monday,0,False,True,False,False,False,False,,False,False,True,False,False,False,46,4,318,47,False,14,False,False,2.0,3.0,2.0,2.0,3.0,2.0,2.0,2.2857142857142856,2.3263157894736777,1.0018354567048153
2022-11-15,PROD_017,The North Face Borealis,Outdoor,Mochila Trekking,95,False,2,191.08,2022,11,15,Tuesday,1,False,False,False,False,False,False,,False,False,True,False,False,False,46,4,319,46,False,15,False,False,3.0,2.0,3.0,2.0,2.0,3.0,2.0,2.4285714285714284,-0.5684210526315855,1.0898513251454427
2022-11-16,PROD_017,The North Face Borealis,Outdoor,Mochila Trekking,95,False,2,193.94,2022,11,16,Wednesday,2,False,False,False,False,False,False,,False,False,True,False,False,False,46,4,320,45,False,16,False,False,2.0,3.0,2.0,3.0,2.0,2.0,3.0,2.4285714285714284,-2.0736842105263147,1.03214475784992
2022-11-17,PROD_017,The North Face Borealis,Outdoor,Mochila Trekking,95,False,2,185.1,2022,11,17,Thursday,3,False,False,False,False,False,False,,False,False,True,False,False,False,46,4,321,44,False,17,False,False,2.0,2.0,3.0,2.0,3.0,2.0,2.0,2.2857142857142856,2.5789473684210558,1.0155078453604476
2022-11-18,PROD_017,The North Face Borealis,Outdoor,Mochila Trekking,95,False,3,291.15,2022,11,18,Friday,4,False,False,True,False,False,False,,False,False,True,False,False,False,46,4,322,43,False,18,False,False,2.0,2.0,2.0,3.0,2.0,3.0,2.0,2.2857142857142856,-2.157894736842102,1.1173152198940823
2022-11-19,PROD_017,The North Face Borealis,Outdoor,Mochila Trekking,95,False,3,277.32,2022,11,19,Saturday,5,True,False,False,True,False,False,,False,False,True,False,False,False,46,4,323,42,False,19,False,False,3.0,2.0,2.0,2.0,3.0,2.0,3.0,2.4285714285714284,2.6947368421052653,0.9790989973167631
2022-11-20,PROD_017,The North Face Borealis,Outdoor,Mochila Trekking,95,False,3,293.22,2022,11,20,Sunday,6,True,False,False,False,True,False,,False,False,True,False,False,False,46,4,324,41,False,20,False,False,3.0,3.0,2.0,2.0,2.0,3.0,2.0,2.4285714285714284,-2.8842105263157842,1.0379836454387765
2022-11-21,PROD_017,The North Face Borealis,Outdoor,Mochila Trekking,95,False,2,194.5,2022,11,21,Monday,0,False,True,False,False,False,False,,False,False,True,False,False,False,47,4,325,40,False,21,False,False,3.0,3.0,3.0,2.0,2.0,2.0,3.0,2.5714285714285716,-2.368421052631579,1.0446505299341164
2022-11-22,PROD_017,The North Face Borealis,Outdoor,Mochila Trekking,95,False,3,291.96,2022,11,22,Tuesday,1,False,False,False,False,False,False,,False,False,True,False,False,False,47,4,326,39,False,22,False,False,2.0,3.0,3.0,3.0,2.0,2.0,2.0,2.4285714285714284,-2.4421052631578877,1.0625614150016378
2022-11-23,PROD_017,The North Face Borealis,Outdoor,Mochila Trekking,95,False,4,378.4,2022,11,23,Wednesday,2,False,False,False,False,False,False,,False,False,True,False,False,False,47,4,327,38,False,23,False,False,3.0,2.0,3.0,3.0,3.0,2.0,2.0,2.5714285714285716,0.42105263157895334,1.0599439775910364
2022-11-24,PROD_017,The North Face Borealis,Outdoor,Mochila Trekking,95,False,2,195.04,2022,11,24,Thursday,3,False,False,False,False,False,False,,False,False,True,False,False,False,47,4,328,37,False,24,False,False,4.0,3.0,2.0,3.0,3.0,3.0,2.0,2.857142857142857,-2.6526315789473642,1.0196215104729376
2022-11-25,PROD_017,The North Face Borealis,Outdoor,Mochila Trekking,95,False,10,855.0,2022,11,25,Friday,4,False,False,True,False,False,False,,True,False,True,False,False,False,47,4,329,36,False,25,False,False,2.0,4.0,3.0,2.0,3.0,3.0,3.0,2.857142857142857,10.0,1.0659075797872342
2022-11-26,PROD_017,The North Face Borealis,Outdoor,Mochila Trekking,95,False,10,874.0,2022,11,26,Saturday,5,True,False,False,True,False,False,,False,False,True,False,False,False,47,4,330,35,False,26,False,False,10.0,2.0,4.0,3.0,2.0,3.0,3.0,3.857142857142857,7.999999999999995,0.957703265395573
2022-11-27,PROD_017,The North Face Borealis,Outdoor,Mochila Trekking,95,False,10,874.0,2022,11,27,Sunday,6,True,False,False,False,True,False,,False,False,True,False,False,False,47,4,331,34,False,27,False,False,10.0,10.0,2.0,4.0,3.0,2.0,3.0,4.857142857142857,7.999999999999995,0.9473227834381098
2022-11-28,PROD_017,The North Face Borealis,Outdoor,Mochila Trekking,95,False,9,769.5,2022,11,28,Monday,0,False,True,False,False,False,False,,False,True,True,False,False,False,48,4,332,33,False,28,True,False,10.0,10.0,10.0,2.0,4.0,3.0,2.0,5.857142857142857,10.0,0.9484193011647255
2022-11-29,PROD_017,The North Face Borealis,Outdoor,Mochila Trekking,95,False,5,451.25,2022,11,29,Tuesday,1,False,False,False,False,False,False,,False,False,True,False,False,False,48,4,333,32,False,29,True,False,9.0,10.0,10.0,10.0,2.0,4.0,3.0,6.857142857142857,5.0,0.9824733289788807
2022-11-30,PROD_017,The North Face Borealis,Outdoor,Mochila Trekking,95,False,6,541.5,2022,11,30,Wednesday,2,False,False,False,False,False,False,,False,False,True,False,False,False,48,4,334,31,False,30,True,False,5.0,9.0,10.0,10.0,10.0,2.0,4.0,7.142857142857143,5.0,0.9629405697620659
2023-10-25,PROD_017,The North Face Borealis,Outdoor,Mochila Trekking,95,False,3,281.58,2023,10,25,Wednesday,2,False,False,False,False,False,False,,False,False,False,False,False,False,43,4,298,67,True,25,False,False,6.0,5.0,9.0,10.0,10.0,10.0,2.0,7.428571428571429,1.2000000000000006,0.9974141900747404
2023-10-26,PROD_017,The North Face Borealis,Outdoor,Mochila Trekking,95,False,2,187.02,2023,10,26,Thursday,3,False,False,False,False,False,False,,False,False,False,False,False,False,43,4,299,66,True,26,False,False,3.0,6.0,5.0,9.0,10.0,10.0,10.0,7.571428571428571,1.5684210526315734,1.0512647554806072
2023-10-27,PROD_017,The North Face Borealis,Outdoor,Mochila Trekking,95,False,2,195.16,2023,10,27,Friday,4,False,False,True,False,False,False,,False,False,False,False,False,False,43,4,300,65,True,27,False,False,2.0,3.0,6.0,5.0,9.0,10.0,10.0,6.428571428571429,-2.7157894736842088,1.0765270474019049
2023-10-28,PROD_017,The North Face Borealis,Outdoor,Mochila Trekking,95,False,3,287.82,2023,10,28,Saturday,5,True,False,False,True,False,False,,False,False,False,False,False,False,43,4,301,64,True,28,True,False,2.0,2.0,3.0,6.0,5.0,9.0,10.0,5.285714285714286,-0.989473684210524,1.0549039730244831
2023-10-29,PROD_017,The North Face Borealis,Outdoor,Mochila Trekking,95,False,2,193.4,2023,10,29,Sunday,6,True,False,False,False,True,False,,False,False,False,False,False,False,43,4,302,63,True,29,True,False,3.0,2.0,2.0,3.0,6.0,5.0,9.0,4.285714285714286,-1.7894736842105292,1.072101703684541
2023-10-30,PROD_017,The North Face Borealis,Outdoor,Mochila Trekking,95,False,2,195.2,2023,10,30,Monday,0,False,True,False,False,False,False,,False,False,False,False,False,False,44,4,303,62,True,30,True,False,2.0,3.0,2.0,2.0,3.0,6.0,5.0,3.2857142857142856,-2.7368421052631517,1.034080875860851
2023-10-31,PROD_017,The North Face Borealis,Outdoor,Mochila Trekking,95,False,2,190.56,2023,10,31,Tuesday,1,False,False,False,False,False,False,,False,False,False,False,False,False,44,4,304,61,True,31,True,False,2.0,2.0,3.0,2.0,2.0,3.0,6.0,2.857142857142857,-0.29473684210526435,1.0683610540085966
2023-11-01,PROD_017,The North Face Borealis,Outdoor,Mochila Trekking,95,False,2,191.58,2023,11,1,Wednesday,2,False,False,False,False,False,True,Todos los Santos,False,False,True,False,False,False,44,4,305,60,False,1,False,True,2.0,2.0,2.0,3.0,2.0,2.0,3.0,2.2857142857142856,-0.8315789473684276,0.9931570762052877
2023-11-02,PROD_017,The North Face Borealis,Outdoor,Mochila Trekking,95,False,2,193.88,2023,11,2,Thursday,3,False,False,False,False,False,False,,False,False,True,False,False,False,44,4,306,59,False,2,False,True,2.0,2.0,2.0,2.0,3.0,2.0,2.0,2.142857142857143,-2.042105263157892,1.101590909090909
2023-11-03,PROD_017,The North Face Borealis,Outdoor,Mochila Trekking,95,False,2,190.96,2023,11,3,Friday,4,False,False,True,False,False,False,,False,False,True,False,False,False,44,4,307,58,False,3,False,True,2.0,2.0,2.0,2.0,2.0,3.0,2.0,2.142857142857143,-0.505263157894741,1.0267770728035273
2023-11-04,PROD_017,The North Face Borealis,Outdoor,Mochila Trekking,95,False,4,390.16,2023,11,4,Saturday,5,True,False,False,True,False,False,,False,False,True,False,False,False,44,4,308,57,False,4,False,False,2.0,2.0,2.0,2.0,2.0,2.0,3.0,2.142857142857143,-2.6736842105263223,1.0444745859508855
2023-11-05,PROD_017,The North Face Borealis,Outdoor,Mochila Trekking,95,False,2,193.44,2023,11,5,Sunday,6,True,False,False,False,True,False,,False,False,True,False,False,False,44,4,309,56,False,5,False,False,4.0,2.0,2.0,2.0,2.0,2.0,2.0,2.2857142857142856,-1.8105263157894724,1.0304709141274238
2023-11-06,PROD_017,The North Face Borealis,Outdoor,Mochila Trekking,95,False,2,187.32,2023,11,6,Monday,0,False,True,False,False,False,False,,False,False,True,False,False,False,45,4,310,55,False,6,False,False,2.0,4.0,2.0,2.0,2.0,2.0,2.0,2.2857142857142856,1.4105263157894774,0.9926166672554492
2023-11-07,PROD_017,The North Face Borealis,Outdoor,Mochila Trekking,95,False,2,193.7,2023,11,7,Tuesday,1,False,False,False,False,False,False,,False,False,True,False,False,False,45,4,311,54,False,7,False,False,2.0,2.0,4.0,2.0,2.0,2.0,2.0,2.2857142857142856,-1.9473684210526259,1.0548193864585225
2023-11-08,PROD_017,The North Face Borealis,Outdoor,Mochila Trekking,95,False,2,195.12,2023,11,8,Wednesday,2,False,False,False,False,False,False,,False,False,True,False,False,False,45,4,312,53,False,8,False,False,2.0,2.0,2.0,4.0,2.0,2.0,2.0,2.2857142857142856,-2.6947368421052653,1.0760294117647058
2023-11-09,PROD_017,The North Face Borealis,Outdoor,Mochila Trekking,95,False,2,188.48,2023,11,9,Thursday,3,False,False,False,False,False,False,,False,False,True,False,False,False,45,4,313,52,False,9,False,False,2.0,2.0,2.0,2.0,4.0,2.0,2.0,2.2857142857142856,0.8000000000000054,1.023050479464447
2023-11-10,PROD_017,The North Face Borealis,Outdoor,Mochila Trekking,95,False,3,283.44,2023,11,10,Friday,4,False,False,True,False,False,False,,False,False,True,False,False,False,45,4,314,51,False,10,False,False,2.0,2.0,2.0,2.0,2.0,4.0,2.0,2.2857142857142856,0.5473684210526274,1.042672160094173
2023-11-11,PROD_017,The North Face Borealis,Outdoor,Mochila Trekking,95,False,3,278.07,2023,11,11,Saturday,5,True,False,False,True,False,False,,False,False,True,False,False,False,45,4,315,50,False,11,False,False,3.0,2.0,2.0,2.0,2.0,2.0,4.0,2.4285714285714284,2.4315789473684237,1.0348716040193524
2023-11-12,PROD_017,The North Face Borealis,Outdoor,Mochila Trekking,95,False,2,193.26,2023,11,12,Sunday,6,True,False,False,False,True,False,,False,False,True,False,False,False,45,4,316,49,False,12,False,False,3.0,3.0,2.0,2.0,2.0,2.0,2.0,2.2857142857142856,-1.7157894736842056,1.105227038773876
2023-11-13,PROD_017,The North Face Borealis,Outdoor,Mochila Trekking,95,False,3,286.2,2023,11,13,Monday,0,False,True,False,False,False,False,,False,False,True,False,False,False,46,4,317,48,False,13,False,False,2.0,3.0,3.0,2.0,2.0,2.0,2.0,2.2857142857142856,-0.42105263157895334,1.0118795078489604
2023-11-14,PROD_017,The North Face Borealis,Outdoor,Mochila Trekking,95,False,2,184.64,2023,11,14,Tuesday,1,False,False,False,False,False,False,,False,False,True,False,False,False,46,4,318,47,False,14,False,False,3.0,2.0,3.0,3.0,2.0,2.0,2.0,2.4285714285714284,2.821052631578955,0.9703594702543621
2023-11-15,PROD_017,The North Face Borealis,Outdoor,Mochila Trekking,95,False,3,291.12,2023,11,15,Wednesday,2,False,False,False,False,False,False,,False,False,True,False,False,False,46,4,319,46,False,15,False,False,2.0,3.0,2.0,3.0,3.0,2.0,2.0,2.4285714285714284,-2.1473684210526383,1.0550501938897547
2023-11-16,PROD_017,The North Face Borealis,Outdoor,Mochila Trekking,95,False,2,190.76,2023,11,16,Thursday,3,False,False,False,False,False,False,,False,False,True,False,False,False,46,4,320,45,False,16,False,False,3.0,2.0,3.0,2.0,3.0,3.0,2.0,2.5714285714285716,-0.39999999999999525,1.0194890797021412
2023-11-17,PROD_017,The North Face Borealis,Outdoor,Mochila Trekking,95,False,3,284.61,2023,11,17,Friday,4,False,False,True,False,False,False,,False,False,True,False,False,False,46,4,321,44,False,17,False,False,2.0,3.0,2.0,3.0,2.0,3.0,3.0,2.5714285714285716,0.13684210526315313,1.0253999135322094
2023-11-18,PROD_017,The North Face Borealis,Outdoor,Mochila Trekking,95,False,3,278.73,2023,11,18,Saturday,5,True,False,False,True,False,False,,False,False,True,False,False,False,46,4,322,43,False,18,False,False,3.0,2.0,3.0,2.0,3.0,2.0,3.0,2.5714285714285716,2.2000000000000037,1.0195325359376715
2023-11-19,PROD_017,The North Face Borealis,Outdoor,Mochila Trekking,95,False,3,281.76,2023,11,19,Sunday,6,True,False,False,False,True,False,,False,False,True,False,False,False,46,4,323,42,False,19,False,False,3.0,3.0,2.0,3.0,2.0,3.0,2.0,2.5714285714285716,1.136842105263156,1.0160103851146691
2023-11-20,PROD_017,The North Face Borealis,Outdoor,Mochila Trekking,95,False,2,187.7,2023,11,20,Monday,0,False,True,False,False,False,False,,False,False,True,False,False,False,47,4,324,41,False,20,False,False,3.0,3.0,3.0,2.0,3.0,2.0,3.0,2.7142857142857144,1.2105263157894797,1.0090674503619812
2023-11-21,PROD_017,The North Face Borealis,Outdoor,Mochila Trekking,95,False,3,290.22,2023,11,21,Tuesday,1,False,False,False,False,False,False,,False,False,True,False,False,False,47,4,325,40,False,21,False,False,2.0,3.0,3.0,3.0,2.0,3.0,2.0,2.5714285714285716,-1.8315789473684156,1.0252949904613862
2023-11-22,PROD_017,The North Face Borealis,Outdoor,Mochila Trekking,95,False,3,289.77,2023,11,22,Wednesday,2,False,False,False,False,False,False,,False,False,True,False,False,False,47,4,326,39,False,22,False,False,3.0,2.0,3.0,3.0,3.0,2.0,3.0,2.7142857142857144,-1.6736842105263192,1.0407283697877383
2023-11-23,PROD_017,The North Face Borealis,Outdoor,Mochila Trekking,95,False,3,279.12,2023,11,23,Thursday,3,False,False,False,False,False,False,,False,False,True,False,False,False,47,4,327,38,False,23,False,False,3.0,3.0,2.0,3.0,3.0,3.0,2.0,2.7142857142857144,2.0631578947368356,0.9901032244333298
2023-11-24,PROD_017,The North Face Borealis,Outdoor,Mochila Trekking,95,False,13,1111.5,2023,11,24,Friday,4,False,False,True,False,False,False,,True,False,True,False,False,False,47,4,328,37,False,24,False,False,3.0,3.0,3.0,2.0,3.0,3.0,3.0,2.857142857142857,10.0,1.0160427807486632
2023-11-25,PROD_017,The North Face Borealis,Outdoor,Mochila Trekking,95,False,12,1048.8,2023,11,25,Saturday,5,True,False,False,True,False,False,,False,False,True,False,False,False,47,4,329,36,False,25,False,False,13.0,3.0,3.0,3.0,2.0,3.0,3.0,4.285714285714286,7.999999999999995,0.9559922703904912
2023-11-26,PROD_017,The North Face Borealis,Outdoor,Mochila Trekking,95,False,11,961.4,2023,11,26,Sunday,6,True,False,False,False,True,False,,False,False,True,False,False,False,47,4,330,35,False,26,False,False,12.0,13.0,3.0,3.0,3.0,2.0,3.0,5.571428571428571,7.999999999999995,0.9746124967475748
2023-11-27,PROD_017,The North Face Borealis,Outdoor,Mochila Trekking,95,False,9,769.5,2023,11,27,Monday,0,False,True,False,False,False,False,,False,True,True,False,False,False,48,4,331,34,False,27,False,False,11.0,12.0,13.0,3.0,3.0,3.0,2.0,6.714285714285714,10.0,0.9422525898170596
2023-11-28,PROD_017,The North Face Borealis,Outdoor,Mochila Trekking,95,False,5,451.25,2023,11,28,Tuesday,1,False,False,False,False,False,False,,False,False,True,False,False,False,48,4,332,33,False,28,True,False,9.0,11.0,12.0,13.0,3.0,3.0,3.0,7.714285714285714,5.0,0.9864825475479123
2023-11-29,PROD_017,The North Face Borealis,Outdoor,Mochila Trekking,95,False,4,361.0,2023,11,29,Wednesday,2,False,False,False,False,False,False,,False,False,True,False,False,False,48,4,333,32,False,29,True,False,5.0,9.0,11.0,12.0,13.0,3.0,3.0,8.0,5.0,0.9778604449581045
2023-11-30,PROD_017,The North Face Borealis,Outdoor,Mochila Trekking,95,False,2,191.14,2023,11,30,Thursday,3,False,False,False,False,False,False,,False,False,True,False,False,False,48,4,334,31,False,30,True,False,4.0,5.0,9.0,11.0,12.0,13.0,3.0,8.142857142857142,-0.5999999999999928,1.02608975735452
2024-10-25,PROD_017,The North Face Borealis,Outdoor,Mochila Trekking,95,False,2,184.64,2024,10,25,Friday,4,False,False,True,False,False,False,,False,False,False,False,False,False,43,4,299,67,True,25,False,False,2.0,4.0,5.0,9.0,11.0,12.0,13.0,8.0,2.821052631578955,1.023276435380182
2024-10-26,PROD_017,The North Face Borealis,Outdoor,Mochila Trekking,95,False,3,285.3,2024,10,26,Saturday,5,True,False,False,True,False,False,,False,False,False,False,False,False,43,4,300,66,True,26,False,False,2.0,2.0,4.0,5.0,9.0,11.0,12.0,6.428571428571429,-0.10526315789473085,1.0208974450726398
2024-10-27,PROD_017,The North Face Borealis,Outdoor,Mochila Trekking,95,False,2,193.66,2024,10,27,Sunday,6,True,False,False,False,True,False,,False,False,False,False,False,False,43,4,301,65,True,27,False,False,3.0,2.0,2.0,4.0,5.0,9.0,11.0,5.142857142857143,-1.9263157894736826,1.0301429128692507
2024-10-28,PROD_017,The North Face Borealis,Outdoor,Mochila Trekking,95,False,2,186.06,2024,10,28,Monday,0,False,True,False,False,False,False,,False,False,False,False,False,False,44,4,302,64,True,28,True,False,2.0,3.0,2.0,2.0,4.0,5.0,9.0,3.857142857142857,2.0736842105263147,0.9819160539000105
2024-10-29,PROD_017,The North Face Borealis,Outdoor,Mochila Trekking,95,False,2,186.76,2024,10,29,Tuesday,1,False,False,False,False,False,False,,False,False,False,False,False,False,44,4,303,63,True,29,True,False,2.0,2.0,3.0,2.0,2.0,4.0,5.0,2.857142857142857,1.7052631578947417,1.0218120805369129
2024-10-30,PROD_017,The North Face Borealis,Outdoor,Mochila Trekking,95,False,2,190.7,2024,10,30,Wednesday,2,False,False,False,False,False,False,,False,False,False,False,False,False,44,4,304,62,True,30,True,False,2.0,2.0,2.0,3.0,2.0,2.0,4.0,2.4285714285714284,-0.36842105263157293,1.0432546774134723
2024-10-31,PROD_017,The North Face Borealis,Outdoor,Mochila Trekking,95,False,2,187.76,2024,10,31,Thursday,3,False,False,False,False,False,False,,False,False,False,False,False,False,44,4,305,61,True,31,True,False,2.0,2.0,2.0,2.0,3.0,2.0,2.0,2.142857142857143,1.1789473684210574,0.9929488083486109
2024-11-01,PROD_017,The North Face Borealis,Outdoor,Mochila Trekking,95,False,2,187.78,2024,11,1,Friday,4,False,False,True,False,False,True,Todos los Santos,False,False,True,False,False,False,44,4,306,60,False,1,False,True,2.0,2.0,2.0,2.0,2.0,3.0,2.0,2.142857142857143,1.1684210526315784,1.0193247204429485
2024-11-02,PROD_017,The North Face Borealis,Outdoor,Mochila Trekking,95,False,3,289.71,2024,11,2,Saturday,5,True,False,False,True,False,False,,False,False,True,False,False,False,44,4,307,59,False,2,False,True,2.0,2.0,2.0,2.0,2.0,2.0,3.0,2.142857142857143,-1.6526315789473611,1.0870919324577861
2024-11-03,PROD_017,The North Face Borealis,Outdoor,Mochila Trekking,95,False,4,368.92,2024,11,3,Sunday,6,True,False,False,False,True,False,,False,False,True,False,False,False,44,4,308,58,False,3,False,True,3.0,2.0,2.0,2.0,2.0,2.0,2.0,2.142857142857143,2.9157894736842063,1.0095227670753066
2024-11-04,PROD_017,The North Face Borealis,Outdoor,Mochila Trekking,95,False,2,189.06,2024,11,4,Monday,0,False,True,False,False,False,False,,False,False,True,False,False,False,45,4,309,57,False,4,False,False,4.0,3.0,2.0,2.0,2.0,2.0,2.0,2.4285714285714284,0.494736842105262,1.0695052044048878
2024-11-05,PROD_017,The North Face Borealis,Outdoor,Mochila Trekking,95,False,2,189.34,2024,11,5,Tuesday,1,False,False,False,False,False,False,,False,False,True,False,False,False,45,4,310,56,False,5,False,False,2.0,4.0,3.0,2.0,2.0,2.0,2.0,2.4285714285714284,0.34736842105262977,1.0181029538285058
2024-11-06,PROD_017,The North Face Borealis,Outdoor,Mochila Trekking,95,False,3,289.62,2024,11,6,Wednesday,2,False,False,False,False,False,False,,False,False,True,False,False,False,45,4,311,55,False,6,False,False,2.0,2.0,4.0,3.0,2.0,2.0,2.0,2.4285714285714284,-1.621052631578954,1.0837043966323667
2024-11-07,PROD_017,The North Face Borealis,Outdoor,Mochila Trekking,95,False,3,282.15,2024,11,7,Thursday,3,False,False,False,False,False,False,,False,False,True,False,False,False,45,4,312,54,False,7,False,False,3.0,2.0,2.0,4.0,3.0,2.0,2.0,2.5714285714285716,1.0000000000000029,1.027232679215058
2024-11-08,PROD_017,The North Face Borealis,Outdoor,Mochila Trekking,95,False,2,190.6,2024,11,8,Friday,4,False,False,True,False,False,False,,False,False,True,False,False,False,45,4,313,53,False,8,False,False,3.0,3.0,2.0,2.0,4.0,3.0,2.0,2.7142857142857144,-0.3157894736842075,1.038390295282025
2024-11-09,PROD_017,The North Face Borealis,Outdoor,Mochila Trekking,95,False,3,283.95,2024,11,9,Saturday,5,True,False,False,True,False,False,,False,False,True,False,False,False,45,4,314,52,False,9,False,False,2.0,3.0,3.0,2.0,2.0,4.0,3.0,2.7142857142857144,0.36842105263157293,1.0298117723860298
2024-11-10,PROD_017,The North Face Borealis,Outdoor,Mochila Trekking,95,False,3,284.67,2024,11,10,Sunday,6,True,False,False,False,True,False,,False,False,True,False,False,False,45,4,315,51,False,10,False,False,3.0,2.0,3.0,3.0,2.0,2.0,4.0,2.7142857142857144,0.11578947368420993,1.0113329543839704
2024-11-11,PROD_017,The North Face Borealis,Outdoor,Mochila Trekking,95,False,2,188.52,2024,11,11,Monday,0,False,True,False,False,False,False,,False,False,True,False,False,False,46,4,316,50,False,11,False,False,3.0,3.0,2.0,3.0,3.0,2.0,2.0,2.5714285714285716,0.7789473684210473,1.0055830162512
2024-11-12,PROD_017,The North Face Borealis,Outdoor,Mochila Trekking,95,False,3,285.6,2024,11,12,Tuesday,1,False,False,False,False,False,False,,False,False,True,False,False,False,46,4,317,49,False,12,False,False,2.0,3.0,3.0,2.0,3.0,3.0,2.0,2.5714285714285716,-0.21052631578947667,1.0472663268673685
2024-11-13,PROD_017,The North Face Borealis,Outdoor,Mochila Trekking,95,False,2,193.86,2024,11,13,Wednesday,2,False,False,False,False,False,False,,False,False,True,False,False,False,46,4,318,48,False,13,False,False,3.0,2.0,3.0,3.0,2.0,3.0,3.0,2.7142857142857144,-2.0315789473684283,1.0620138051933823
2024-11-14,PROD_017,The North Face Borealis,Outdoor,Mochila Trekking,95,False,2,185.76,2024,11,14,Thursday,3,False,False,False,False,False,False,,False,False,True,False,False,False,46,4,319,47,False,14,False,False,2.0,3.0,2.0,3.0,3.0,2.0,3.0,2.5714285714285716,2.2315789473684258,1.0321529115424508
2024-11-15,PROD_017,The North Face Borealis,Outdoor,Mochila Trekking,95,False,3,287.73,2024,11,15,Friday,4,False,False,True,False,False,False,,False,False,True,False,False,False,46,4,320,46,False,15,False,False,2.0,2.0,3.0,2.0,3.0,3.0,2.0,2.4285714285714284,-0.9578947368421017,1.026837015095821
2024-11-16,PROD_017,The North Face Borealis,Outdoor,Mochila Trekking,95,False,4,390.8,2024,11,16,Saturday,5,True,False,False,True,False,False,,False,False,True,False,False,False,46,4,321,45,False,16,False,False,3.0,2.0,2.0,3.0,2.0,3.0,3.0,2.5714285714285716,-2.842105263157898,1.0735477254413597
2024-11-17,PROD_017,The North Face Borealis,Outdoor,Mochila Trekking,95,False,3,281.52,2024,11,17,Sunday,6,True,False,False,False,True,False,,False,False,True,False,False,False,46,4,322,44,False,17,False,False,4.0,3.0,2.0,2.0,3.0,2.0,3.0,2.7142857142857144,1.2210526315789438,0.9896994199332043
2024-11-18,PROD_017,The North Face Borealis,Outdoor,Mochila Trekking,95,False,3,287.4,2024,11,18,Monday,0,False,True,False,False,False,False,,False,False,True,False,False,False,47,4,323,43,False,18,False,False,3.0,4.0,3.0,2.0,2.0,3.0,2.0,2.7142857142857144,-0.8421052631578918,1.019438138479001
2024-11-19,PROD_017,The North Face Borealis,Outdoor,Mochila Trekking,95,False,3,278.04,2024,11,19,Tuesday,1,False,False,False,False,False,False,,False,False,True,False,False,False,47,4,324,42,False,19,False,False,3.0,3.0,4.0,3.0,2.0,2.0,3.0,2.857142857142857,2.4421052631578877,1.0077564334903952
2024-11-20,PROD_017,The North Face Borealis,Outdoor,Mochila Trekking,95,False,2,193.64,2024,11,20,Wednesday,2,False,False,False,False,False,False,,False,False,True,False,False,False,47,4,325,41,False,20,False,False,3.0,3.0,3.0,4.0,3.0,2.0,2.0,2.857142857142857,-1.9157894736842034,1.0725997045790252
2024-11-21,PROD_017,The North Face Borealis,Outdoor,Mochila Trekking,95,False,2,187.94,2024,11,21,Thursday,3,False,False,False,False,False,False,,False,False,True,False,False,False,47,4,326,40,False,21,False,False,2.0,3.0,3.0,3.0,4.0,3.0,2.0,2.857142857142857,1.0842105263157906,1.0108648881239244
2024-11-22,PROD_017,The North Face Borealis,Outdoor,Mochila Trekking,95,False,3,283.05,2024,11,22,Friday,4,False,False,True,False,False,False,,False,False,True,False,False,False,47,4,327,39,False,22,False,False,2.0,2.0,3.0,3.0,3.0,4.0,3.0,2.857142857142857,0.6842105263157955,1.0084797092671107
2024-11-23,PROD_017,The North Face Borealis,Outdoor,Mochila Trekking,95,False,3,283.56,2024,11,23,Saturday,5,True,False,False,True,False,False,,False,False,True,False,False,False,47,4,328,38,False,23,False,False,3.0,2.0,2.0,3.0,3.0,3.0,4.0,2.857142857142857,0.505263157894741,0.9967660292463443
2024-11-24,PROD_017,The North Face Borealis,Outdoor,Mochila Trekking,95,False,4,390.76,2024,11,24,Sunday,6,True,False,False,False,True,False,,False,False,True,False,False,False,47,4,329,37,False,24,False,False,3.0,3.0,2.0,2.0,3.0,3.0,3.0,2.7142857142857144,-2.8315789473684188,1.055651610114545
2024-11-25,PROD_017,The North Face Borealis,Outdoor,Mochila Trekking,95,False,3,281.34,2024,11,25,Monday,0,False,True,False,False,False,False,,False,False,True,False,False,False,48,4,330,36,False,25,False,False,4.0,3.0,3.0,2.0,2.0,3.0,3.0,2.857142857142857,1.2842105263157881,1.0272007010113549
2024-11-26,PROD_017,The North Face Borealis,Outdoor,Mochila Trekking,95,False,3,292.98,2024,11,26,Tuesday,1,False,False,False,False,False,False,,False,False,True,False,False,False,48,4,331,35,False,26,False,False,3.0,4.0,3.0,3.0,2.0,2.0,3.0,2.857142857142857,-2.7999999999999963,1.0681006197593874
2024-11-27,PROD_017,The North Face Borealis,Outdoor,Mochila Trekking,95,False,3,287.07,2024,11,27,Wednesday,2,False,False,False,False,False,False,,False,False,True,False,False,False,48,4,332,34,False,27,False,False,3.0,3.0,4.0,3.0,3.0,2.0,2.0,2.857142857142857,-0.7263157894736818,1.0845107669059313
2024-11-28,PROD_017,The North Face Borealis,Outdoor,Mochila Trekking,95,False,3,291.42,2024,11,28,Thursday,3,False,False,False,False,False,False,,False,False,True,False,False,False,48,4,333,33,False,28,True,False,3.0,3.0,3.0,4.0,3.0,3.0,2.0,3.0,-2.2526315789473688,1.0900317935290817
2024-11-29,PROD_017,The North Face Borealis,Outdoor,Mochila Trekking,95,False,13,1111.5,2024,11,29,Friday,4,False,False,True,False,False,False,,True,False,True,False,False,False,48,4,334,32,False,29,True,False,3.0,3.0,3.0,3.0,4.0,3.0,3.0,3.142857142857143,10.0,1.06973058637084
2024-11-30,PROD_017,The North Face Borealis,Outdoor,Mochila Trekking,95,False,15,1311.0,2024,11,30,Saturday,5,True,False,False,True,False,False,,False,False,True,False,False,False,48,4,335,31,False,30,True,False,13.0,3.0,3.0,3.0,3.0,4.0,3.0,4.571428571428571,7.999999999999995,0.9465020576131689
2021-11-01,PROD_018,Columbia Silver Ridge,Outdoor,Ropa Montaña,70,False,2,139.12,2021,11,1,Monday,0,False,True,False,False,False,True,Todos los Santos,False,False,True,False,False,False,44,4,305,60,False,1,False,True,2.0,2.0,2.0,2.0,1.0,1.0,2.0,1.7142857142857142,0.6285714285714253,1.0233926732381933
2021-11-02,PROD_018,Columbia Silver Ridge,Outdoor,Ropa Montaña,70,False,2,143.94,2021,11,2,Tuesday,1,False,False,False,False,False,False,,False,False,True,False,False,False,44,4,306,59,False,2,False,True,2.0,2.0,2.0,2.0,2.0,1.0,1.0,1.7142857142857142,-2.8142857142857127,1.074179104477612
2021-11-03,PROD_018,Columbia Silver Ridge,Outdoor,Ropa Montaña,70,False,2,140.08,2021,11,3,Wednesday,2,False,False,False,False,False,False,,False,False,True,False,False,False,44,4,307,58,False,3,False,True,2.0,2.0,2.0,2.0,2.0,2.0,1.0,1.8571428571428572,-0.05714285714286607,0.9995243078679479
2021-11-04,PROD_018,Columbia Silver Ridge,Outdoor,Ropa Montaña,70,False,2,140.86,2021,11,4,Thursday,3,False,False,False,False,False,False,,False,False,True,False,False,False,44,4,308,57,False,4,False,False,2.0,2.0,2.0,2.0,2.0,2.0,2.0,2.0,-0.6142857142857241,1.020823267948594
2021-11-05,PROD_018,Columbia Silver Ridge,Outdoor,Ropa Montaña,70,False,2,139.98,2021,11,5,Friday,4,False,False,True,False,False,False,,False,False,True,False,False,False,44,4,309,56,False,5,False,False,2.0,2.0,2.0,2.0,2.0,2.0,2.0,2.0,0.014285714285721594,1.0439516730472826
2021-11-06,PROD_018,Columbia Silver Ridge,Outdoor,Ropa Montaña,70,False,3,205.14,2021,11,6,Saturday,5,True,False,False,True,False,False,,False,False,True,False,False,False,44,4,310,55,False,6,False,False,2.0,2.0,2.0,2.0,2.0,2.0,2.0,2.0,2.3142857142857207,1.0353285555667708
2021-11-07,PROD_018,Columbia Silver Ridge,Outdoor,Ropa Montaña,70,False,2,142.46,2021,11,7,Sunday,6,True,False,False,False,True,False,,False,False,True,False,False,False,44,4,311,54,False,7,False,False,3.0,2.0,2.0,2.0,2.0,2.0,2.0,2.142857142857143,-1.7571428571428627,1.0198052877732176
2021-11-08,PROD_018,Columbia Silver Ridge,Outdoor,Ropa Montaña,70,False,2,138.8,2021,11,8,Monday,0,False,True,False,False,False,False,,False,False,True,False,False,False,45,4,312,53,False,8,False,False,2.0,3.0,2.0,2.0,2.0,2.0,2.0,2.142857142857143,0.857142857142849,1.0397003745318354
2021-11-09,PROD_018,Columbia Silver Ridge,Outdoor,Ropa Montaña,70,False,2,136.74,2021,11,9,Tuesday,1,False,False,False,False,False,False,,False,False,True,False,False,False,45,4,313,52,False,9,False,False,2.0,2.0,3.0,2.0,2.0,2.0,2.0,2.142857142857143,2.328571428571422,0.9754137340688608
2021-11-10,PROD_018,Columbia Silver Ridge,Outdoor,Ropa Montaña,70,False,2,140.86,2021,11,10,Wednesday,2,False,False,False,False,False,False,,False,False,True,False,False,False,45,4,314,51,False,10,False,False,2.0,2.0,2.0,3.0,2.0,2.0,2.0,2.142857142857143,-0.6142857142857241,1.020379581783938
2021-11-11,PROD_018,Columbia Silver Ridge,Outdoor,Ropa Montaña,70,False,2,139.12,2021,11,11,Thursday,3,False,False,False,False,False,False,,False,False,True,False,False,False,45,4,315,50,False,11,False,False,2.0,2.0,2.0,2.0,3.0,2.0,2.0,2.142857142857143,0.6285714285714253,1.0433999999999999
2021-11-12,PROD_018,Columbia Silver Ridge,Outdoor,Ropa Montaña,70,False,2,139.42,2021,11,12,Friday,4,False,False,True,False,False,False,,False,False,True,False,False,False,45,4,316,49,False,12,False,False,2.0,2.0,2.0,2.0,2.0,3.0,2.0,2.142857142857143,0.4142857142857232,1.015983287990672
2021-11-13,PROD_018,Columbia Silver Ridge,Outdoor,Ropa Montaña,70,False,2,143.36,2021,11,13,Saturday,5,True,False,False,True,False,False,,False,False,True,False,False,False,45,4,317,48,False,13,False,False,2.0,2.0,2.0,2.0,2.0,2.0,3.0,2.142857142857143,-2.4000000000000097,1.021713308309973
2021-11-14,PROD_018,Columbia Silver Ridge,Outdoor,Ropa Montaña,70,False,2,142.48,2021,11,14,Sunday,6,True,False,False,False,True,False,,False,False,True,False,False,False,45,4,318,47,False,14,False,False,2.0,2.0,2.0,2.0,2.0,2.0,2.0,2.0,-1.771428571428564,1.0796120428369367
2021-11-15,PROD_018,Columbia Silver Ridge,Outdoor,Ropa Montaña,70,False,2,137.0,2021,11,15,Monday,0,False,True,False,False,False,False,,False,False,True,False,False,False,46,4,319,46,False,15,False,False,2.0,2.0,2.0,2.0,2.0,2.0,2.0,2.0,2.142857142857143,1.0182845250483128
2021-11-16,PROD_018,Columbia Silver Ridge,Outdoor,Ropa Montaña,70,False,2,141.04,2021,11,16,Tuesday,1,False,False,False,False,False,False,,False,False,True,False,False,False,46,4,320,45,False,16,False,False,2.0,2.0,2.0,2.0,2.0,2.0,2.0,2.0,-0.7428571428571372,0.9986311069152702
2021-11-17,PROD_018,Columbia Silver Ridge,Outdoor,Ropa Montaña,70,False,2,138.82,2021,11,17,Wednesday,2,False,False,False,False,False,False,,False,False,True,False,False,False,46,4,321,44,False,17,False,False,2.0,2.0,2.0,2.0,2.0,2.0,2.0,2.0,0.8428571428571477,1.042087879091182
2021-11-18,PROD_018,Columbia Silver Ridge,Outdoor,Ropa Montaña,70,False,2,139.7,2021,11,18,Thursday,3,False,False,False,False,False,False,,False,False,True,False,False,False,46,4,322,43,False,18,False,False,2.0,2.0,2.0,2.0,2.0,2.0,2.0,2.0,0.2142857142857224,1.0259988249118683
2021-11-19,PROD_018,Columbia Silver Ridge,Outdoor,Ropa Montaña,70,False,2,141.46,2021,11,19,Friday,4,False,False,True,False,False,False,,False,False,True,False,False,False,46,4,323,42,False,19,False,False,2.0,2.0,2.0,2.0,2.0,2.0,2.0,2.0,-1.0428571428571485,1.0843170320404723
2021-11-20,PROD_018,Columbia Silver Ridge,Outdoor,Ropa Montaña,70,False,2,141.84,2021,11,20,Saturday,5,True,False,False,True,False,False,,False,False,True,False,False,False,46,4,324,41,False,20,False,False,2.0,2.0,2.0,2.0,2.0,2.0,2.0,2.0,-1.3142857142857167,1.048285376428853
2021-11-21,PROD_018,Columbia Silver Ridge,Outdoor,Ropa Montaña,70,False,2,138.18,2021,11,21,Sunday,6,True,False,False,False,True,False,,False,False,True,False,False,False,46,4,325,40,False,21,False,False,2.0,2.0,2.0,2.0,2.0,2.0,2.0,2.0,1.2999999999999952,1.0527197927776932
2021-11-22,PROD_018,Columbia Silver Ridge,Outdoor,Ropa Montaña,70,False,2,142.92,2021,11,22,Monday,0,False,True,False,False,False,False,,False,False,True,False,False,False,47,4,326,39,False,22,False,False,2.0,2.0,2.0,2.0,2.0,2.0,2.0,2.0,-2.085714285714277,1.0719535976798837
2021-11-23,PROD_018,Columbia Silver Ridge,Outdoor,Ropa Montaña,70,False,2,137.16,2021,11,23,Tuesday,1,False,False,False,False,False,False,,False,False,True,False,False,False,47,4,327,38,False,23,False,False,2.0,2.0,2.0,2.0,2.0,2.0,2.0,2.0,2.028571428571431,1.039038432402404
2021-11-24,PROD_018,Columbia Silver Ridge,Outdoor,Ropa Montaña,70,False,2,141.2,2021,11,24,Wednesday,2,False,False,False,False,False,False,,False,False,True,False,False,False,47,4,328,37,False,24,False,False,2.0,2.0,2.0,2.0,2.0,2.0,2.0,2.0,-0.857142857142849,1.038846380223661
2021-11-25,PROD_018,Columbia Silver Ridge,Outdoor,Ropa Montaña,70,False,2,140.74,2021,11,25,Thursday,3,False,False,False,False,False,False,,False,False,True,False,False,False,47,4,329,36,False,25,False,False,2.0,2.0,2.0,2.0,2.0,2.0,2.0,2.0,-0.5285714285714351,1.0789083661266416
2021-11-26,PROD_018,Columbia Silver Ridge,Outdoor,Ropa Montaña,70,False,8,504.0,2021,11,26,Friday,4,False,False,True,False,False,False,,True,False,True,False,False,False,47,4,330,35,False,26,False,False,2.0,2.0,2.0,2.0,2.0,2.0,2.0,2.0,10.0,1.0178802240413614
2021-11-27,PROD_018,Columbia Silver Ridge,Outdoor,Ropa Montaña,70,False,8,515.2,2021,11,27,Saturday,5,True,False,False,True,False,False,,False,False,True,False,False,False,47,4,331,34,False,27,False,False,8.0,2.0,2.0,2.0,2.0,2.0,2.0,2.857142857142857,7.999999999999992,0.956151638127289
2021-11-28,PROD_018,Columbia Silver Ridge,Outdoor,Ropa Montaña,70,False,8,515.2,2021,11,28,Sunday,6,True,False,False,False,True,False,,False,False,True,False,False,False,47,4,332,33,False,28,True,False,8.0,8.0,2.0,2.0,2.0,2.0,2.0,3.7142857142857144,7.999999999999992,0.9548285064742512
2021-11-29,PROD_018,Columbia Silver Ridge,Outdoor,Ropa Montaña,70,False,11,693.0,2021,11,29,Monday,0,False,True,False,False,False,False,,False,True,True,False,False,False,48,4,333,32,False,29,True,False,8.0,8.0,8.0,2.0,2.0,2.0,2.0,4.571428571428571,10.0,0.9027943635060903
2021-11-30,PROD_018,Columbia Silver Ridge,Outdoor,Ropa Montaña,70,False,5,332.5,2021,11,30,Tuesday,1,False,False,False,False,False,False,,False,False,True,False,False,False,48,4,334,31,False,30,True,False,11.0,8.0,8.0,8.0,2.0,2.0,2.0,5.857142857142857,5.0,0.9505884595225617
2022-10-25,PROD_018,Columbia Silver Ridge,Outdoor,Ropa Montaña,70,False,2,137.8,2022,10,25,Tuesday,1,False,False,False,False,False,False,,False,False,False,False,False,False,43,4,298,67,True,25,False,False,5.0,11.0,8.0,8.0,8.0,2.0,2.0,6.285714285714286,1.5714285714285632,1.0168240850059032
2022-10-26,PROD_018,Columbia Silver Ridge,Outdoor,Ropa Montaña,70,False,2,141.26,2022,10,26,Wednesday,2,False,False,False,False,False,False,,False,False,False,False,False,False,43,4,299,66,True,26,False,False,2.0,5.0,11.0,8.0,8.0,8.0,2.0,6.285714285714286,-0.8999999999999935,1.0590793222372168
2022-10-27,PROD_018,Columbia Silver Ridge,Outdoor,Ropa Montaña,70,False,2,142.26,2022,10,27,Thursday,3,False,False,False,False,False,False,,False,False,False,False,False,False,43,4,300,65,True,27,False,False,2.0,2.0,5.0,11.0,8.0,8.0,8.0,6.285714285714286,-1.6142857142857077,1.0380405701220996
2022-10-28,PROD_018,Columbia Silver Ridge,Outdoor,Ropa Montaña,70,False,2,139.42,2022,10,28,Friday,4,False,False,True,False,False,False,,False,False,False,False,False,False,43,4,301,64,True,28,True,False,2.0,2.0,2.0,5.0,11.0,8.0,8.0,5.428571428571429,0.4142857142857232,0.99671146697169
2022-10-29,PROD_018,Columbia Silver Ridge,Outdoor,Ropa Montaña,70,False,2,139.04,2022,10,29,Saturday,5,True,False,False,True,False,False,,False,False,False,False,False,False,43,4,302,63,True,29,True,False,2.0,2.0,2.0,2.0,5.0,11.0,8.0,4.571428571428571,0.6857142857142914,1.0490945674044265
2022-10-30,PROD_018,Columbia Silver Ridge,Outdoor,Ropa Montaña,70,False,2,138.64,2022,10,30,Sunday,6,True,False,False,False,True,False,,False,False,False,False,False,False,43,4,303,62,True,30,True,False,2.0,2.0,2.0,2.0,2.0,5.0,11.0,3.7142857142857144,0.9714285714285812,1.0371035308198684
2022-10-31,PROD_018,Columbia Silver Ridge,Outdoor,Ropa Montaña,70,False,2,136.46,2022,10,31,Monday,0,False,True,False,False,False,False,,False,False,False,False,False,False,44,4,304,61,True,31,True,False,2.0,2.0,2.0,2.0,2.0,2.0,5.0,2.4285714285714284,2.5285714285714227,0.9711073156846001
2022-11-01,PROD_018,Columbia Silver Ridge,Outdoor,Ropa Montaña,70,False,2,136.44,2022,11,1,Tuesday,1,False,False,False,False,False,True,Todos los Santos,False,False,True,False,False,False,44,4,305,60,False,1,False,True,2.0,2.0,2.0,2.0,2.0,2.0,2.0,2.0,2.5428571428571445,0.9822422729890574
2022-11-02,PROD_018,Columbia Silver Ridge,Outdoor,Ropa Montaña,70,False,2,136.82,2022,11,2,Wednesday,2,False,False,False,False,False,False,,False,False,True,False,False,False,44,4,306,59,False,2,False,True,2.0,2.0,2.0,2.0,2.0,2.0,2.0,2.0,2.2714285714285762,1.000926648458837
2022-11-03,PROD_018,Columbia Silver Ridge,Outdoor,Ropa Montaña,70,False,2,138.86,2022,11,3,Thursday,3,False,False,False,False,False,False,,False,False,True,False,False,False,44,4,307,58,False,3,False,True,2.0,2.0,2.0,2.0,2.0,2.0,2.0,2.0,0.8142857142857045,1.02383995281164
2022-11-04,PROD_018,Columbia Silver Ridge,Outdoor,Ropa Montaña,70,False,2,140.08,2022,11,4,Friday,4,False,False,True,False,False,False,,False,False,True,False,False,False,44,4,308,57,False,4,False,False,2.0,2.0,2.0,2.0,2.0,2.0,2.0,2.0,-0.05714285714286607,1.016496541047845
2022-11-05,PROD_018,Columbia Silver Ridge,Outdoor,Ropa Montaña,70,False,3,205.89,2022,11,5,Saturday,5,True,False,False,True,False,False,,False,False,True,False,False,False,44,4,309,56,False,5,False,False,2.0,2.0,2.0,2.0,2.0,2.0,2.0,2.0,1.9571428571428635,1.0595409633594073
2022-11-06,PROD_018,Columbia Silver Ridge,Outdoor,Ropa Montaña,70,False,2,142.62,2022,11,6,Sunday,6,True,False,False,False,True,False,,False,False,True,False,False,False,44,4,310,55,False,6,False,False,3.0,2.0,2.0,2.0,2.0,2.0,2.0,2.142857142857143,-1.8714285714285745,1.0391509204838005
2022-11-07,PROD_018,Columbia Silver Ridge,Outdoor,Ropa Montaña,70,False,2,142.44,2022,11,7,Monday,0,False,True,False,False,False,False,,False,False,True,False,False,False,45,4,311,54,False,7,False,False,2.0,3.0,2.0,2.0,2.0,2.0,2.0,2.142857142857143,-1.742857142857141,1.0367818322981368
2022-11-08,PROD_018,Columbia Silver Ridge,Outdoor,Ropa Montaña,70,False,2,136.18,2022,11,8,Tuesday,1,False,False,False,False,False,False,,False,False,True,False,False,False,45,4,312,53,False,8,False,False,2.0,2.0,3.0,2.0,2.0,2.0,2.0,2.142857142857143,2.7285714285714238,1.014199890770071
2022-11-09,PROD_018,Columbia Silver Ridge,Outdoor,Ropa Montaña,70,False,2,140.64,2022,11,9,Wednesday,2,False,False,False,False,False,False,,False,False,True,False,False,False,45,4,313,52,False,9,False,False,2.0,2.0,2.0,3.0,2.0,2.0,2.0,2.142857142857143,-0.45714285714284736,1.0480401410899693
2022-11-10,PROD_018,Columbia Silver Ridge,Outdoor,Ropa Montaña,70,False,2,137.72,2022,11,10,Thursday,3,False,False,False,False,False,False,,False,False,True,False,False,False,45,4,314,51,False,10,False,False,2.0,2.0,2.0,2.0,3.0,2.0,2.0,2.142857142857143,1.6285714285714292,1.010615918986351
2022-11-11,PROD_018,Columbia Silver Ridge,Outdoor,Ropa Montaña,70,False,2,136.2,2022,11,11,Friday,4,False,False,True,False,False,False,,False,False,True,False,False,False,45,4,315,50,False,11,False,False,2.0,2.0,2.0,2.0,2.0,3.0,2.0,2.142857142857143,2.7142857142857224,1.040118114244985
2022-11-12,PROD_018,Columbia Silver Ridge,Outdoor,Ropa Montaña,70,False,2,138.78,2022,11,12,Saturday,5,True,False,False,True,False,False,,False,False,True,False,False,False,45,4,316,49,False,12,False,False,2.0,2.0,2.0,2.0,2.0,2.0,3.0,2.142857142857143,0.8714285714285706,1.065680352206409
2022-11-13,PROD_018,Columbia Silver Ridge,Outdoor,Ropa Montaña,70,False,2,143.34,2022,11,13,Sunday,6,True,False,False,False,True,False,,False,False,True,False,False,False,45,4,317,48,False,13,False,False,2.0,2.0,2.0,2.0,2.0,2.0,2.0,2.0,-2.3857142857142883,1.0345474666794976
2022-11-14,PROD_018,Columbia Silver Ridge,Outdoor,Ropa Montaña,70,False,2,139.48,2022,11,14,Monday,0,False,True,False,False,False,False,,False,False,True,False,False,False,46,4,318,47,False,14,False,False,2.0,2.0,2.0,2.0,2.0,2.0,2.0,2.0,0.37142857142857877,1.0196900282678623
2022-11-15,PROD_018,Columbia Silver Ridge,Outdoor,Ropa Montaña,70,False,2,140.3,2022,11,15,Tuesday,1,False,False,False,False,False,False,,False,False,True,False,False,False,46,4,319,46,False,15,False,False,2.0,2.0,2.0,2.0,2.0,2.0,2.0,2.0,-0.2142857142857224,1.040440994710041
2022-11-16,PROD_018,Columbia Silver Ridge,Outdoor,Ropa Montaña,70,False,2,138.48,2022,11,16,Wednesday,2,False,False,False,False,False,False,,False,False,True,False,False,False,46,4,320,45,False,16,False,False,2.0,2.0,2.0,2.0,2.0,2.0,2.0,2.0,1.085714285714293,1.005469771044097
2022-11-17,PROD_018,Columbia Silver Ridge,Outdoor,Ropa Montaña,70,False,2,136.32,2022,11,17,Thursday,3,False,False,False,False,False,False,,False,False,True,False,False,False,46,4,321,44,False,17,False,False,2.0,2.0,2.0,2.0,2.0,2.0,2.0,2.0,2.6285714285714334,1.0291926716327762
2022-11-18,PROD_018,Columbia Silver Ridge,Outdoor,Ropa Montaña,70,False,3,214.56,2022,11,18,Friday,4,False,False,True,False,False,False,,False,False,True,False,False,False,46,4,322,43,False,18,False,False,2.0,2.0,2.0,2.0,2.0,2.0,2.0,2.0,-2.171428571428566,1.050168861044491
2022-11-19,PROD_018,Columbia Silver Ridge,Outdoor,Ropa Montaña,70,False,2,142.84,2022,11,19,Saturday,5,True,False,False,True,False,False,,False,False,True,False,False,False,46,4,323,42,False,19,False,False,3.0,2.0,2.0,2.0,2.0,2.0,2.0,2.142857142857143,-2.028571428571431,1.035172480432892
2022-11-20,PROD_018,Columbia Silver Ridge,Outdoor,Ropa Montaña,70,False,2,138.56,2022,11,20,Sunday,6,True,False,False,False,True,False,,False,False,True,False,False,False,46,4,324,41,False,20,False,False,2.0,3.0,2.0,2.0,2.0,2.0,2.0,2.142857142857143,1.028571428571427,1.0202238366385237
2022-11-21,PROD_018,Columbia Silver Ridge,Outdoor,Ropa Montaña,70,False,2,142.04,2022,11,21,Monday,0,False,True,False,False,False,False,,False,False,True,False,False,False,47,4,325,40,False,21,False,False,2.0,2.0,3.0,2.0,2.0,2.0,2.0,2.142857142857143,-1.4571428571428515,1.0170899369868245
2022-11-22,PROD_018,Columbia Silver Ridge,Outdoor,Ropa Montaña,70,False,3,213.96,2022,11,22,Tuesday,1,False,False,False,False,False,False,,False,False,True,False,False,False,47,4,326,39,False,22,False,False,2.0,2.0,2.0,3.0,2.0,2.0,2.0,2.142857142857143,-1.885714285714276,1.0325258179712382
2022-11-23,PROD_018,Columbia Silver Ridge,Outdoor,Ropa Montaña,70,False,3,210.81,2022,11,23,Wednesday,2,False,False,False,False,False,False,,False,False,True,False,False,False,47,4,327,38,False,23,False,False,3.0,2.0,2.0,2.0,3.0,2.0,2.0,2.2857142857142856,-0.38571428571428,1.0629254273181061
2022-11-24,PROD_018,Columbia Silver Ridge,Outdoor,Ropa Montaña,70,False,3,207.75,2022,11,24,Thursday,3,False,False,False,False,False,False,,False,False,True,False,False,False,47,4,328,37,False,24,False,False,3.0,3.0,2.0,2.0,2.0,3.0,2.0,2.4285714285714284,1.0714285714285714,1.0453356143705343
2022-11-25,PROD_018,Columbia Silver Ridge,Outdoor,Ropa Montaña,70,False,8,504.0,2022,11,25,Friday,4,False,False,True,False,False,False,,True,False,True,False,False,False,47,4,329,36,False,25,False,False,3.0,3.0,3.0,2.0,2.0,2.0,3.0,2.5714285714285716,10.0,1.0317720275139206
2022-11-26,PROD_018,Columbia Silver Ridge,Outdoor,Ropa Montaña,70,False,10,644.0,2022,11,26,Saturday,5,True,False,False,True,False,False,,False,False,True,False,False,False,47,4,330,35,False,26,False,False,8.0,3.0,3.0,3.0,2.0,2.0,2.0,3.2857142857142856,7.999999999999992,0.9318927262203358
2022-11-27,PROD_018,Columbia Silver Ridge,Outdoor,Ropa Montaña,70,False,7,450.8,2022,11,27,Sunday,6,True,False,False,False,True,False,,False,False,True,False,False,False,47,4,331,34,False,27,False,False,10.0,8.0,3.0,3.0,3.0,2.0,2.0,4.428571428571429,7.999999999999992,0.9435897435897437
2022-11-28,PROD_018,Columbia Silver Ridge,Outdoor,Ropa Montaña,70,False,9,567.0,2022,11,28,Monday,0,False,True,False,False,False,False,,False,True,True,False,False,False,48,4,332,33,False,28,True,False,7.0,10.0,8.0,3.0,3.0,3.0,2.0,5.142857142857143,10.0,0.8789062499999999
2022-11-29,PROD_018,Columbia Silver Ridge,Outdoor,Ropa Montaña,70,False,5,332.5,2022,11,29,Tuesday,1,False,False,False,False,False,False,,False,False,True,False,False,False,48,4,333,32,False,29,True,False,9.0,7.0,10.0,8.0,3.0,3.0,3.0,6.142857142857143,5.0,0.9852824970367443
2022-11-30,PROD_018,Columbia Silver Ridge,Outdoor,Ropa Montaña,70,False,5,332.5,2022,11,30,Wednesday,2,False,False,False,False,False,False,,False,False,True,False,False,False,48,4,334,31,False,30,True,False,5.0,9.0,7.0,10.0,8.0,3.0,3.0,6.428571428571429,5.0,0.9813566825716956
2023-10-25,PROD_018,Columbia Silver Ridge,Outdoor,Ropa Montaña,70,False,2,137.18,2023,10,25,Wednesday,2,False,False,False,False,False,False,,False,False,False,False,False,False,43,4,298,67,True,25,False,False,5.0,5.0,9.0,7.0,10.0,8.0,3.0,6.714285714285714,2.0142857142857093,0.9880912364945978
2023-10-26,PROD_018,Columbia Silver Ridge,Outdoor,Ropa Montaña,70,False,2,137.24,2023,10,26,Thursday,3,False,False,False,False,False,False,,False,False,False,False,False,False,43,4,299,66,True,26,False,False,2.0,5.0,5.0,9.0,7.0,10.0,8.0,6.571428571428571,1.9714285714285649,1.0250971018822828
2023-10-27,PROD_018,Columbia Silver Ridge,Outdoor,Ropa Montaña,70,False,2,138.36,2023,10,27,Friday,4,False,False,True,False,False,False,,False,False,False,False,False,False,43,4,300,65,True,27,False,False,2.0,2.0,5.0,5.0,9.0,7.0,10.0,5.714285714285714,1.1714285714285617,1.0456996019549554
2023-10-28,PROD_018,Columbia Silver Ridge,Outdoor,Ropa Montaña,70,False,2,139.62,2023,10,28,Saturday,5,True,False,False,True,False,False,,False,False,False,False,False,False,43,4,301,64,True,28,True,False,2.0,2.0,2.0,5.0,5.0,9.0,7.0,4.571428571428571,0.2714285714285682,1.051989150090416
2023-10-29,PROD_018,Columbia Silver Ridge,Outdoor,Ropa Montaña,70,False,2,139.86,2023,10,29,Sunday,6,True,False,False,False,True,False,,False,False,False,False,False,False,43,4,302,63,True,29,True,False,2.0,2.0,2.0,2.0,5.0,5.0,9.0,3.857142857142857,0.09999999999999026,1.030453362149418
2023-10-30,PROD_018,Columbia Silver Ridge,Outdoor,Ropa Montaña,70,False,2,136.96,2023,10,30,Monday,0,False,True,False,False,False,False,,False,False,False,False,False,False,44,4,303,62,True,30,True,False,2.0,2.0,2.0,2.0,2.0,5.0,5.0,2.857142857142857,2.171428571428566,1.0012183829621328
2023-10-31,PROD_018,Columbia Silver Ridge,Outdoor,Ropa Montaña,70,False,2,138.52,2023,10,31,Tuesday,1,False,False,False,False,False,False,,False,False,False,False,False,False,44,4,304,61,True,31,True,False,2.0,2.0,2.0,2.0,2.0,2.0,5.0,2.4285714285714284,1.0571428571428498,1.001639028152719
2023-11-01,PROD_018,Columbia Silver Ridge,Outdoor,Ropa Montaña,70,False,2,138.32,2023,11,1,Wednesday,2,False,False,False,False,False,True,Todos los Santos,False,False,True,False,False,False,44,4,305,60,False,1,False,True,2.0,2.0,2.0,2.0,2.0,2.0,2.0,2.0,1.2000000000000048,1.071528172287352
2023-11-02,PROD_018,Columbia Silver Ridge,Outdoor,Ropa Montaña,70,False,3,207.15,2023,11,2,Thursday,3,False,False,False,False,False,False,,False,False,True,False,False,False,44,4,306,59,False,2,False,True,2.0,2.0,2.0,2.0,2.0,2.0,2.0,2.0,1.3571428571428612,0.9685337572470544
2023-11-03,PROD_018,Columbia Silver Ridge,Outdoor,Ropa Montaña,70,False,3,214.2,2023,11,3,Friday,4,False,False,True,False,False,False,,False,False,True,False,False,False,44,4,307,58,False,3,False,True,3.0,2.0,2.0,2.0,2.0,2.0,2.0,2.142857142857143,-2.000000000000008,1.0520111978782969
2023-11-04,PROD_018,Columbia Silver Ridge,Outdoor,Ropa Montaña,70,False,3,204.15,2023,11,4,Saturday,5,True,False,False,True,False,False,,False,False,True,False,False,False,44,4,308,57,False,4,False,False,3.0,3.0,2.0,2.0,2.0,2.0,2.0,2.2857142857142856,2.7857142857142896,1.0059127864005915
2023-11-05,PROD_018,Columbia Silver Ridge,Outdoor,Ropa Montaña,70,False,2,144.16,2023,11,5,Sunday,6,True,False,False,False,True,False,,False,False,True,False,False,False,44,4,309,56,False,5,False,False,3.0,3.0,3.0,2.0,2.0,2.0,2.0,2.4285714285714284,-2.971428571428569,1.0335531975910526
2023-11-06,PROD_018,Columbia Silver Ridge,Outdoor,Ropa Montaña,70,False,2,137.94,2023,11,6,Monday,0,False,True,False,False,False,False,,False,False,True,False,False,False,45,4,310,55,False,6,False,False,2.0,3.0,3.0,3.0,2.0,2.0,2.0,2.4285714285714284,1.471428571428573,1.0281242236024846
2023-11-07,PROD_018,Columbia Silver Ridge,Outdoor,Ropa Montaña,70,False,2,136.42,2023,11,7,Tuesday,1,False,False,False,False,False,False,,False,False,True,False,False,False,45,4,311,54,False,7,False,False,2.0,2.0,3.0,3.0,3.0,2.0,2.0,2.4285714285714284,2.5571428571428663,0.9930120832726743
2023-11-08,PROD_018,Columbia Silver Ridge,Outdoor,Ropa Montaña,70,False,2,136.32,2023,11,8,Wednesday,2,False,False,False,False,False,False,,False,False,True,False,False,False,45,4,312,53,False,8,False,False,2.0,2.0,2.0,3.0,3.0,3.0,2.0,2.4285714285714284,2.6285714285714334,0.9669913931712854
2023-11-09,PROD_018,Columbia Silver Ridge,Outdoor,Ropa Montaña,70,False,2,136.14,2023,11,9,Thursday,3,False,False,False,False,False,False,,False,False,True,False,False,False,45,4,313,52,False,9,False,False,2.0,2.0,2.0,2.0,3.0,3.0,3.0,2.4285714285714284,2.757142857142867,0.9981914165607584
2023-11-10,PROD_018,Columbia Silver Ridge,Outdoor,Ropa Montaña,70,False,3,207.48,2023,11,10,Friday,4,False,False,True,False,False,False,,False,False,True,False,False,False,45,4,314,51,False,10,False,False,2.0,2.0,2.0,2.0,2.0,3.0,3.0,2.2857142857142856,1.2000000000000048,1.061658906002149
2023-11-11,PROD_018,Columbia Silver Ridge,Outdoor,Ropa Montaña,70,False,3,212.25,2023,11,11,Saturday,5,True,False,False,True,False,False,,False,False,True,False,False,False,45,4,315,50,False,11,False,False,3.0,2.0,2.0,2.0,2.0,2.0,3.0,2.2857142857142856,-1.0714285714285714,1.0551826994780016
2023-11-12,PROD_018,Columbia Silver Ridge,Outdoor,Ropa Montaña,70,False,3,213.99,2023,11,12,Sunday,6,True,False,False,False,True,False,,False,False,True,False,False,False,45,4,316,49,False,12,False,False,3.0,3.0,2.0,2.0,2.0,2.0,2.0,2.2857142857142856,-1.8999999999999975,1.0752185709978896
2023-11-13,PROD_018,Columbia Silver Ridge,Outdoor,Ropa Montaña,70,False,2,141.06,2023,11,13,Monday,0,False,True,False,False,False,False,,False,False,True,False,False,False,46,4,317,48,False,13,False,False,3.0,3.0,3.0,2.0,2.0,2.0,2.0,2.4285714285714284,-0.7571428571428588,1.0453018476435134
2023-11-14,PROD_018,Columbia Silver Ridge,Outdoor,Ropa Montaña,70,False,2,144.06,2023,11,14,Tuesday,1,False,False,False,False,False,False,,False,False,True,False,False,False,46,4,318,47,False,14,False,False,2.0,3.0,3.0,3.0,2.0,2.0,2.0,2.4285714285714284,-2.9000000000000017,1.058486407053637
2023-11-15,PROD_018,Columbia Silver Ridge,Outdoor,Ropa Montaña,70,False,2,138.86,2023,11,15,Wednesday,2,False,False,False,False,False,False,,False,False,True,False,False,False,46,4,319,46,False,15,False,False,2.0,2.0,3.0,3.0,3.0,2.0,2.0,2.4285714285714284,0.8142857142857045,0.9966505574429398
2023-11-16,PROD_018,Columbia Silver Ridge,Outdoor,Ropa Montaña,70,False,2,137.22,2023,11,16,Thursday,3,False,False,False,False,False,False,,False,False,True,False,False,False,46,4,320,45,False,16,False,False,2.0,2.0,2.0,3.0,3.0,3.0,2.0,2.4285714285714284,1.9857142857142864,1.0361439718097158
2023-11-17,PROD_018,Columbia Silver Ridge,Outdoor,Ropa Montaña,70,False,3,205.68,2023,11,17,Friday,4,False,False,True,False,False,False,,False,False,True,False,False,False,46,4,321,44,False,17,False,False,2.0,2.0,2.0,2.0,3.0,3.0,3.0,2.4285714285714284,2.057142857142854,1.0319084888621313
2023-11-18,PROD_018,Columbia Silver Ridge,Outdoor,Ropa Montaña,70,False,3,210.33,2023,11,18,Saturday,5,True,False,False,True,False,False,,False,False,True,False,False,False,46,4,322,43,False,18,False,False,3.0,2.0,2.0,2.0,2.0,3.0,3.0,2.4285714285714284,-0.15714285714285633,1.048504486540379
2023-11-19,PROD_018,Columbia Silver Ridge,Outdoor,Ropa Montaña,70,False,2,137.26,2023,11,19,Sunday,6,True,False,False,False,True,False,,False,False,True,False,False,False,46,4,323,42,False,19,False,False,3.0,3.0,2.0,2.0,2.0,2.0,3.0,2.4285714285714284,1.9571428571428635,1.0233610020378745
2023-11-20,PROD_018,Columbia Silver Ridge,Outdoor,Ropa Montaña,70,False,2,141.06,2023,11,20,Monday,0,False,True,False,False,False,False,,False,False,True,False,False,False,47,4,324,41,False,20,False,False,2.0,3.0,3.0,2.0,2.0,2.0,2.0,2.2857142857142856,-0.7571428571428588,1.0363422637997746
2023-11-21,PROD_018,Columbia Silver Ridge,Outdoor,Ropa Montaña,70,False,3,215.61,2023,11,21,Tuesday,1,False,False,False,False,False,False,,False,False,True,False,False,False,47,4,325,40,False,21,False,False,2.0,2.0,3.0,3.0,2.0,2.0,2.0,2.2857142857142856,-2.671428571428578,1.047362285048091
2023-11-22,PROD_018,Columbia Silver Ridge,Outdoor,Ropa Montaña,70,False,3,216.27,2023,11,22,Wednesday,2,False,False,False,False,False,False,,False,False,True,False,False,False,47,4,326,39,False,22,False,False,3.0,2.0,2.0,3.0,3.0,2.0,2.0,2.4285714285714284,-2.9857142857142907,1.0557481083719795
2023-11-23,PROD_018,Columbia Silver Ridge,Outdoor,Ropa Montaña,70,False,3,211.65,2023,11,23,Thursday,3,False,False,False,False,False,False,,False,False,True,False,False,False,47,4,327,38,False,23,False,False,3.0,3.0,2.0,2.0,3.0,3.0,2.0,2.5714285714285716,-0.7857142857142816,1.0395383104125735
2023-11-24,PROD_018,Columbia Silver Ridge,Outdoor,Ropa Montaña,70,False,12,756.0,2023,11,24,Friday,4,False,False,True,False,False,False,,True,False,True,False,False,False,47,4,328,37,False,24,False,False,3.0,3.0,3.0,2.0,2.0,3.0,3.0,2.7142857142857144,10.0,1.0051587512630962
2023-11-25,PROD_018,Columbia Silver Ridge,Outdoor,Ropa Montaña,70,False,14,901.6,2023,11,25,Saturday,5,True,False,False,True,False,False,,False,False,True,False,False,False,47,4,329,36,False,25,False,False,12.0,3.0,3.0,3.0,2.0,2.0,3.0,4.0,7.999999999999992,0.9674027339642481
2023-11-26,PROD_018,Columbia Silver Ridge,Outdoor,Ropa Montaña,70,False,8,515.2,2023,11,26,Sunday,6,True,False,False,False,True,False,,False,False,True,False,False,False,47,4,330,35,False,26,False,False,14.0,12.0,3.0,3.0,3.0,2.0,2.0,5.571428571428571,7.999999999999992,0.9199123892962576
2023-11-27,PROD_018,Columbia Silver Ridge,Outdoor,Ropa Montaña,70,False,8,504.0,2023,11,27,Monday,0,False,True,False,False,False,False,,False,True,True,False,False,False,48,4,331,34,False,27,False,False,8.0,14.0,12.0,3.0,3.0,3.0,2.0,6.428571428571429,10.0,0.8970951205619897
2023-11-28,PROD_018,Columbia Silver Ridge,Outdoor,Ropa Montaña,70,False,4,266.0,2023,11,28,Tuesday,1,False,False,False,False,False,False,,False,False,True,False,False,False,48,4,332,33,False,28,True,False,8.0,8.0,14.0,12.0,3.0,3.0,3.0,7.285714285714286,5.0,0.968681718863802
2023-11-29,PROD_018,Columbia Silver Ridge,Outdoor,Ropa Montaña,70,False,5,332.5,2023,11,29,Wednesday,2,False,False,False,False,False,False,,False,False,True,False,False,False,48,4,333,32,False,29,True,False,4.0,8.0,8.0,14.0,12.0,3.0,3.0,7.428571428571429,5.0,0.9640009664170089
2023-11-30,PROD_018,Columbia Silver Ridge,Outdoor,Ropa Montaña,70,False,2,138.44,2023,11,30,Thursday,3,False,False,False,False,False,False,,False,False,True,False,False,False,48,4,334,31,False,30,True,False,5.0,4.0,8.0,8.0,14.0,12.0,3.0,7.714285714285714,1.1142857142857159,1.0480468355708086
2024-10-25,PROD_018,Columbia Silver Ridge,Outdoor,Ropa Montaña,70,False,3,215.13,2024,10,25,Friday,4,False,False,True,False,False,False,,False,False,False,False,False,False,43,4,299,67,True,25,False,False,2.0,5.0,4.0,8.0,8.0,14.0,12.0,7.571428571428571,-2.4428571428571337,1.0785621177178382
2024-10-26,PROD_018,Columbia Silver Ridge,Outdoor,Ropa Montaña,70,False,2,135.86,2024,10,26,Saturday,5,True,False,False,True,False,False,,False,False,False,False,False,False,43,4,300,66,True,26,False,False,3.0,2.0,5.0,4.0,8.0,8.0,14.0,6.285714285714286,2.9571428571428475,1.006967091609843
2024-10-27,PROD_018,Columbia Silver Ridge,Outdoor,Ropa Montaña,70,False,2,141.16,2024,10,27,Sunday,6,True,False,False,False,True,False,,False,False,False,False,False,False,43,4,301,65,True,27,False,False,2.0,3.0,2.0,5.0,4.0,8.0,8.0,4.571428571428571,-0.8285714285714261,1.0331804430565044
2024-10-28,PROD_018,Columbia Silver Ridge,Outdoor,Ropa Montaña,70,False,2,136.56,2024,10,28,Monday,0,False,True,False,False,False,False,,False,False,False,False,False,False,44,4,302,64,True,28,True,False,2.0,2.0,3.0,2.0,5.0,4.0,8.0,3.7142857142857144,2.4571428571428555,1.0185470637959324
2024-10-29,PROD_018,Columbia Silver Ridge,Outdoor,Ropa Montaña,70,False,2,137.36,2024,10,29,Tuesday,1,False,False,False,False,False,False,,False,False,False,False,False,False,44,4,303,63,True,29,True,False,2.0,2.0,2.0,3.0,2.0,5.0,4.0,2.857142857142857,1.885714285714276,0.9778368373594041
2024-10-30,PROD_018,Columbia Silver Ridge,Outdoor,Ropa Montaña,70,False,2,136.22,2024,10,30,Wednesday,2,False,False,False,False,False,False,,False,False,False,False,False,False,44,4,304,62,True,30,True,False,2.0,2.0,2.0,2.0,3.0,2.0,5.0,2.5714285714285716,2.7000000000000006,0.9798590130916416
2024-10-31,PROD_018,Columbia Silver Ridge,Outdoor,Ropa Montaña,70,False,2,140.08,2024,10,31,Thursday,3,False,False,False,False,False,False,,False,False,False,False,False,False,44,4,305,61,True,31,True,False,2.0,2.0,2.0,2.0,2.0,3.0,2.0,2.142857142857143,-0.05714285714286607,1.0583257781807192
2024-11-01,PROD_018,Columbia Silver Ridge,Outdoor,Ropa Montaña,70,False,2,138.7,2024,11,1,Friday,4,False,False,True,False,False,True,Todos los Santos,False,False,True,False,False,False,44,4,306,60,False,1,False,True,2.0,2.0,2.0,2.0,2.0,2.0,3.0,2.142857142857143,0.9285714285714367,1.0202530404080028
2024-11-02,PROD_018,Columbia Silver Ridge,Outdoor,Ropa Montaña,70,False,3,204.51,2024,11,2,Saturday,5,True,False,False,True,False,False,,False,False,True,False,False,False,44,4,307,59,False,2,False,True,2.0,2.0,2.0,2.0,2.0,2.0,2.0,2.0,2.6142857142857117,0.9865888368951711
2024-11-03,PROD_018,Columbia Silver Ridge,Outdoor,Ropa Montaña,70,False,2,136.76,2024,11,3,Sunday,6,True,False,False,False,True,False,,False,False,True,False,False,False,44,4,308,58,False,3,False,True,3.0,2.0,2.0,2.0,2.0,2.0,2.0,2.142857142857143,2.3142857142857207,1.0152429971295653
2024-11-04,PROD_018,Columbia Silver Ridge,Outdoor,Ropa Montaña,70,False,2,138.98,2024,11,4,Monday,0,False,True,False,False,False,False,,False,False,True,False,False,False,45,4,309,57,False,4,False,False,2.0,3.0,2.0,2.0,2.0,2.0,2.0,2.142857142857143,0.7285714285714359,1.0050137395747962
2024-11-05,PROD_018,Columbia Silver Ridge,Outdoor,Ropa Montaña,70,False,2,141.8,2024,11,5,Tuesday,1,False,False,False,False,False,False,,False,False,True,False,False,False,45,4,310,56,False,5,False,False,2.0,2.0,3.0,2.0,2.0,2.0,2.0,2.142857142857143,-1.2857142857142938,1.0226944898547938
2024-11-06,PROD_018,Columbia Silver Ridge,Outdoor,Ropa Montaña,70,False,2,142.82,2024,11,6,Wednesday,2,False,False,False,False,False,False,,False,False,True,False,False,False,45,4,311,55,False,6,False,False,2.0,2.0,2.0,3.0,2.0,2.0,2.0,2.142857142857143,-2.0142857142857093,1.04319244253993
2024-11-07,PROD_018,Columbia Silver Ridge,Outdoor,Ropa Montaña,70,False,2,138.14,2024,11,7,Thursday,3,False,False,False,False,False,False,,False,False,True,False,False,False,45,4,312,54,False,7,False,False,2.0,2.0,2.0,2.0,3.0,2.0,2.0,2.142857142857143,1.3285714285714383,1.0188818409794953
2024-11-08,PROD_018,Columbia Silver Ridge,Outdoor,Ropa Montaña,70,False,2,138.08,2024,11,8,Friday,4,False,False,True,False,False,False,,False,False,True,False,False,False,45,4,313,53,False,8,False,False,2.0,2.0,2.0,2.0,2.0,3.0,2.0,2.142857142857143,1.3714285714285626,1.0140017624596105
2024-11-09,PROD_018,Columbia Silver Ridge,Outdoor,Ropa Montaña,70,False,2,142.18,2024,11,9,Saturday,5,True,False,False,True,False,False,,False,False,True,False,False,False,45,4,314,52,False,9,False,False,2.0,2.0,2.0,2.0,2.0,2.0,3.0,2.142857142857143,-1.557142857142862,1.0628955893346623
2024-11-10,PROD_018,Columbia Silver Ridge,Outdoor,Ropa Montaña,70,False,3,216.21,2024,11,10,Sunday,6,True,False,False,False,True,False,,False,False,True,False,False,False,45,4,315,51,False,10,False,False,2.0,2.0,2.0,2.0,2.0,2.0,2.0,2.0,-2.9571428571428475,1.0417750795027463
2024-11-11,PROD_018,Columbia Silver Ridge,Outdoor,Ropa Montaña,70,False,2,135.8,2024,11,11,Monday,0,False,True,False,False,False,False,,False,False,True,False,False,False,46,4,316,50,False,11,False,False,3.0,2.0,2.0,2.0,2.0,2.0,2.0,2.142857142857143,2.999999999999992,0.9499160604364858
2024-11-12,PROD_018,Columbia Silver Ridge,Outdoor,Ropa Montaña,70,False,2,137.24,2024,11,12,Tuesday,1,False,False,False,False,False,False,,False,False,True,False,False,False,46,4,317,49,False,12,False,False,2.0,3.0,2.0,2.0,2.0,2.0,2.0,2.142857142857143,1.9714285714285649,0.9876697212493403
2024-11-13,PROD_018,Columbia Silver Ridge,Outdoor,Ropa Montaña,70,False,2,138.74,2024,11,13,Wednesday,2,False,False,False,False,False,False,,False,False,True,False,False,False,46,4,318,48,False,13,False,False,2.0,2.0,3.0,2.0,2.0,2.0,2.0,2.142857142857143,0.8999999999999935,0.9762172811708417
2024-11-14,PROD_018,Columbia Silver Ridge,Outdoor,Ropa Montaña,70,False,2,139.92,2024,11,14,Thursday,3,False,False,False,False,False,False,,False,False,True,False,False,False,46,4,319,47,False,14,False,False,2.0,2.0,2.0,3.0,2.0,2.0,2.0,2.142857142857143,0.05714285714286607,1.0188349514563104
2024-11-15,PROD_018,Columbia Silver Ridge,Outdoor,Ropa Montaña,70,False,3,215.67,2024,11,15,Friday,4,False,False,True,False,False,False,,False,False,True,False,False,False,46,4,320,46,False,15,False,False,2.0,2.0,2.0,2.0,3.0,2.0,2.0,2.142857142857143,-2.7000000000000006,1.0479591836734692
2024-11-16,PROD_018,Columbia Silver Ridge,Outdoor,Ropa Montaña,70,False,3,207.24,2024,11,16,Saturday,5,True,False,False,True,False,False,,False,False,True,False,False,False,46,4,321,45,False,16,False,False,3.0,2.0,2.0,2.0,2.0,3.0,2.0,2.2857142857142856,1.3142857142857167,1.0424022936472008
2024-11-17,PROD_018,Columbia Silver Ridge,Outdoor,Ropa Montaña,70,False,3,205.68,2024,11,17,Sunday,6,True,False,False,False,True,False,,False,False,True,False,False,False,46,4,322,44,False,17,False,False,3.0,3.0,2.0,2.0,2.0,2.0,3.0,2.4285714285714284,2.057142857142854,1.0224188497290847
2024-11-18,PROD_018,Columbia Silver Ridge,Outdoor,Ropa Montaña,70,False,2,136.06,2024,11,18,Monday,0,False,True,False,False,False,False,,False,False,True,False,False,False,47,4,323,43,False,18,False,False,3.0,3.0,3.0,2.0,2.0,2.0,2.0,2.4285714285714284,2.8142857142857127,1.0406383846624516
2024-11-19,PROD_018,Columbia Silver Ridge,Outdoor,Ropa Montaña,70,False,2,140.74,2024,11,19,Tuesday,1,False,False,False,False,False,False,,False,False,True,False,False,False,47,4,324,42,False,19,False,False,2.0,3.0,3.0,3.0,2.0,2.0,2.0,2.4285714285714284,-0.5285714285714351,1.0445818901533896
2024-11-20,PROD_018,Columbia Silver Ridge,Outdoor,Ropa Montaña,70,False,2,141.2,2024,11,20,Wednesday,2,False,False,False,False,False,False,,False,False,True,False,False,False,47,4,325,41,False,20,False,False,2.0,2.0,3.0,3.0,3.0,2.0,2.0,2.4285714285714284,-0.857142857142849,1.0484629473788427
2024-11-21,PROD_018,Columbia Silver Ridge,Outdoor,Ropa Montaña,70,False,2,141.42,2024,11,21,Thursday,3,False,False,False,False,False,False,,False,False,True,False,False,False,47,4,326,40,False,21,False,False,2.0,2.0,2.0,3.0,3.0,3.0,2.0,2.4285714285714284,-1.0142857142857054,1.0136665551679649
2024-11-22,PROD_018,Columbia Silver Ridge,Outdoor,Ropa Montaña,70,False,3,209.67,2024,11,22,Friday,4,False,False,True,False,False,False,,False,False,True,False,False,False,47,4,327,39,False,22,False,False,2.0,2.0,2.0,2.0,3.0,3.0,3.0,2.4285714285714284,0.15714285714285633,1.0284495021337128
2024-11-23,PROD_018,Columbia Silver Ridge,Outdoor,Ropa Montaña,70,False,3,213.84,2024,11,23,Saturday,5,True,False,False,True,False,False,,False,False,True,False,False,False,47,4,328,38,False,23,False,False,3.0,2.0,2.0,2.0,2.0,3.0,3.0,2.4285714285714284,-1.82857142857143,1.0516376512245498
2024-11-24,PROD_018,Columbia Silver Ridge,Outdoor,Ropa Montaña,70,False,3,211.02,2024,11,24,Sunday,6,True,False,False,False,True,False,,False,False,True,False,False,False,47,4,329,37,False,24,False,False,3.0,3.0,2.0,2.0,2.0,2.0,3.0,2.4285714285714284,-0.4857142857142906,1.0339049485546299
2024-11-25,PROD_018,Columbia Silver Ridge,Outdoor,Ropa Montaña,70,False,2,142.52,2024,11,25,Monday,0,False,True,False,False,False,False,,False,False,True,False,False,False,48,4,330,36,False,25,False,False,3.0,3.0,3.0,2.0,2.0,2.0,2.0,2.4285714285714284,-1.8000000000000071,1.0317069639496166
2024-11-26,PROD_018,Columbia Silver Ridge,Outdoor,Ropa Montaña,70,False,3,210.48,2024,11,26,Tuesday,1,False,False,False,False,False,False,,False,False,True,False,False,False,48,4,331,35,False,26,False,False,2.0,3.0,3.0,3.0,2.0,2.0,2.0,2.4285714285714284,-0.22857142857142368,1.0308046427347077
2024-11-27,PROD_018,Columbia Silver Ridge,Outdoor,Ropa Montaña,70,False,3,211.56,2024,11,27,Wednesday,2,False,False,False,False,False,False,,False,False,True,False,False,False,48,4,332,34,False,27,False,False,3.0,2.0,3.0,3.0,3.0,2.0,2.0,2.5714285714285716,-0.7428571428571372,1.0323525106133802
2024-11-28,PROD_018,Columbia Silver Ridge,Outdoor,Ropa Montaña,70,False,3,215.52,2024,11,28,Thursday,3,False,False,False,False,False,False,,False,False,True,False,False,False,48,4,333,33,False,28,True,False,3.0,3.0,2.0,3.0,3.0,3.0,2.0,2.7142857142857144,-2.6285714285714334,1.0536814315048404
2024-11-29,PROD_018,Columbia Silver Ridge,Outdoor,Ropa Montaña,70,False,12,756.0,2024,11,29,Friday,4,False,False,True,False,False,False,,True,False,True,False,False,False,48,4,334,32,False,29,True,False,3.0,3.0,3.0,2.0,3.0,3.0,3.0,2.857142857142857,10.0,0.9952082565425728
2024-11-30,PROD_018,Columbia Silver Ridge,Outdoor,Ropa Montaña,70,False,11,708.4,2024,11,30,Saturday,5,True,False,False,True,False,False,,False,False,True,False,False,False,48,4,335,31,False,30,True,False,12.0,3.0,3.0,3.0,2.0,3.0,3.0,4.142857142857143,7.999999999999992,0.9188186617206451
2021-11-01,PROD_019,Merrell Moab 2 GTX,Outdoor,Zapatillas Trail,110,False,2,219.46,2021,11,1,Monday,0,False,True,False,False,False,True,Todos los Santos,False,False,True,False,False,False,44,4,305,60,False,1,False,True,2.0,2.0,2.0,2.0,2.0,2.0,1.0,1.8571428571428572,0.24545454545454184,1.043027787459206
2021-11-02,PROD_019,Merrell Moab 2 GTX,Outdoor,Zapatillas Trail,110,False,2,223.94,2021,11,2,Tuesday,1,False,False,False,False,False,False,,False,False,True,False,False,False,44,4,306,59,False,2,False,True,2.0,2.0,2.0,2.0,2.0,2.0,2.0,2.0,-1.79090909090909,1.0580175753567043
2021-11-03,PROD_019,Merrell Moab 2 GTX,Outdoor,Zapatillas Trail,110,False,2,217.32,2021,11,3,Wednesday,2,False,False,False,False,False,False,,False,False,True,False,False,False,44,4,307,58,False,3,False,True,2.0,2.0,2.0,2.0,2.0,2.0,2.0,2.0,1.2181818181818211,1.0409043011782737
2021-11-04,PROD_019,Merrell Moab 2 GTX,Outdoor,Zapatillas Trail,110,False,2,222.32,2021,11,4,Thursday,3,False,False,False,False,False,False,,False,False,True,False,False,False,44,4,308,57,False,4,False,False,2.0,2.0,2.0,2.0,2.0,2.0,2.0,2.0,-1.0545454545454513,1.0310094295872623
2021-11-05,PROD_019,Merrell Moab 2 GTX,Outdoor,Zapatillas Trail,110,False,2,219.16,2021,11,5,Friday,4,False,False,True,False,False,False,,False,False,True,False,False,False,44,4,309,56,False,5,False,False,2.0,2.0,2.0,2.0,2.0,2.0,2.0,2.0,0.3818181818181834,1.0355646558513152
2021-11-06,PROD_019,Merrell Moab 2 GTX,Outdoor,Zapatillas Trail,110,False,2,224.76,2021,11,6,Saturday,5,True,False,False,True,False,False,,False,False,True,False,False,False,44,4,310,55,False,6,False,False,2.0,2.0,2.0,2.0,2.0,2.0,2.0,2.0,-2.1636363636363596,1.0522471910112359
2021-11-07,PROD_019,Merrell Moab 2 GTX,Outdoor,Zapatillas Trail,110,False,2,221.02,2021,11,7,Sunday,6,True,False,False,False,True,False,,False,False,True,False,False,False,44,4,311,54,False,7,False,False,2.0,2.0,2.0,2.0,2.0,2.0,2.0,2.0,-0.46363636363636834,0.9987648370187384
2021-11-08,PROD_019,Merrell Moab 2 GTX,Outdoor,Zapatillas Trail,110,False,2,219.92,2021,11,8,Monday,0,False,True,False,False,False,False,,False,False,True,False,False,False,45,4,312,53,False,8,False,False,2.0,2.0,2.0,2.0,2.0,2.0,2.0,2.0,0.036363636363642045,1.000788787088162
2021-11-09,PROD_019,Merrell Moab 2 GTX,Outdoor,Zapatillas Trail,110,False,2,218.98,2021,11,9,Tuesday,1,False,False,False,False,False,False,,False,False,True,False,False,False,45,4,313,52,False,9,False,False,2.0,2.0,2.0,2.0,2.0,2.0,2.0,2.0,0.46363636363636834,1.0128896974929849
2021-11-10,PROD_019,Merrell Moab 2 GTX,Outdoor,Zapatillas Trail,110,False,2,225.18,2021,11,10,Wednesday,2,False,False,False,False,False,False,,False,False,True,False,False,False,45,4,314,51,False,10,False,False,2.0,2.0,2.0,2.0,2.0,2.0,2.0,2.0,-2.3545454545454576,1.0214715577463935
2021-11-11,PROD_019,Merrell Moab 2 GTX,Outdoor,Zapatillas Trail,110,False,2,218.96,2021,11,11,Thursday,3,False,False,False,False,False,False,,False,False,True,False,False,False,45,4,315,50,False,11,False,False,2.0,2.0,2.0,2.0,2.0,2.0,2.0,2.0,0.4727272727272691,1.0477223427331888
2021-11-12,PROD_019,Merrell Moab 2 GTX,Outdoor,Zapatillas Trail,110,False,2,222.28,2021,11,12,Friday,4,False,False,True,False,False,False,,False,False,True,False,False,False,45,4,316,49,False,12,False,False,2.0,2.0,2.0,2.0,2.0,2.0,2.0,2.0,-1.0363636363636368,1.0529606821411654
2021-11-13,PROD_019,Merrell Moab 2 GTX,Outdoor,Zapatillas Trail,110,False,2,214.94,2021,11,13,Saturday,5,True,False,False,True,False,False,,False,False,True,False,False,False,45,4,317,48,False,13,False,False,2.0,2.0,2.0,2.0,2.0,2.0,2.0,2.0,2.300000000000001,0.9855112333791839
2021-11-14,PROD_019,Merrell Moab 2 GTX,Outdoor,Zapatillas Trail,110,False,2,217.04,2021,11,14,Sunday,6,True,False,False,False,True,False,,False,False,True,False,False,False,45,4,318,47,False,14,False,False,2.0,2.0,2.0,2.0,2.0,2.0,2.0,2.0,1.3454545454545492,1.0100834600229591
2021-11-15,PROD_019,Merrell Moab 2 GTX,Outdoor,Zapatillas Trail,110,False,2,223.34,2021,11,15,Monday,0,False,True,False,False,False,False,,False,False,True,False,False,False,46,4,319,46,False,15,False,False,2.0,2.0,2.0,2.0,2.0,2.0,2.0,2.0,-1.5181818181818196,1.023618919579565
2021-11-16,PROD_019,Merrell Moab 2 GTX,Outdoor,Zapatillas Trail,110,False,2,214.34,2021,11,16,Tuesday,1,False,False,False,False,False,False,,False,False,True,False,False,False,46,4,320,45,False,16,False,False,2.0,2.0,2.0,2.0,2.0,2.0,2.0,2.0,2.5727272727272714,0.9990988191423245
2021-11-17,PROD_019,Merrell Moab 2 GTX,Outdoor,Zapatillas Trail,110,False,1,113.01,2021,11,17,Wednesday,2,False,False,False,False,False,False,,False,False,True,False,False,False,46,4,321,44,False,17,False,False,2.0,2.0,2.0,2.0,2.0,2.0,2.0,2.0,-2.7363636363636408,1.0663332704283828
2021-11-18,PROD_019,Merrell Moab 2 GTX,Outdoor,Zapatillas Trail,110,False,2,226.12,2021,11,18,Thursday,3,False,False,False,False,False,False,,False,False,True,False,False,False,46,4,322,43,False,18,False,False,1.0,2.0,2.0,2.0,2.0,2.0,2.0,1.8571428571428572,-2.781818181818184,1.0525695134061568
2021-11-19,PROD_019,Merrell Moab 2 GTX,Outdoor,Zapatillas Trail,110,False,2,216.84,2021,11,19,Friday,4,False,False,True,False,False,False,,False,False,True,False,False,False,46,4,323,42,False,19,False,False,2.0,1.0,2.0,2.0,2.0,2.0,2.0,1.8571428571428572,1.4363636363636347,1.0095912096098334
2021-11-20,PROD_019,Merrell Moab 2 GTX,Outdoor,Zapatillas Trail,110,False,3,324.99,2021,11,20,Saturday,5,True,False,False,True,False,False,,False,False,True,False,False,False,46,4,324,41,False,20,False,False,2.0,2.0,1.0,2.0,2.0,2.0,2.0,1.8571428571428572,1.5181818181818196,0.9884725348257194
2021-11-21,PROD_019,Merrell Moab 2 GTX,Outdoor,Zapatillas Trail,110,False,2,225.94,2021,11,21,Sunday,6,True,False,False,False,True,False,,False,False,True,False,False,False,46,4,325,40,False,21,False,False,3.0,2.0,2.0,1.0,2.0,2.0,2.0,2.0,-2.699999999999999,1.1048050593297691
2021-11-22,PROD_019,Merrell Moab 2 GTX,Outdoor,Zapatillas Trail,110,False,2,218.98,2021,11,22,Monday,0,False,True,False,False,False,False,,False,False,True,False,False,False,47,4,326,39,False,22,False,False,2.0,3.0,2.0,2.0,1.0,2.0,2.0,2.0,0.46363636363636834,1.036509940044178
2021-11-23,PROD_019,Merrell Moab 2 GTX,Outdoor,Zapatillas Trail,110,False,2,223.78,2021,11,23,Tuesday,1,False,False,False,False,False,False,,False,False,True,False,False,False,47,4,327,38,False,23,False,False,2.0,2.0,3.0,2.0,2.0,1.0,2.0,2.0,-1.7181818181818187,1.0018205694502478
2021-11-24,PROD_019,Merrell Moab 2 GTX,Outdoor,Zapatillas Trail,110,False,2,222.26,2021,11,24,Wednesday,2,False,False,False,False,False,False,,False,False,True,False,False,False,47,4,328,37,False,24,False,False,2.0,2.0,2.0,3.0,2.0,2.0,1.0,2.0,-1.0272727272727231,1.0186379052216687
2021-11-25,PROD_019,Merrell Moab 2 GTX,Outdoor,Zapatillas Trail,110,False,2,222.66,2021,11,25,Thursday,3,False,False,False,False,False,False,,False,False,True,False,False,False,47,4,329,36,False,25,False,False,2.0,2.0,2.0,2.0,3.0,2.0,2.0,2.142857142857143,-1.2090909090909077,1.00666104044849
2021-11-26,PROD_019,Merrell Moab 2 GTX,Outdoor,Zapatillas Trail,110,False,9,891.0,2021,11,26,Friday,4,False,False,True,False,False,False,,True,False,True,False,False,False,47,4,330,35,False,26,False,False,2.0,2.0,2.0,2.0,2.0,3.0,2.0,2.142857142857143,10.0,1.0901082767480272
2021-11-27,PROD_019,Merrell Moab 2 GTX,Outdoor,Zapatillas Trail,110,False,10,1012.0,2021,11,27,Saturday,5,True,False,False,True,False,False,,False,False,True,False,False,False,47,4,331,34,False,27,False,False,9.0,2.0,2.0,2.0,2.0,2.0,3.0,3.142857142857143,7.999999999999997,0.909281499895175
2021-11-28,PROD_019,Merrell Moab 2 GTX,Outdoor,Zapatillas Trail,110,False,9,910.8,2021,11,28,Sunday,6,True,False,False,False,True,False,,False,False,True,False,False,False,47,4,332,33,False,28,True,False,10.0,9.0,2.0,2.0,2.0,2.0,2.0,4.142857142857143,7.999999999999997,0.9344701283511343
2021-11-29,PROD_019,Merrell Moab 2 GTX,Outdoor,Zapatillas Trail,110,False,8,792.0,2021,11,29,Monday,0,False,True,False,False,False,False,,False,True,True,False,False,False,48,4,333,32,False,29,True,False,9.0,10.0,9.0,2.0,2.0,2.0,2.0,5.142857142857143,10.0,0.9105681086549958
2021-11-30,PROD_019,Merrell Moab 2 GTX,Outdoor,Zapatillas Trail,110,False,4,418.0,2021,11,30,Tuesday,1,False,False,False,False,False,False,,False,False,True,False,False,False,48,4,334,31,False,30,True,False,8.0,9.0,10.0,9.0,2.0,2.0,2.0,6.0,5.0,1.0017574692442883
2022-10-25,PROD_019,Merrell Moab 2 GTX,Outdoor,Zapatillas Trail,110,False,2,224.94,2022,10,25,Tuesday,1,False,False,False,False,False,False,,False,False,False,False,False,False,43,4,298,67,True,25,False,False,4.0,8.0,9.0,10.0,9.0,2.0,2.0,6.285714285714286,-2.2454545454545447,1.0410675717371183
2022-10-26,PROD_019,Merrell Moab 2 GTX,Outdoor,Zapatillas Trail,110,False,2,216.04,2022,10,26,Wednesday,2,False,False,False,False,False,False,,False,False,False,False,False,False,43,4,299,66,True,26,False,False,2.0,4.0,8.0,9.0,10.0,9.0,2.0,6.285714285714286,1.8000000000000036,1.0121814092953525
2022-10-27,PROD_019,Merrell Moab 2 GTX,Outdoor,Zapatillas Trail,110,False,2,218.02,2022,10,27,Thursday,3,False,False,False,False,False,False,,False,False,False,False,False,False,43,4,300,65,True,27,False,False,2.0,2.0,4.0,8.0,9.0,10.0,9.0,6.285714285714286,0.8999999999999955,1.0025137181570154
2022-10-28,PROD_019,Merrell Moab 2 GTX,Outdoor,Zapatillas Trail,110,False,2,225.66,2022,10,28,Friday,4,False,False,True,False,False,False,,False,False,False,False,False,False,43,4,301,64,True,28,True,False,2.0,2.0,2.0,4.0,8.0,9.0,10.0,5.285714285714286,-2.5727272727272714,1.0635309642756152
2022-10-29,PROD_019,Merrell Moab 2 GTX,Outdoor,Zapatillas Trail,110,False,3,327.18,2022,10,29,Saturday,5,True,False,False,True,False,False,,False,False,False,False,False,False,43,4,302,63,True,29,True,False,2.0,2.0,2.0,2.0,4.0,8.0,9.0,4.142857142857143,0.8545454545454525,0.9818443717552441
2022-10-30,PROD_019,Merrell Moab 2 GTX,Outdoor,Zapatillas Trail,110,False,2,218.04,2022,10,30,Sunday,6,True,False,False,False,True,False,,False,False,False,False,False,False,43,4,303,62,True,30,True,False,3.0,2.0,2.0,2.0,2.0,4.0,8.0,3.2857142857142856,0.8909090909090944,0.9967390973089933
2022-10-31,PROD_019,Merrell Moab 2 GTX,Outdoor,Zapatillas Trail,110,False,2,213.68,2022,10,31,Monday,0,False,True,False,False,False,False,,False,False,False,False,False,False,44,4,304,61,True,31,True,False,2.0,3.0,2.0,2.0,2.0,2.0,4.0,2.4285714285714284,2.8727272727272695,1.0193359623457576
2022-11-01,PROD_019,Merrell Moab 2 GTX,Outdoor,Zapatillas Trail,110,False,2,213.44,2022,11,1,Tuesday,1,False,False,False,False,False,True,Todos los Santos,False,False,True,False,False,False,44,4,305,60,False,1,False,True,2.0,2.0,3.0,2.0,2.0,2.0,2.0,2.142857142857143,2.981818181818183,0.9516109856140769
2022-11-02,PROD_019,Merrell Moab 2 GTX,Outdoor,Zapatillas Trail,110,False,2,219.56,2022,11,2,Wednesday,2,False,False,False,False,False,False,,False,False,True,False,False,False,44,4,306,59,False,2,False,True,2.0,2.0,2.0,3.0,2.0,2.0,2.0,2.142857142857143,0.19999999999999896,1.0491542161766112
2022-11-03,PROD_019,Merrell Moab 2 GTX,Outdoor,Zapatillas Trail,110,False,1,112.51,2022,11,3,Thursday,3,False,False,False,False,False,False,,False,False,True,False,False,False,44,4,307,58,False,3,False,True,2.0,2.0,2.0,2.0,3.0,2.0,2.0,2.142857142857143,-2.2818181818181866,1.089861155957378
2022-11-04,PROD_019,Merrell Moab 2 GTX,Outdoor,Zapatillas Trail,110,False,2,219.56,2022,11,4,Friday,4,False,False,True,False,False,False,,False,False,True,False,False,False,44,4,308,57,False,4,False,False,1.0,2.0,2.0,2.0,2.0,3.0,2.0,2.0,0.19999999999999896,0.9930048845202919
2022-11-05,PROD_019,Merrell Moab 2 GTX,Outdoor,Zapatillas Trail,110,False,3,332.07,2022,11,5,Saturday,5,True,False,False,True,False,False,,False,False,True,False,False,False,44,4,309,56,False,5,False,False,2.0,1.0,2.0,2.0,2.0,2.0,3.0,2.0,-0.6272727272727252,1.045988597347781
2022-11-06,PROD_019,Merrell Moab 2 GTX,Outdoor,Zapatillas Trail,110,False,2,218.14,2022,11,6,Sunday,6,True,False,False,False,True,False,,False,False,True,False,False,False,44,4,310,55,False,6,False,False,3.0,2.0,1.0,2.0,2.0,2.0,2.0,2.0,0.8454545454545517,1.0083202366645094
2022-11-07,PROD_019,Merrell Moab 2 GTX,Outdoor,Zapatillas Trail,110,False,2,216.52,2022,11,7,Monday,0,False,True,False,False,False,False,,False,False,True,False,False,False,45,4,311,54,False,7,False,False,2.0,3.0,2.0,1.0,2.0,2.0,2.0,2.0,1.5818181818181773,1.017927662508619
2022-11-08,PROD_019,Merrell Moab 2 GTX,Outdoor,Zapatillas Trail,110,False,2,216.06,2022,11,8,Tuesday,1,False,False,False,False,False,False,,False,False,True,False,False,False,45,4,312,53,False,8,False,False,2.0,2.0,3.0,2.0,1.0,2.0,2.0,2.0,1.79090909090909,0.996617362157508
2022-11-09,PROD_019,Merrell Moab 2 GTX,Outdoor,Zapatillas Trail,110,False,2,218.96,2022,11,9,Wednesday,2,False,False,False,False,False,False,,False,False,True,False,False,False,45,4,313,52,False,9,False,False,2.0,2.0,2.0,3.0,2.0,1.0,2.0,2.0,0.4727272727272691,0.9977823009387247
2022-11-10,PROD_019,Merrell Moab 2 GTX,Outdoor,Zapatillas Trail,110,False,2,219.92,2022,11,10,Thursday,3,False,False,False,False,False,False,,False,False,True,False,False,False,45,4,314,51,False,10,False,False,2.0,2.0,2.0,2.0,3.0,2.0,1.0,2.0,0.036363636363642045,1.0633743794726325
2022-11-11,PROD_019,Merrell Moab 2 GTX,Outdoor,Zapatillas Trail,110,False,3,324.87,2022,11,11,Friday,4,False,False,True,False,False,False,,False,False,True,False,False,False,45,4,315,50,False,11,False,False,2.0,2.0,2.0,2.0,2.0,3.0,2.0,2.142857142857143,1.554545454545449,1.0409830812612153
2022-11-12,PROD_019,Merrell Moab 2 GTX,Outdoor,Zapatillas Trail,110,False,2,219.52,2022,11,12,Saturday,5,True,False,False,True,False,False,,False,False,True,False,False,False,45,4,316,49,False,12,False,False,3.0,2.0,2.0,2.0,2.0,2.0,3.0,2.2857142857142856,0.21818181818181354,1.0840136950223862
2022-11-13,PROD_019,Merrell Moab 2 GTX,Outdoor,Zapatillas Trail,110,False,2,216.62,2022,11,13,Sunday,6,True,False,False,False,True,False,,False,False,True,False,False,False,45,4,317,48,False,13,False,False,2.0,3.0,2.0,2.0,2.0,2.0,2.0,2.142857142857143,1.5363636363636344,1.040341946018634
2022-11-14,PROD_019,Merrell Moab 2 GTX,Outdoor,Zapatillas Trail,110,False,3,328.65,2022,11,14,Monday,0,False,True,False,False,False,False,,False,False,True,False,False,False,46,4,318,47,False,14,False,False,2.0,2.0,3.0,2.0,2.0,2.0,2.0,2.142857142857143,0.4090909090909116,1.0389138268951128
2022-11-15,PROD_019,Merrell Moab 2 GTX,Outdoor,Zapatillas Trail,110,False,2,220.2,2022,11,15,Tuesday,1,False,False,False,False,False,False,,False,False,True,False,False,False,46,4,319,46,False,15,False,False,3.0,2.0,2.0,3.0,2.0,2.0,2.0,2.2857142857142856,-0.09090909090908574,0.996199782844734
2022-11-16,PROD_019,Merrell Moab 2 GTX,Outdoor,Zapatillas Trail,110,False,2,217.88,2022,11,16,Wednesday,2,False,False,False,False,False,False,,False,False,True,False,False,False,46,4,320,45,False,16,False,False,2.0,3.0,2.0,2.0,3.0,2.0,2.0,2.2857142857142856,0.9636363636363656,1.0264124870450049
2022-11-17,PROD_019,Merrell Moab 2 GTX,Outdoor,Zapatillas Trail,110,False,2,226.14,2022,11,17,Thursday,3,False,False,False,False,False,False,,False,False,True,False,False,False,46,4,321,44,False,17,False,False,2.0,2.0,3.0,2.0,2.0,3.0,2.0,2.2857142857142856,-2.790909090909085,1.044944858603906
2022-11-18,PROD_019,Merrell Moab 2 GTX,Outdoor,Zapatillas Trail,110,False,2,219.88,2022,11,18,Friday,4,False,False,True,False,False,False,,False,False,True,False,False,False,46,4,322,43,False,18,False,False,2.0,2.0,2.0,3.0,2.0,2.0,3.0,2.2857142857142856,0.05454545454545661,1.0024314631329403
2022-11-19,PROD_019,Merrell Moab 2 GTX,Outdoor,Zapatillas Trail,110,False,3,321.36,2022,11,19,Saturday,5,True,False,False,True,False,False,,False,False,True,False,False,False,46,4,323,42,False,19,False,False,2.0,2.0,2.0,2.0,3.0,2.0,2.0,2.142857142857143,2.6181818181818137,1.0260536398467435
2022-11-20,PROD_019,Merrell Moab 2 GTX,Outdoor,Zapatillas Trail,110,False,2,218.78,2022,11,20,Sunday,6,True,False,False,False,True,False,,False,False,True,False,False,False,46,4,324,41,False,20,False,False,3.0,2.0,2.0,2.0,2.0,3.0,2.0,2.2857142857142856,0.554545454545454,1.0423058599333015
2022-11-21,PROD_019,Merrell Moab 2 GTX,Outdoor,Zapatillas Trail,110,False,2,220.08,2022,11,21,Monday,0,False,True,False,False,False,False,,False,False,True,False,False,False,47,4,325,40,False,21,False,False,2.0,3.0,2.0,2.0,2.0,2.0,3.0,2.2857142857142856,-0.036363636363642045,1.0940544839928417
2022-11-22,PROD_019,Merrell Moab 2 GTX,Outdoor,Zapatillas Trail,110,False,2,219.36,2022,11,22,Tuesday,1,False,False,False,False,False,False,,False,False,True,False,False,False,47,4,326,39,False,22,False,False,2.0,2.0,3.0,2.0,2.0,2.0,2.0,2.142857142857143,0.2909090909090847,1.0507089027972922
2022-11-23,PROD_019,Merrell Moab 2 GTX,Outdoor,Zapatillas Trail,110,False,3,321.48,2022,11,23,Wednesday,2,False,False,False,False,False,False,,False,False,True,False,False,False,47,4,327,38,False,23,False,False,2.0,2.0,2.0,3.0,2.0,2.0,2.0,2.142857142857143,2.5818181818181847,1.0111341762596715
2022-11-24,PROD_019,Merrell Moab 2 GTX,Outdoor,Zapatillas Trail,110,False,3,338.34,2022,11,24,Thursday,3,False,False,False,False,False,False,,False,False,True,False,False,False,47,4,328,37,False,24,False,False,3.0,2.0,2.0,2.0,3.0,2.0,2.0,2.2857142857142856,-2.5272727272727282,1.033604203580375
2022-11-25,PROD_019,Merrell Moab 2 GTX,Outdoor,Zapatillas Trail,110,False,10,990.0,2022,11,25,Friday,4,False,False,True,False,False,False,,True,False,True,False,False,False,47,4,329,36,False,25,False,False,3.0,3.0,2.0,2.0,2.0,3.0,2.0,2.4285714285714284,10.0,1.0206887071276376
2022-11-26,PROD_019,Merrell Moab 2 GTX,Outdoor,Zapatillas Trail,110,False,10,1012.0,2022,11,26,Saturday,5,True,False,False,True,False,False,,False,False,True,False,False,False,47,4,330,35,False,26,False,False,10.0,3.0,3.0,2.0,2.0,2.0,3.0,3.5714285714285716,7.999999999999997,0.9592417061611375
2022-11-27,PROD_019,Merrell Moab 2 GTX,Outdoor,Zapatillas Trail,110,False,10,1012.0,2022,11,27,Sunday,6,True,False,False,False,True,False,,False,False,True,False,False,False,47,4,331,34,False,27,False,False,10.0,10.0,3.0,3.0,2.0,2.0,2.0,4.571428571428571,7.999999999999997,0.9735761929194459
2022-11-28,PROD_019,Merrell Moab 2 GTX,Outdoor,Zapatillas Trail,110,False,7,693.0,2022,11,28,Monday,0,False,True,False,False,False,False,,False,True,True,False,False,False,48,4,332,33,False,28,True,False,10.0,10.0,10.0,3.0,3.0,2.0,2.0,5.714285714285714,10.0,0.937292896140373
2022-11-29,PROD_019,Merrell Moab 2 GTX,Outdoor,Zapatillas Trail,110,False,5,522.5,2022,11,29,Tuesday,1,False,False,False,False,False,False,,False,False,True,False,False,False,48,4,333,32,False,29,True,False,7.0,10.0,10.0,10.0,3.0,3.0,2.0,6.428571428571429,5.0,0.9803614985302394
2022-11-30,PROD_019,Merrell Moab 2 GTX,Outdoor,Zapatillas Trail,110,False,6,627.0,2022,11,30,Wednesday,2,False,False,False,False,False,False,,False,False,True,False,False,False,48,4,334,31,False,30,True,False,5.0,7.0,10.0,10.0,10.0,3.0,3.0,6.857142857142857,5.0,0.9332023575638506
2023-10-25,PROD_019,Merrell Moab 2 GTX,Outdoor,Zapatillas Trail,110,False,2,214.1,2023,10,25,Wednesday,2,False,False,False,False,False,False,,False,False,False,False,False,False,43,4,298,67,True,25,False,False,6.0,5.0,7.0,10.0,10.0,10.0,3.0,7.285714285714286,2.6818181818181843,0.9964937321583717
2023-10-26,PROD_019,Merrell Moab 2 GTX,Outdoor,Zapatillas Trail,110,False,2,218.78,2023,10,26,Thursday,3,False,False,False,False,False,False,,False,False,False,False,False,False,43,4,299,66,True,26,False,False,2.0,6.0,5.0,7.0,10.0,10.0,10.0,7.142857142857143,0.554545454545454,1.050480153649168
2023-10-27,PROD_019,Merrell Moab 2 GTX,Outdoor,Zapatillas Trail,110,False,2,221.9,2023,10,27,Friday,4,False,False,True,False,False,False,,False,False,False,False,False,False,43,4,300,65,True,27,False,False,2.0,2.0,6.0,5.0,7.0,10.0,10.0,6.0,-0.8636363636363662,1.0414580725907385
2023-10-28,PROD_019,Merrell Moab 2 GTX,Outdoor,Zapatillas Trail,110,False,3,333.0,2023,10,28,Saturday,5,True,False,False,True,False,False,,False,False,False,False,False,False,43,4,301,64,True,28,True,False,2.0,2.0,2.0,6.0,5.0,7.0,10.0,4.857142857142857,-0.9090909090909091,1.0672392795333634
2023-10-29,PROD_019,Merrell Moab 2 GTX,Outdoor,Zapatillas Trail,110,False,2,224.52,2023,10,29,Sunday,6,True,False,False,False,True,False,,False,False,False,False,False,False,43,4,302,63,True,29,True,False,3.0,2.0,2.0,2.0,6.0,5.0,7.0,3.857142857142857,-2.054545454545459,1.0456733008352221
2023-10-30,PROD_019,Merrell Moab 2 GTX,Outdoor,Zapatillas Trail,110,False,2,219.54,2023,10,30,Monday,0,False,True,False,False,False,False,,False,False,False,False,False,False,44,4,303,62,True,30,True,False,2.0,3.0,2.0,2.0,2.0,6.0,5.0,3.142857142857143,0.2090909090909127,1.0386689796562056
2023-10-31,PROD_019,Merrell Moab 2 GTX,Outdoor,Zapatillas Trail,110,False,2,215.42,2023,10,31,Tuesday,1,False,False,False,False,False,False,,False,False,False,False,False,False,44,4,304,61,True,31,True,False,2.0,2.0,3.0,2.0,2.0,2.0,6.0,2.7142857142857144,2.0818181818181873,0.993787482700292
2023-11-01,PROD_019,Merrell Moab 2 GTX,Outdoor,Zapatillas Trail,110,False,2,215.12,2023,11,1,Wednesday,2,False,False,False,False,False,True,Todos los Santos,False,False,True,False,False,False,44,4,305,60,False,1,False,True,2.0,2.0,2.0,3.0,2.0,2.0,2.0,2.142857142857143,2.218181818181816,0.9756009070294784
2023-11-02,PROD_019,Merrell Moab 2 GTX,Outdoor,Zapatillas Trail,110,False,2,224.98,2023,11,2,Thursday,3,False,False,False,False,False,False,,False,False,True,False,False,False,44,4,306,59,False,2,False,True,2.0,2.0,2.0,2.0,3.0,2.0,2.0,2.142857142857143,-2.263636363636359,1.0910413501018394
2023-11-03,PROD_019,Merrell Moab 2 GTX,Outdoor,Zapatillas Trail,110,False,2,219.34,2023,11,3,Friday,4,False,False,True,False,False,False,,False,False,True,False,False,False,44,4,307,58,False,3,False,True,2.0,2.0,2.0,2.0,2.0,3.0,2.0,2.142857142857143,0.29999999999999843,1.039000821069917
2023-11-04,PROD_019,Merrell Moab 2 GTX,Outdoor,Zapatillas Trail,110,False,3,339.12,2023,11,4,Saturday,5,True,False,False,True,False,False,,False,False,True,False,False,False,44,4,308,57,False,4,False,False,2.0,2.0,2.0,2.0,2.0,2.0,3.0,2.142857142857143,-2.763636363636369,1.0948184019370462
2023-11-05,PROD_019,Merrell Moab 2 GTX,Outdoor,Zapatillas Trail,110,False,2,220.78,2023,11,5,Sunday,6,True,False,False,False,True,False,,False,False,True,False,False,False,44,4,309,56,False,5,False,False,3.0,2.0,2.0,2.0,2.0,2.0,2.0,2.142857142857143,-0.35454545454545505,1.0518676152966586
2023-11-06,PROD_019,Merrell Moab 2 GTX,Outdoor,Zapatillas Trail,110,False,3,327.66,2023,11,6,Monday,0,False,True,False,False,False,False,,False,False,True,False,False,False,45,4,310,55,False,6,False,False,2.0,3.0,2.0,2.0,2.0,2.0,2.0,2.142857142857143,0.7090909090909101,1.0443679479824057
2023-11-07,PROD_019,Merrell Moab 2 GTX,Outdoor,Zapatillas Trail,110,False,2,220.6,2023,11,7,Tuesday,1,False,False,False,False,False,False,,False,False,True,False,False,False,45,4,311,54,False,7,False,False,3.0,2.0,3.0,2.0,2.0,2.0,2.0,2.2857142857142856,-0.27272727272727015,1.012174232228068
2023-11-08,PROD_019,Merrell Moab 2 GTX,Outdoor,Zapatillas Trail,110,False,2,221.48,2023,11,8,Wednesday,2,False,False,False,False,False,False,,False,False,True,False,False,False,45,4,312,53,False,8,False,False,2.0,3.0,2.0,3.0,2.0,2.0,2.0,2.2857142857142856,-0.6727272727272681,1.0009038322487347
2023-11-09,PROD_019,Merrell Moab 2 GTX,Outdoor,Zapatillas Trail,110,False,2,215.7,2023,11,9,Thursday,3,False,False,False,False,False,False,,False,False,True,False,False,False,45,4,313,52,False,9,False,False,2.0,2.0,3.0,2.0,3.0,2.0,2.0,2.2857142857142856,1.95454545454546,1.0225979772439948
2023-11-10,PROD_019,Merrell Moab 2 GTX,Outdoor,Zapatillas Trail,110,False,2,224.38,2023,11,10,Friday,4,False,False,True,False,False,False,,False,False,True,False,False,False,45,4,314,51,False,10,False,False,2.0,2.0,2.0,3.0,2.0,3.0,2.0,2.2857142857142856,-1.9909090909090887,1.0500748783227256
2023-11-11,PROD_019,Merrell Moab 2 GTX,Outdoor,Zapatillas Trail,110,False,3,330.18,2023,11,11,Saturday,5,True,False,False,True,False,False,,False,False,True,False,False,False,45,4,315,50,False,11,False,False,2.0,2.0,2.0,2.0,3.0,2.0,3.0,2.2857142857142856,-0.05454545454545661,1.0578962545256478
2023-11-12,PROD_019,Merrell Moab 2 GTX,Outdoor,Zapatillas Trail,110,False,2,221.26,2023,11,12,Sunday,6,True,False,False,False,True,False,,False,False,True,False,False,False,45,4,316,49,False,12,False,False,3.0,2.0,2.0,2.0,2.0,3.0,2.0,2.2857142857142856,-0.5727272727272686,1.051516015587872
2023-11-13,PROD_019,Merrell Moab 2 GTX,Outdoor,Zapatillas Trail,110,False,3,339.6,2023,11,13,Monday,0,False,True,False,False,False,False,,False,False,True,False,False,False,46,4,317,48,False,13,False,False,2.0,3.0,2.0,2.0,2.0,2.0,3.0,2.2857142857142856,-2.9090909090909114,1.1092239351972826
2023-11-14,PROD_019,Merrell Moab 2 GTX,Outdoor,Zapatillas Trail,110,False,2,214.78,2023,11,14,Tuesday,1,False,False,False,False,False,False,,False,False,True,False,False,False,46,4,318,47,False,14,False,False,3.0,2.0,3.0,2.0,2.0,2.0,2.0,2.2857142857142856,2.372727272727272,1.0064352878697949
2023-11-15,PROD_019,Merrell Moab 2 GTX,Outdoor,Zapatillas Trail,110,False,2,215.7,2023,11,15,Wednesday,2,False,False,False,False,False,False,,False,False,True,False,False,False,46,4,319,46,False,15,False,False,2.0,3.0,2.0,3.0,2.0,2.0,2.0,2.2857142857142856,1.95454545454546,0.9897824956407354
2023-11-16,PROD_019,Merrell Moab 2 GTX,Outdoor,Zapatillas Trail,110,False,2,214.66,2023,11,16,Thursday,3,False,False,False,False,False,False,,False,False,True,False,False,False,46,4,320,45,False,16,False,False,2.0,2.0,3.0,2.0,3.0,2.0,2.0,2.2857142857142856,2.427272727272729,0.9583891418876685
2023-11-17,PROD_019,Merrell Moab 2 GTX,Outdoor,Zapatillas Trail,110,False,2,219.1,2023,11,17,Friday,4,False,False,True,False,False,False,,False,False,True,False,False,False,46,4,321,44,False,17,False,False,2.0,2.0,2.0,3.0,2.0,3.0,2.0,2.2857142857142856,0.4090909090909116,0.9776885319053993
2023-11-18,PROD_019,Merrell Moab 2 GTX,Outdoor,Zapatillas Trail,110,False,3,339.15,2023,11,18,Saturday,5,True,False,False,True,False,False,,False,False,True,False,False,False,46,4,322,43,False,18,False,False,2.0,2.0,2.0,2.0,3.0,2.0,3.0,2.2857142857142856,-2.7727272727272703,1.106200463159268
2023-11-19,PROD_019,Merrell Moab 2 GTX,Outdoor,Zapatillas Trail,110,False,2,224.72,2023,11,19,Sunday,6,True,False,False,False,True,False,,False,False,True,False,False,False,46,4,323,42,False,19,False,False,3.0,2.0,2.0,2.0,2.0,3.0,2.0,2.2857142857142856,-2.1454545454545446,1.0717965023847378
2023-11-20,PROD_019,Merrell Moab 2 GTX,Outdoor,Zapatillas Trail,110,False,2,220.28,2023,11,20,Monday,0,False,True,False,False,False,False,,False,False,True,False,False,False,47,4,324,41,False,20,False,False,2.0,3.0,2.0,2.0,2.0,2.0,3.0,2.2857142857142856,-0.1272727272727278,1.0388279309585942
2023-11-21,PROD_019,Merrell Moab 2 GTX,Outdoor,Zapatillas Trail,110,False,3,325.17,2023,11,21,Tuesday,1,False,False,False,False,False,False,,False,False,True,False,False,False,47,4,325,40,False,21,False,False,2.0,2.0,3.0,2.0,2.0,2.0,2.0,2.142857142857143,1.4636363636363632,1.044353802672148
2023-11-22,PROD_019,Merrell Moab 2 GTX,Outdoor,Zapatillas Trail,110,False,3,333.24,2023,11,22,Wednesday,2,False,False,False,False,False,False,,False,False,True,False,False,False,47,4,326,39,False,22,False,False,3.0,2.0,2.0,3.0,2.0,2.0,2.0,2.2857142857142856,-0.9818181818181803,1.0654133896029159
2023-11-23,PROD_019,Merrell Moab 2 GTX,Outdoor,Zapatillas Trail,110,False,3,328.98,2023,11,23,Thursday,3,False,False,False,False,False,False,,False,False,True,False,False,False,47,4,327,38,False,23,False,False,3.0,3.0,2.0,2.0,3.0,2.0,2.0,2.4285714285714284,0.3090909090909122,1.0442814970002858
2023-11-24,PROD_019,Merrell Moab 2 GTX,Outdoor,Zapatillas Trail,110,False,13,1287.0,2023,11,24,Friday,4,False,False,True,False,False,False,,True,False,True,False,False,False,47,4,328,37,False,24,False,False,3.0,3.0,3.0,2.0,2.0,3.0,2.0,2.5714285714285716,10.0,1.023432115782219
2023-11-25,PROD_019,Merrell Moab 2 GTX,Outdoor,Zapatillas Trail,110,False,12,1214.4,2023,11,25,Saturday,5,True,False,False,True,False,False,,False,False,True,False,False,False,47,4,329,36,False,25,False,False,13.0,3.0,3.0,3.0,2.0,2.0,3.0,4.142857142857143,7.999999999999997,0.9577891349611962
2023-11-26,PROD_019,Merrell Moab 2 GTX,Outdoor,Zapatillas Trail,110,False,9,910.8,2023,11,26,Sunday,6,True,False,False,False,True,False,,False,False,True,False,False,False,47,4,330,35,False,26,False,False,12.0,13.0,3.0,3.0,3.0,2.0,2.0,5.428571428571429,7.999999999999997,0.9264288547801409
2023-11-27,PROD_019,Merrell Moab 2 GTX,Outdoor,Zapatillas Trail,110,False,9,891.0,2023,11,27,Monday,0,False,True,False,False,False,False,,False,True,True,False,False,False,48,4,331,34,False,27,False,False,9.0,12.0,13.0,3.0,3.0,3.0,2.0,6.428571428571429,10.0,0.9634723934341141
2023-11-28,PROD_019,Merrell Moab 2 GTX,Outdoor,Zapatillas Trail,110,False,6,627.0,2023,11,28,Tuesday,1,False,False,False,False,False,False,,False,False,True,False,False,False,48,4,332,33,False,28,True,False,9.0,9.0,12.0,13.0,3.0,3.0,3.0,7.428571428571429,5.0,0.9637257915770059
2023-11-29,PROD_019,Merrell Moab 2 GTX,Outdoor,Zapatillas Trail,110,False,5,522.5,2023,11,29,Wednesday,2,False,False,False,False,False,False,,False,False,True,False,False,False,48,4,333,32,False,29,True,False,6.0,9.0,9.0,12.0,13.0,3.0,3.0,7.857142857142857,5.0,0.9900208425440534
2023-11-30,PROD_019,Merrell Moab 2 GTX,Outdoor,Zapatillas Trail,110,False,2,223.96,2023,11,30,Thursday,3,False,False,False,False,False,False,,False,False,True,False,False,False,48,4,334,31,False,30,True,False,5.0,6.0,9.0,9.0,12.0,13.0,3.0,8.142857142857142,-1.8000000000000036,1.037268039645537
2024-10-25,PROD_019,Merrell Moab 2 GTX,Outdoor,Zapatillas Trail,110,False,2,225.44,2024,10,25,Friday,4,False,False,True,False,False,False,,False,False,False,False,False,False,43,4,299,67,True,25,False,False,2.0,5.0,6.0,9.0,9.0,12.0,13.0,8.0,-2.4727272727272718,1.0508716865036203
2024-10-26,PROD_019,Merrell Moab 2 GTX,Outdoor,Zapatillas Trail,110,False,3,328.38,2024,10,26,Saturday,5,True,False,False,True,False,False,,False,False,False,False,False,False,43,4,300,66,True,26,False,False,2.0,2.0,5.0,6.0,9.0,9.0,12.0,6.428571428571429,0.4909090909090966,1.05724404378622
2024-10-27,PROD_019,Merrell Moab 2 GTX,Outdoor,Zapatillas Trail,110,False,2,223.22,2024,10,27,Sunday,6,True,False,False,False,True,False,,False,False,False,False,False,False,43,4,301,65,True,27,False,False,3.0,2.0,2.0,5.0,6.0,9.0,9.0,5.142857142857143,-1.4636363636363632,1.004620600678088
2024-10-28,PROD_019,Merrell Moab 2 GTX,Outdoor,Zapatillas Trail,110,False,2,216.32,2024,10,28,Monday,0,False,True,False,False,False,False,,False,False,False,False,False,False,44,4,302,64,True,28,True,False,2.0,3.0,2.0,2.0,5.0,6.0,9.0,4.142857142857143,1.6727272727272757,1.006108337725962
2024-10-29,PROD_019,Merrell Moab 2 GTX,Outdoor,Zapatillas Trail,110,False,2,225.06,2024,10,29,Tuesday,1,False,False,False,False,False,False,,False,False,False,False,False,False,44,4,303,63,True,29,True,False,2.0,2.0,3.0,2.0,2.0,5.0,6.0,3.142857142857143,-2.300000000000001,1.0298343552667704
2024-10-30,PROD_019,Merrell Moab 2 GTX,Outdoor,Zapatillas Trail,110,False,2,215.72,2024,10,30,Wednesday,2,False,False,False,False,False,False,,False,False,False,False,False,False,44,4,304,62,True,30,True,False,2.0,2.0,2.0,3.0,2.0,2.0,5.0,2.5714285714285716,1.945454545454546,0.9829880308645725
2024-10-31,PROD_019,Merrell Moab 2 GTX,Outdoor,Zapatillas Trail,110,False,2,220.38,2024,10,31,Thursday,3,False,False,False,False,False,False,,False,False,False,False,False,False,44,4,305,61,True,31,True,False,2.0,2.0,2.0,2.0,3.0,2.0,2.0,2.142857142857143,-0.17272727272727068,1.02518219879051
2024-11-01,PROD_019,Merrell Moab 2 GTX,Outdoor,Zapatillas Trail,110,False,3,333.06,2024,11,1,Friday,4,False,False,True,False,False,True,Todos los Santos,False,False,True,False,False,False,44,4,306,60,False,1,False,True,2.0,2.0,2.0,2.0,2.0,3.0,2.0,2.142857142857143,-0.9272727272727236,0.9802513464991024
2024-11-02,PROD_019,Merrell Moab 2 GTX,Outdoor,Zapatillas Trail,110,False,2,226.34,2024,11,2,Saturday,5,True,False,False,True,False,False,,False,False,True,False,False,False,44,4,307,59,False,2,False,True,3.0,2.0,2.0,2.0,2.0,2.0,3.0,2.2857142857142856,-2.881818181818183,1.098204754973314
2024-11-03,PROD_019,Merrell Moab 2 GTX,Outdoor,Zapatillas Trail,110,False,3,321.54,2024,11,3,Sunday,6,True,False,False,False,True,False,,False,False,True,False,False,False,44,4,308,58,False,3,False,True,2.0,3.0,2.0,2.0,2.0,2.0,2.0,2.142857142857143,2.5636363636363577,0.9771173306591302
2024-11-04,PROD_019,Merrell Moab 2 GTX,Outdoor,Zapatillas Trail,110,False,3,320.4,2024,11,4,Monday,0,False,True,False,False,False,False,,False,False,True,False,False,False,45,4,309,57,False,4,False,False,3.0,2.0,3.0,2.0,2.0,2.0,2.0,2.2857142857142856,2.9090909090909114,0.9773060029282575
2024-11-05,PROD_019,Merrell Moab 2 GTX,Outdoor,Zapatillas Trail,110,False,2,213.56,2024,11,5,Tuesday,1,False,False,False,False,False,False,,False,False,True,False,False,False,45,4,310,56,False,5,False,False,3.0,3.0,2.0,3.0,2.0,2.0,2.0,2.4285714285714284,2.9272727272727264,0.9987840239453746
2024-11-06,PROD_019,Merrell Moab 2 GTX,Outdoor,Zapatillas Trail,110,False,3,324.33,2024,11,6,Wednesday,2,False,False,False,False,False,False,,False,False,True,False,False,False,45,4,311,55,False,6,False,False,2.0,3.0,3.0,2.0,3.0,2.0,2.0,2.4285714285714284,1.7181818181818187,0.9987989652623798
2024-11-07,PROD_019,Merrell Moab 2 GTX,Outdoor,Zapatillas Trail,110,False,2,224.98,2024,11,7,Thursday,3,False,False,False,False,False,False,,False,False,True,False,False,False,45,4,312,54,False,7,False,False,3.0,2.0,3.0,3.0,2.0,3.0,2.0,2.5714285714285716,-2.263636363636359,1.0837534924050225
2024-11-08,PROD_019,Merrell Moab 2 GTX,Outdoor,Zapatillas Trail,110,False,2,221.74,2024,11,8,Friday,4,False,False,True,False,False,False,,False,False,True,False,False,False,45,4,313,53,False,8,False,False,2.0,3.0,2.0,3.0,3.0,2.0,3.0,2.5714285714285716,-0.7909090909090951,1.0411958052903427
2024-11-09,PROD_019,Merrell Moab 2 GTX,Outdoor,Zapatillas Trail,110,False,4,438.12,2024,11,9,Saturday,5,True,False,False,True,False,False,,False,False,True,False,False,False,45,4,314,52,False,9,False,False,2.0,2.0,3.0,2.0,3.0,3.0,2.0,2.4285714285714284,0.42727272727272625,1.0065553683565631
2024-11-10,PROD_019,Merrell Moab 2 GTX,Outdoor,Zapatillas Trail,110,False,2,218.04,2024,11,10,Sunday,6,True,False,False,False,True,False,,False,False,True,False,False,False,45,4,315,51,False,10,False,False,4.0,2.0,2.0,3.0,2.0,3.0,3.0,2.7142857142857144,0.8909090909090944,1.027133973996608
2024-11-11,PROD_019,Merrell Moab 2 GTX,Outdoor,Zapatillas Trail,110,False,2,222.62,2024,11,11,Monday,0,False,True,False,False,False,False,,False,False,True,False,False,False,46,4,316,50,False,11,False,False,2.0,4.0,2.0,2.0,3.0,2.0,3.0,2.5714285714285716,-1.190909090909093,1.0372107470104055
2024-11-12,PROD_019,Merrell Moab 2 GTX,Outdoor,Zapatillas Trail,110,False,2,223.16,2024,11,12,Tuesday,1,False,False,False,False,False,False,,False,False,True,False,False,False,46,4,317,49,False,12,False,False,2.0,2.0,4.0,2.0,2.0,3.0,2.0,2.4285714285714284,-1.4363636363636347,1.0480603650709166
2024-11-13,PROD_019,Merrell Moab 2 GTX,Outdoor,Zapatillas Trail,110,False,2,215.68,2024,11,13,Wednesday,2,False,False,False,False,False,False,,False,False,True,False,False,False,46,4,318,48,False,13,False,False,2.0,2.0,2.0,4.0,2.0,2.0,3.0,2.4285714285714284,1.9636363636363605,0.9961817957876586
2024-11-14,PROD_019,Merrell Moab 2 GTX,Outdoor,Zapatillas Trail,110,False,2,217.36,2024,11,14,Thursday,3,False,False,False,False,False,False,,False,False,True,False,False,False,46,4,319,47,False,14,False,False,2.0,2.0,2.0,2.0,4.0,2.0,2.0,2.2857142857142856,1.1999999999999937,1.0296867104598282
2024-11-15,PROD_019,Merrell Moab 2 GTX,Outdoor,Zapatillas Trail,110,False,2,215.18,2024,11,15,Friday,4,False,False,True,False,False,False,,False,False,True,False,False,False,46,4,320,46,False,15,False,False,2.0,2.0,2.0,2.0,2.0,4.0,2.0,2.2857142857142856,2.190909090909088,0.9924056081662772
2024-11-16,PROD_019,Merrell Moab 2 GTX,Outdoor,Zapatillas Trail,110,False,3,332.04,2024,11,16,Saturday,5,True,False,False,True,False,False,,False,False,True,False,False,False,46,4,321,45,False,16,False,False,2.0,2.0,2.0,2.0,2.0,2.0,4.0,2.2857142857142856,-0.6181818181818244,1.0309880146556543
2024-11-17,PROD_019,Merrell Moab 2 GTX,Outdoor,Zapatillas Trail,110,False,3,339.54,2024,11,17,Sunday,6,True,False,False,False,True,False,,False,False,True,False,False,False,46,4,322,44,False,17,False,False,3.0,2.0,2.0,2.0,2.0,2.0,2.0,2.142857142857143,-2.8909090909090973,1.0812687089994268
2024-11-18,PROD_019,Merrell Moab 2 GTX,Outdoor,Zapatillas Trail,110,False,2,224.86,2024,11,18,Monday,0,False,True,False,False,False,False,,False,False,True,False,False,False,47,4,323,43,False,18,False,False,3.0,3.0,2.0,2.0,2.0,2.0,2.0,2.2857142857142856,-2.209090909090915,1.043724470850353
2024-11-19,PROD_019,Merrell Moab 2 GTX,Outdoor,Zapatillas Trail,110,False,2,221.54,2024,11,19,Tuesday,1,False,False,False,False,False,False,,False,False,True,False,False,False,47,4,324,42,False,19,False,False,2.0,3.0,3.0,2.0,2.0,2.0,2.0,2.2857142857142856,-0.6999999999999964,1.0394432280262746
2024-11-20,PROD_019,Merrell Moab 2 GTX,Outdoor,Zapatillas Trail,110,False,2,223.84,2024,11,20,Wednesday,2,False,False,False,False,False,False,,False,False,True,False,False,False,47,4,325,41,False,20,False,False,2.0,2.0,3.0,3.0,2.0,2.0,2.0,2.2857142857142856,-1.745454545454547,1.0498405353011069
2024-11-21,PROD_019,Merrell Moab 2 GTX,Outdoor,Zapatillas Trail,110,False,2,223.12,2024,11,21,Thursday,3,False,False,False,False,False,False,,False,False,True,False,False,False,47,4,326,40,False,21,False,False,2.0,2.0,2.0,3.0,3.0,2.0,2.0,2.2857142857142856,-1.4181818181818202,1.070427940894262
2024-11-22,PROD_019,Merrell Moab 2 GTX,Outdoor,Zapatillas Trail,110,False,3,333.81,2024,11,22,Friday,4,False,False,True,False,False,False,,False,False,True,False,False,False,47,4,327,39,False,22,False,False,2.0,2.0,2.0,2.0,3.0,3.0,2.0,2.2857142857142856,-1.154545454545451,1.034684768458248
2024-11-23,PROD_019,Merrell Moab 2 GTX,Outdoor,Zapatillas Trail,110,False,3,327.63,2024,11,23,Saturday,5,True,False,False,True,False,False,,False,False,True,False,False,False,47,4,328,38,False,23,False,False,3.0,2.0,2.0,2.0,2.0,3.0,3.0,2.4285714285714284,0.7181818181818239,1.0046610039557204
2024-11-24,PROD_019,Merrell Moab 2 GTX,Outdoor,Zapatillas Trail,110,False,2,219.56,2024,11,24,Sunday,6,True,False,False,False,True,False,,False,False,True,False,False,False,47,4,329,37,False,24,False,False,3.0,3.0,2.0,2.0,2.0,2.0,3.0,2.4285714285714284,0.19999999999999896,0.991301206995154
2024-11-25,PROD_019,Merrell Moab 2 GTX,Outdoor,Zapatillas Trail,110,False,2,226.52,2024,11,25,Monday,0,False,True,False,False,False,False,,False,False,True,False,False,False,48,4,330,36,False,25,False,False,2.0,3.0,3.0,2.0,2.0,2.0,2.0,2.2857142857142856,-2.9636363636363683,1.0387331478707469
2024-11-26,PROD_019,Merrell Moab 2 GTX,Outdoor,Zapatillas Trail,110,False,3,335.22,2024,11,26,Tuesday,1,False,False,False,False,False,False,,False,False,True,False,False,False,48,4,331,35,False,26,False,False,2.0,2.0,3.0,3.0,2.0,2.0,2.0,2.2857142857142856,-1.5818181818181773,1.067069871080694
2024-11-27,PROD_019,Merrell Moab 2 GTX,Outdoor,Zapatillas Trail,110,False,4,435.8,2024,11,27,Wednesday,2,False,False,False,False,False,False,,False,False,True,False,False,False,48,4,332,34,False,27,False,False,3.0,2.0,2.0,3.0,3.0,2.0,2.0,2.4285714285714284,0.954545454545452,1.0333870814758608
2024-11-28,PROD_019,Merrell Moab 2 GTX,Outdoor,Zapatillas Trail,110,False,2,215.74,2024,11,28,Thursday,3,False,False,False,False,False,False,,False,False,True,False,False,False,48,4,333,33,False,28,True,False,4.0,3.0,2.0,2.0,3.0,3.0,2.0,2.7142857142857144,1.9363636363636323,0.9937661220980224
2024-11-29,PROD_019,Merrell Moab 2 GTX,Outdoor,Zapatillas Trail,110,False,10,990.0,2024,11,29,Friday,4,False,False,True,False,False,False,,True,False,True,False,False,False,48,4,334,32,False,29,True,False,2.0,4.0,3.0,2.0,2.0,3.0,3.0,2.7142857142857144,10.0,1.0552496002842424
2024-11-30,PROD_019,Merrell Moab 2 GTX,Outdoor,Zapatillas Trail,110,False,10,1012.0,2024,11,30,Saturday,5,True,False,False,True,False,False,,False,False,True,False,False,False,48,4,335,31,False,30,True,False,10.0,2.0,4.0,3.0,2.0,2.0,3.0,3.7142857142857144,7.999999999999997,0.9349881432662991
2021-11-01,PROD_020,Quechua MH500,Outdoor,Ropa Montaña,80,False,2,164.38,2021,11,1,Monday,0,False,True,False,False,False,True,Todos los Santos,False,False,True,False,False,False,44,4,305,60,False,1,False,True,2.0,2.0,2.0,2.0,2.0,2.0,2.0,2.0,-2.737499999999997,1.0703681194651848
2021-11-02,PROD_020,Quechua MH500,Outdoor,Ropa Montaña,80,False,2,162.38,2021,11,2,Tuesday,1,False,False,False,False,False,False,,False,False,True,False,False,False,44,4,306,59,False,2,False,True,2.0,2.0,2.0,2.0,2.0,2.0,2.0,2.0,-1.4874999999999972,1.0586317802503475
2021-11-03,PROD_020,Quechua MH500,Outdoor,Ropa Montaña,80,False,2,163.58,2021,11,3,Wednesday,2,False,False,False,False,False,False,,False,False,True,False,False,False,44,4,307,58,False,3,False,True,2.0,2.0,2.0,2.0,2.0,2.0,2.0,2.0,-2.237500000000008,1.022929086588569
2021-11-04,PROD_020,Quechua MH500,Outdoor,Ropa Montaña,80,False,2,163.12,2021,11,4,Thursday,3,False,False,False,False,False,False,,False,False,True,False,False,False,44,4,308,57,False,4,False,False,2.0,2.0,2.0,2.0,2.0,2.0,2.0,2.0,-1.9500000000000028,1.1112725951494233
2021-11-05,PROD_020,Quechua MH500,Outdoor,Ropa Montaña,80,False,2,156.72,2021,11,5,Friday,4,False,False,True,False,False,False,,False,False,True,False,False,False,44,4,309,56,False,5,False,False,2.0,2.0,2.0,2.0,2.0,2.0,2.0,2.0,2.0500000000000007,1.0280766203096299
2021-11-06,PROD_020,Quechua MH500,Outdoor,Ropa Montaña,80,False,2,162.0,2021,11,6,Saturday,5,True,False,False,True,False,False,,False,False,True,False,False,False,44,4,310,55,False,6,False,False,2.0,2.0,2.0,2.0,2.0,2.0,2.0,2.0,-1.25,1.04763957749515
2021-11-07,PROD_020,Quechua MH500,Outdoor,Ropa Montaña,80,False,2,159.0,2021,11,7,Sunday,6,True,False,False,False,True,False,,False,False,True,False,False,False,44,4,311,54,False,7,False,False,2.0,2.0,2.0,2.0,2.0,2.0,2.0,2.0,0.625,1.0269106566200215
2021-11-08,PROD_020,Quechua MH500,Outdoor,Ropa Montaña,80,False,2,156.86,2021,11,8,Monday,0,False,True,False,False,False,False,,False,False,True,False,False,False,45,4,312,53,False,8,False,False,2.0,2.0,2.0,2.0,2.0,2.0,2.0,2.0,1.9624999999999913,1.0210466932824163
2021-11-09,PROD_020,Quechua MH500,Outdoor,Ropa Montaña,80,False,2,163.44,2021,11,9,Tuesday,1,False,False,False,False,False,False,,False,False,True,False,False,False,45,4,313,52,False,9,False,False,2.0,2.0,2.0,2.0,2.0,2.0,2.0,2.0,-2.1499999999999986,1.04492370641889
2021-11-10,PROD_020,Quechua MH500,Outdoor,Ropa Montaña,80,False,1,80.63,2021,11,10,Wednesday,2,False,False,False,False,False,False,,False,False,True,False,False,False,45,4,314,51,False,10,False,False,2.0,2.0,2.0,2.0,2.0,2.0,2.0,2.0,-0.7874999999999943,1.004067909177701
2021-11-11,PROD_020,Quechua MH500,Outdoor,Ropa Montaña,80,False,2,162.06,2021,11,11,Thursday,3,False,False,False,False,False,False,,False,False,True,False,False,False,45,4,315,50,False,11,False,False,1.0,2.0,2.0,2.0,2.0,2.0,2.0,1.8571428571428572,-1.2875000000000014,1.0761908978218522
2021-11-12,PROD_020,Quechua MH500,Outdoor,Ropa Montaña,80,False,2,162.78,2021,11,12,Friday,4,False,False,True,False,False,False,,False,False,True,False,False,False,45,4,316,49,False,12,False,False,2.0,1.0,2.0,2.0,2.0,2.0,2.0,1.8571428571428572,-1.737500000000001,1.0623477201531502
2021-11-13,PROD_020,Quechua MH500,Outdoor,Ropa Montaña,80,False,2,163.72,2021,11,13,Saturday,5,True,False,False,True,False,False,,False,False,True,False,False,False,45,4,317,48,False,13,False,False,2.0,2.0,1.0,2.0,2.0,2.0,2.0,1.8571428571428572,-2.3249999999999993,1.0121167161226508
2021-11-14,PROD_020,Quechua MH500,Outdoor,Ropa Montaña,80,False,2,164.62,2021,11,14,Sunday,6,True,False,False,False,True,False,,False,False,True,False,False,False,45,4,318,47,False,14,False,False,2.0,2.0,2.0,1.0,2.0,2.0,2.0,1.8571428571428572,-2.887500000000003,1.0476897619754764
2021-11-15,PROD_020,Quechua MH500,Outdoor,Ropa Montaña,80,False,2,162.56,2021,11,15,Monday,0,False,True,False,False,False,False,,False,False,True,False,False,False,46,4,319,46,False,15,False,False,2.0,2.0,2.0,2.0,1.0,2.0,2.0,1.8571428571428572,-1.6000000000000014,1.0565449109580136
2021-11-16,PROD_020,Quechua MH500,Outdoor,Ropa Montaña,80,False,2,162.06,2021,11,16,Tuesday,1,False,False,False,False,False,False,,False,False,True,False,False,False,46,4,320,45,False,16,False,False,2.0,2.0,2.0,2.0,2.0,1.0,2.0,1.8571428571428572,-1.2875000000000014,1.0494301502331203
2021-11-17,PROD_020,Quechua MH500,Outdoor,Ropa Montaña,80,False,2,159.6,2021,11,17,Wednesday,2,False,False,False,False,False,False,,False,False,True,False,False,False,46,4,321,44,False,17,False,False,2.0,2.0,2.0,2.0,2.0,2.0,1.0,1.8571428571428572,0.25000000000000355,1.0387919812548814
2021-11-18,PROD_020,Quechua MH500,Outdoor,Ropa Montaña,80,False,2,158.2,2021,11,18,Thursday,3,False,False,False,False,False,False,,False,False,True,False,False,False,46,4,322,43,False,18,False,False,2.0,2.0,2.0,2.0,2.0,2.0,2.0,2.0,1.125000000000007,1.0637439483593327
2021-11-19,PROD_020,Quechua MH500,Outdoor,Ropa Montaña,80,False,2,157.98,2021,11,19,Friday,4,False,False,True,False,False,False,,False,False,True,False,False,False,46,4,323,42,False,19,False,False,2.0,2.0,2.0,2.0,2.0,2.0,2.0,2.0,1.2625000000000064,1.0468259928435746
2021-11-20,PROD_020,Quechua MH500,Outdoor,Ropa Montaña,80,False,3,235.14,2021,11,20,Saturday,5,True,False,False,True,False,False,,False,False,True,False,False,False,46,4,324,41,False,20,False,False,2.0,2.0,2.0,2.0,2.0,2.0,2.0,2.0,2.0250000000000057,1.0119206438008348
2021-11-21,PROD_020,Quechua MH500,Outdoor,Ropa Montaña,80,False,2,160.76,2021,11,21,Sunday,6,True,False,False,False,True,False,,False,False,True,False,False,False,46,4,325,40,False,21,False,False,3.0,2.0,2.0,2.0,2.0,2.0,2.0,2.142857142857143,-0.47499999999999437,1.049301596971411
2021-11-22,PROD_020,Quechua MH500,Outdoor,Ropa Montaña,80,False,1,81.02,2021,11,22,Monday,0,False,True,False,False,False,False,,False,False,True,False,False,False,47,4,326,39,False,22,False,False,2.0,3.0,2.0,2.0,2.0,2.0,2.0,2.142857142857143,-1.274999999999995,1.0872249060654857
2021-11-23,PROD_020,Quechua MH500,Outdoor,Ropa Montaña,80,False,3,233.16,2021,11,23,Tuesday,1,False,False,False,False,False,False,,False,False,True,False,False,False,47,4,327,38,False,23,False,False,1.0,2.0,3.0,2.0,2.0,2.0,2.0,2.0,2.8500000000000014,0.9676294820717132
2021-11-24,PROD_020,Quechua MH500,Outdoor,Ropa Montaña,80,False,2,159.22,2021,11,24,Wednesday,2,False,False,False,False,False,False,,False,False,True,False,False,False,47,4,328,37,False,24,False,False,3.0,1.0,2.0,3.0,2.0,2.0,2.0,2.142857142857143,0.4875000000000007,1.0399738732854344
2021-11-25,PROD_020,Quechua MH500,Outdoor,Ropa Montaña,80,False,3,233.01,2021,11,25,Thursday,3,False,False,False,False,False,False,,False,False,True,False,False,False,47,4,329,36,False,25,False,False,2.0,3.0,1.0,2.0,3.0,2.0,2.0,2.142857142857143,2.912499999999998,0.9880841319650581
2021-11-26,PROD_020,Quechua MH500,Outdoor,Ropa Montaña,80,False,8,576.0,2021,11,26,Friday,4,False,False,True,False,False,False,,True,False,True,False,False,False,47,4,330,35,False,26,False,False,3.0,2.0,3.0,1.0,2.0,3.0,2.0,2.2857142857142856,10.0,1.0422195416164053
2021-11-27,PROD_020,Quechua MH500,Outdoor,Ropa Montaña,80,False,9,662.4,2021,11,27,Saturday,5,True,False,False,True,False,False,,False,False,True,False,False,False,47,4,331,34,False,27,False,False,8.0,3.0,2.0,3.0,1.0,2.0,3.0,3.142857142857143,8.000000000000007,0.9418589770933754
2021-11-28,PROD_020,Quechua MH500,Outdoor,Ropa Montaña,80,False,8,588.8,2021,11,28,Sunday,6,True,False,False,False,True,False,,False,False,True,False,False,False,47,4,332,33,False,28,True,False,9.0,8.0,3.0,2.0,3.0,1.0,2.0,4.0,8.000000000000007,0.9595827900912646
2021-11-29,PROD_020,Quechua MH500,Outdoor,Ropa Montaña,80,False,7,504.0,2021,11,29,Monday,0,False,True,False,False,False,False,,False,True,True,False,False,False,48,4,333,32,False,29,True,False,8.0,9.0,8.0,3.0,2.0,3.0,1.0,4.857142857142857,10.0,0.8879388308805394
2021-11-30,PROD_020,Quechua MH500,Outdoor,Ropa Montaña,80,False,4,304.0,2021,11,30,Tuesday,1,False,False,False,False,False,False,,False,False,True,False,False,False,48,4,334,31,False,30,True,False,7.0,8.0,9.0,8.0,3.0,2.0,3.0,5.714285714285714,5.0,1.0182662676968424
2022-10-25,PROD_020,Quechua MH500,Outdoor,Ropa Montaña,80,False,2,164.76,2022,10,25,Tuesday,1,False,False,False,False,False,False,,False,False,False,False,False,False,43,4,298,67,True,25,False,False,4.0,7.0,8.0,9.0,8.0,3.0,2.0,5.857142857142857,-2.9749999999999943,1.0705653021442496
2022-10-26,PROD_020,Quechua MH500,Outdoor,Ropa Montaña,80,False,2,164.78,2022,10,26,Wednesday,2,False,False,False,False,False,False,,False,False,False,False,False,False,43,4,299,66,True,26,False,False,2.0,4.0,7.0,8.0,9.0,8.0,3.0,5.857142857142857,-2.9875000000000007,1.0779798508439093
2022-10-27,PROD_020,Quechua MH500,Outdoor,Ropa Montaña,80,False,1,80.0,2022,10,27,Thursday,3,False,False,False,False,False,False,,False,False,False,False,False,False,43,4,300,65,True,27,False,False,2.0,2.0,4.0,7.0,8.0,9.0,8.0,5.714285714285714,0.0,1.0178117048346056
2022-10-28,PROD_020,Quechua MH500,Outdoor,Ropa Montaña,80,False,2,157.76,2022,10,28,Friday,4,False,False,True,False,False,False,,False,False,False,False,False,False,43,4,301,64,True,28,True,False,1.0,2.0,2.0,4.0,7.0,8.0,9.0,4.714285714285714,1.4000000000000057,1.0456453537183508
2022-10-29,PROD_020,Quechua MH500,Outdoor,Ropa Montaña,80,False,3,236.67,2022,10,29,Saturday,5,True,False,False,True,False,False,,False,False,False,False,False,False,43,4,302,63,True,29,True,False,2.0,1.0,2.0,2.0,4.0,7.0,8.0,3.7142857142857144,1.3874999999999993,0.9949134017151504
2022-10-30,PROD_020,Quechua MH500,Outdoor,Ropa Montaña,80,False,2,163.76,2022,10,30,Sunday,6,True,False,False,False,True,False,,False,False,False,False,False,False,43,4,303,62,True,30,True,False,3.0,2.0,1.0,2.0,2.0,4.0,7.0,3.0,-2.3499999999999943,1.0382957139234086
2022-10-31,PROD_020,Quechua MH500,Outdoor,Ropa Montaña,80,False,1,78.43,2022,10,31,Monday,0,False,True,False,False,False,False,,False,False,False,False,False,False,44,4,304,61,True,31,True,False,2.0,3.0,2.0,1.0,2.0,2.0,4.0,2.2857142857142856,1.9624999999999913,1.0641791044776119
2022-11-01,PROD_020,Quechua MH500,Outdoor,Ropa Montaña,80,False,1,80.62,2022,11,1,Tuesday,1,False,False,False,False,False,True,Todos los Santos,False,False,True,False,False,False,44,4,305,60,False,1,False,True,1.0,2.0,3.0,2.0,1.0,2.0,2.0,1.8571428571428572,-0.7750000000000057,1.0329276105060858
2022-11-02,PROD_020,Quechua MH500,Outdoor,Ropa Montaña,80,False,2,157.86,2022,11,2,Wednesday,2,False,False,False,False,False,False,,False,False,True,False,False,False,44,4,306,59,False,2,False,True,1.0,1.0,2.0,3.0,2.0,1.0,2.0,1.7142857142857142,1.3374999999999915,0.9900489191788268
2022-11-03,PROD_020,Quechua MH500,Outdoor,Ropa Montaña,80,False,2,160.18,2022,11,3,Thursday,3,False,False,False,False,False,False,,False,False,True,False,False,False,44,4,307,58,False,3,False,True,2.0,1.0,1.0,2.0,3.0,2.0,1.0,1.7142857142857142,-0.11250000000000426,1.026093269559276
2022-11-04,PROD_020,Quechua MH500,Outdoor,Ropa Montaña,80,False,2,158.32,2022,11,4,Friday,4,False,False,True,False,False,False,,False,False,True,False,False,False,44,4,308,57,False,4,False,False,2.0,2.0,1.0,1.0,2.0,3.0,2.0,1.8571428571428572,1.0500000000000043,1.0060580385511544
2022-11-05,PROD_020,Quechua MH500,Outdoor,Ropa Montaña,80,False,2,162.38,2022,11,5,Saturday,5,True,False,False,True,False,False,,False,False,True,False,False,False,44,4,309,56,False,5,False,False,2.0,2.0,2.0,1.0,1.0,2.0,3.0,1.8571428571428572,-1.4874999999999972,1.07432074805928
2022-11-06,PROD_020,Quechua MH500,Outdoor,Ropa Montaña,80,False,2,163.1,2022,11,6,Sunday,6,True,False,False,False,True,False,,False,False,True,False,False,False,44,4,310,55,False,6,False,False,2.0,2.0,2.0,2.0,1.0,1.0,2.0,1.7142857142857142,-1.9374999999999964,1.0186110417187109
2022-11-07,PROD_020,Quechua MH500,Outdoor,Ropa Montaña,80,False,2,162.48,2022,11,7,Monday,0,False,True,False,False,False,False,,False,False,True,False,False,False,45,4,311,54,False,7,False,False,2.0,2.0,2.0,2.0,2.0,1.0,1.0,1.7142857142857142,-1.5499999999999936,1.0396723829024828
2022-11-08,PROD_020,Quechua MH500,Outdoor,Ropa Montaña,80,False,2,157.98,2022,11,8,Tuesday,1,False,False,False,False,False,False,,False,False,True,False,False,False,45,4,312,53,False,8,False,False,2.0,2.0,2.0,2.0,2.0,2.0,1.0,1.8571428571428572,1.2625000000000064,1.0343066649207804
2022-11-09,PROD_020,Quechua MH500,Outdoor,Ropa Montaña,80,False,2,157.06,2022,11,9,Wednesday,2,False,False,False,False,False,False,,False,False,True,False,False,False,45,4,313,52,False,9,False,False,2.0,2.0,2.0,2.0,2.0,2.0,2.0,2.0,1.8374999999999986,1.0366084393012718
2022-11-10,PROD_020,Quechua MH500,Outdoor,Ropa Montaña,80,False,2,157.02,2022,11,10,Thursday,3,False,False,False,False,False,False,,False,False,True,False,False,False,45,4,314,51,False,10,False,False,2.0,2.0,2.0,2.0,2.0,2.0,2.0,2.0,1.8624999999999936,0.9831774920687928
2022-11-11,PROD_020,Quechua MH500,Outdoor,Ropa Montaña,80,False,2,158.72,2022,11,11,Friday,4,False,False,True,False,False,False,,False,False,True,False,False,False,45,4,315,50,False,11,False,False,2.0,2.0,2.0,2.0,2.0,2.0,2.0,2.0,0.8000000000000007,1.0045145774439896
2022-11-12,PROD_020,Quechua MH500,Outdoor,Ropa Montaña,80,False,2,163.1,2022,11,12,Saturday,5,True,False,False,True,False,False,,False,False,True,False,False,False,45,4,316,49,False,12,False,False,2.0,2.0,2.0,2.0,2.0,2.0,2.0,2.0,-1.9374999999999964,1.0948268146424416
2022-11-13,PROD_020,Quechua MH500,Outdoor,Ropa Montaña,80,False,2,162.48,2022,11,13,Sunday,6,True,False,False,False,True,False,,False,False,True,False,False,False,45,4,317,48,False,13,False,False,2.0,2.0,2.0,2.0,2.0,2.0,2.0,2.0,-1.5499999999999936,1.0313134732566012
2022-11-14,PROD_020,Quechua MH500,Outdoor,Ropa Montaña,80,False,2,163.42,2022,11,14,Monday,0,False,True,False,False,False,False,,False,False,True,False,False,False,46,4,318,47,False,14,False,False,2.0,2.0,2.0,2.0,2.0,2.0,2.0,2.0,-2.137499999999992,1.0137297878499647
2022-11-15,PROD_020,Quechua MH500,Outdoor,Ropa Montaña,80,False,1,81.66,2022,11,15,Tuesday,1,False,False,False,False,False,False,,False,False,True,False,False,False,46,4,319,46,False,15,False,False,2.0,2.0,2.0,2.0,2.0,2.0,2.0,2.0,-2.0749999999999957,1.051822592417672
2022-11-16,PROD_020,Quechua MH500,Outdoor,Ropa Montaña,80,False,2,157.4,2022,11,16,Wednesday,2,False,False,False,False,False,False,,False,False,True,False,False,False,46,4,320,45,False,16,False,False,1.0,2.0,2.0,2.0,2.0,2.0,2.0,1.8571428571428572,1.6249999999999967,0.9925589607768949
2022-11-17,PROD_020,Quechua MH500,Outdoor,Ropa Montaña,80,False,2,162.66,2022,11,17,Thursday,3,False,False,False,False,False,False,,False,False,True,False,False,False,46,4,321,44,False,17,False,False,2.0,1.0,2.0,2.0,2.0,2.0,2.0,1.8571428571428572,-1.662499999999998,1.0194284281774881
2022-11-18,PROD_020,Quechua MH500,Outdoor,Ropa Montaña,80,False,2,156.92,2022,11,18,Friday,4,False,False,True,False,False,False,,False,False,True,False,False,False,46,4,322,43,False,18,False,False,2.0,2.0,1.0,2.0,2.0,2.0,2.0,1.8571428571428572,1.925000000000008,0.9937096297547178
2022-11-19,PROD_020,Quechua MH500,Outdoor,Ropa Montaña,80,False,3,242.1,2022,11,19,Saturday,5,True,False,False,True,False,False,,False,False,True,False,False,False,46,4,323,42,False,19,False,False,2.0,2.0,2.0,1.0,2.0,2.0,2.0,1.8571428571428572,-0.8750000000000036,1.052334173693819
2022-11-20,PROD_020,Quechua MH500,Outdoor,Ropa Montaña,80,False,2,164.62,2022,11,20,Sunday,6,True,False,False,False,True,False,,False,False,True,False,False,False,46,4,324,41,False,20,False,False,3.0,2.0,2.0,2.0,1.0,2.0,2.0,2.0,-2.887500000000003,1.073935545600835
2022-11-21,PROD_020,Quechua MH500,Outdoor,Ropa Montaña,80,False,2,163.94,2022,11,21,Monday,0,False,True,False,False,False,False,,False,False,True,False,False,False,47,4,325,40,False,21,False,False,2.0,3.0,2.0,2.0,2.0,1.0,2.0,2.0,-2.4624999999999986,1.07722971789031
2022-11-22,PROD_020,Quechua MH500,Outdoor,Ropa Montaña,80,False,2,161.82,2022,11,22,Tuesday,1,False,False,False,False,False,False,,False,False,True,False,False,False,47,4,326,39,False,22,False,False,2.0,2.0,3.0,2.0,2.0,2.0,1.0,2.0,-1.1374999999999957,1.0223223686981426
2022-11-23,PROD_020,Quechua MH500,Outdoor,Ropa Montaña,80,False,2,158.32,2022,11,23,Wednesday,2,False,False,False,False,False,False,,False,False,True,False,False,False,47,4,327,38,False,23,False,False,2.0,2.0,2.0,3.0,2.0,2.0,2.0,2.142857142857143,1.0500000000000043,1.0109403601379252
2022-11-24,PROD_020,Quechua MH500,Outdoor,Ropa Montaña,80,False,3,233.34,2022,11,24,Thursday,3,False,False,False,False,False,False,,False,False,True,False,False,False,47,4,328,37,False,24,False,False,2.0,2.0,2.0,2.0,3.0,2.0,2.0,2.142857142857143,2.7749999999999986,0.9604445359127393
2022-11-25,PROD_020,Quechua MH500,Outdoor,Ropa Montaña,80,False,9,648.0,2022,11,25,Friday,4,False,False,True,False,False,False,,True,False,True,False,False,False,47,4,329,36,False,25,False,False,3.0,2.0,2.0,2.0,2.0,3.0,2.0,2.2857142857142856,10.0,1.045043301562727
2022-11-26,PROD_020,Quechua MH500,Outdoor,Ropa Montaña,80,False,10,736.0,2022,11,26,Saturday,5,True,False,False,True,False,False,,False,False,True,False,False,False,47,4,330,35,False,26,False,False,9.0,3.0,2.0,2.0,2.0,2.0,3.0,3.2857142857142856,8.000000000000007,0.964824120603015
2022-11-27,PROD_020,Quechua MH500,Outdoor,Ropa Montaña,80,False,7,515.2,2022,11,27,Sunday,6,True,False,False,False,True,False,,False,False,True,False,False,False,47,4,331,34,False,27,False,False,10.0,9.0,3.0,2.0,2.0,2.0,2.0,4.285714285714286,8.000000000000007,0.9556786703601109
2022-11-28,PROD_020,Quechua MH500,Outdoor,Ropa Montaña,80,False,6,432.0,2022,11,28,Monday,0,False,True,False,False,False,False,,False,True,True,False,False,False,48,4,332,33,False,28,True,False,7.0,10.0,9.0,3.0,2.0,2.0,2.0,5.0,10.0,0.9300723389596968
2022-11-29,PROD_020,Quechua MH500,Outdoor,Ropa Montaña,80,False,4,304.0,2022,11,29,Tuesday,1,False,False,False,False,False,False,,False,False,True,False,False,False,48,4,333,32,False,29,True,False,6.0,7.0,10.0,9.0,3.0,2.0,2.0,5.571428571428571,5.0,1.0089388441454996
2022-11-30,PROD_020,Quechua MH500,Outdoor,Ropa Montaña,80,False,4,304.0,2022,11,30,Wednesday,2,False,False,False,False,False,False,,False,False,True,False,False,False,48,4,334,31,False,30,True,False,4.0,6.0,7.0,10.0,9.0,3.0,2.0,5.857142857142857,5.0,0.96569250317662
2023-10-25,PROD_020,Quechua MH500,Outdoor,Ropa Montaña,80,False,2,160.68,2023,10,25,Wednesday,2,False,False,False,False,False,False,,False,False,False,False,False,False,43,4,298,67,True,25,False,False,4.0,4.0,6.0,7.0,10.0,9.0,3.0,6.142857142857143,-0.42500000000000426,1.0316753702593957
2023-10-26,PROD_020,Quechua MH500,Outdoor,Ropa Montaña,80,False,2,156.24,2023,10,26,Thursday,3,False,False,False,False,False,False,,False,False,False,False,False,False,43,4,299,66,True,26,False,False,2.0,4.0,4.0,6.0,7.0,10.0,9.0,6.0,2.3499999999999943,0.9846231409125286
2023-10-27,PROD_020,Quechua MH500,Outdoor,Ropa Montaña,80,False,2,162.56,2023,10,27,Friday,4,False,False,True,False,False,False,,False,False,False,False,False,False,43,4,300,65,True,27,False,False,2.0,2.0,4.0,4.0,6.0,7.0,10.0,5.0,-1.6000000000000014,1.055127650367806
2023-10-28,PROD_020,Quechua MH500,Outdoor,Ropa Montaña,80,False,2,159.28,2023,10,28,Saturday,5,True,False,False,True,False,False,,False,False,False,False,False,False,43,4,301,64,True,28,True,False,2.0,2.0,2.0,4.0,4.0,6.0,7.0,3.857142857142857,0.4499999999999993,1.0276571035313347
2023-10-29,PROD_020,Quechua MH500,Outdoor,Ropa Montaña,80,False,2,160.94,2023,10,29,Sunday,6,True,False,False,False,True,False,,False,False,False,False,False,False,43,4,302,63,True,29,True,False,2.0,2.0,2.0,2.0,4.0,4.0,6.0,3.142857142857143,-0.5874999999999986,1.013178327107903
2023-10-30,PROD_020,Quechua MH500,Outdoor,Ropa Montaña,80,False,2,164.7,2023,10,30,Monday,0,False,True,False,False,False,False,,False,False,False,False,False,False,44,4,303,62,True,30,True,False,2.0,2.0,2.0,2.0,2.0,4.0,4.0,2.5714285714285716,-2.937499999999993,1.0068468027876267
2023-10-31,PROD_020,Quechua MH500,Outdoor,Ropa Montaña,80,False,2,158.84,2023,10,31,Tuesday,1,False,False,False,False,False,False,,False,False,False,False,False,False,44,4,304,61,True,31,True,False,2.0,2.0,2.0,2.0,2.0,2.0,4.0,2.2857142857142856,0.7249999999999979,1.0448166988247676
2023-11-01,PROD_020,Quechua MH500,Outdoor,Ropa Montaña,80,False,2,161.7,2023,11,1,Wednesday,2,False,False,False,False,False,True,Todos los Santos,False,False,True,False,False,False,44,4,305,60,False,1,False,True,2.0,2.0,2.0,2.0,2.0,2.0,2.0,2.0,-1.062499999999993,1.0521407192122498
2023-11-02,PROD_020,Quechua MH500,Outdoor,Ropa Montaña,80,False,2,156.56,2023,11,2,Thursday,3,False,False,False,False,False,False,,False,False,True,False,False,False,44,4,306,59,False,2,False,True,2.0,2.0,2.0,2.0,2.0,2.0,2.0,2.0,2.1499999999999986,1.031810193321617
2023-11-03,PROD_020,Quechua MH500,Outdoor,Ropa Montaña,80,False,2,160.54,2023,11,3,Friday,4,False,False,True,False,False,False,,False,False,True,False,False,False,44,4,307,58,False,3,False,True,2.0,2.0,2.0,2.0,2.0,2.0,2.0,2.0,-0.337499999999995,1.0536886321869257
2023-11-04,PROD_020,Quechua MH500,Outdoor,Ropa Montaña,80,False,3,246.39,2023,11,4,Saturday,5,True,False,False,True,False,False,,False,False,True,False,False,False,44,4,308,57,False,4,False,False,2.0,2.0,2.0,2.0,2.0,2.0,2.0,2.0,-2.6624999999999943,1.0734076849350875
2023-11-05,PROD_020,Quechua MH500,Outdoor,Ropa Montaña,80,False,2,162.14,2023,11,5,Sunday,6,True,False,False,False,True,False,,False,False,True,False,False,False,44,4,309,56,False,5,False,False,3.0,2.0,2.0,2.0,2.0,2.0,2.0,2.142857142857143,-1.3374999999999915,1.053221895028581
2023-11-06,PROD_020,Quechua MH500,Outdoor,Ropa Montaña,80,False,2,161.02,2023,11,6,Monday,0,False,True,False,False,False,False,,False,False,True,False,False,False,45,4,310,55,False,6,False,False,2.0,3.0,2.0,2.0,2.0,2.0,2.0,2.142857142857143,-0.6375000000000064,1.019931590726743
2023-11-07,PROD_020,Quechua MH500,Outdoor,Ropa Montaña,80,False,2,160.94,2023,11,7,Tuesday,1,False,False,False,False,False,False,,False,False,True,False,False,False,45,4,311,54,False,7,False,False,2.0,2.0,3.0,2.0,2.0,2.0,2.0,2.142857142857143,-0.5874999999999986,1.0225770925110131
2023-11-08,PROD_020,Quechua MH500,Outdoor,Ropa Montaña,80,False,2,157.36,2023,11,8,Wednesday,2,False,False,False,False,False,False,,False,False,True,False,False,False,45,4,312,53,False,8,False,False,2.0,2.0,2.0,3.0,2.0,2.0,2.0,2.142857142857143,1.6499999999999915,1.0067818298144595
2023-11-09,PROD_020,Quechua MH500,Outdoor,Ropa Montaña,80,False,2,160.84,2023,11,9,Thursday,3,False,False,False,False,False,False,,False,False,True,False,False,False,45,4,313,52,False,9,False,False,2.0,2.0,2.0,2.0,3.0,2.0,2.0,2.142857142857143,-0.5250000000000021,1.0272502767606233
2023-11-10,PROD_020,Quechua MH500,Outdoor,Ropa Montaña,80,False,2,158.8,2023,11,10,Friday,4,False,False,True,False,False,False,,False,False,True,False,False,False,45,4,314,51,False,10,False,False,2.0,2.0,2.0,2.0,2.0,3.0,2.0,2.142857142857143,0.7499999999999929,1.055523552089334
2023-11-11,PROD_020,Quechua MH500,Outdoor,Ropa Montaña,80,False,2,155.86,2023,11,11,Saturday,5,True,False,False,True,False,False,,False,False,True,False,False,False,45,4,315,50,False,11,False,False,2.0,2.0,2.0,2.0,2.0,2.0,3.0,2.142857142857143,2.5874999999999915,1.0171416140961496
2023-11-12,PROD_020,Quechua MH500,Outdoor,Ropa Montaña,80,False,3,238.65,2023,11,12,Sunday,6,True,False,False,False,True,False,,False,False,True,False,False,False,45,4,316,49,False,12,False,False,2.0,2.0,2.0,2.0,2.0,2.0,2.0,2.0,0.5625000000000036,1.0657348278479881
2023-11-13,PROD_020,Quechua MH500,Outdoor,Ropa Montaña,80,False,2,158.18,2023,11,13,Monday,0,False,True,False,False,False,False,,False,False,True,False,False,False,46,4,317,48,False,13,False,False,3.0,2.0,2.0,2.0,2.0,2.0,2.0,2.142857142857143,1.1374999999999957,1.0346225962586666
2023-11-14,PROD_020,Quechua MH500,Outdoor,Ropa Montaña,80,False,2,160.06,2023,11,14,Tuesday,1,False,False,False,False,False,False,,False,False,True,False,False,False,46,4,318,47,False,14,False,False,2.0,3.0,2.0,2.0,2.0,2.0,2.0,2.142857142857143,-0.03750000000000142,1.0787168081951743
2023-11-15,PROD_020,Quechua MH500,Outdoor,Ropa Montaña,80,False,1,79.9,2023,11,15,Wednesday,2,False,False,False,False,False,False,,False,False,True,False,False,False,46,4,319,46,False,15,False,False,2.0,2.0,3.0,2.0,2.0,2.0,2.0,2.142857142857143,0.1249999999999929,1.000041720555718
2023-11-16,PROD_020,Quechua MH500,Outdoor,Ropa Montaña,80,False,2,162.28,2023,11,16,Thursday,3,False,False,False,False,False,False,,False,False,True,False,False,False,46,4,320,45,False,16,False,False,1.0,2.0,2.0,3.0,2.0,2.0,2.0,2.0,-1.4250000000000007,1.0305236865501037
2023-11-17,PROD_020,Quechua MH500,Outdoor,Ropa Montaña,80,False,2,156.4,2023,11,17,Friday,4,False,False,True,False,False,False,,False,False,True,False,False,False,46,4,321,44,False,17,False,False,2.0,1.0,2.0,2.0,3.0,2.0,2.0,2.0,2.2499999999999964,0.9926797274996826
2023-11-18,PROD_020,Quechua MH500,Outdoor,Ropa Montaña,80,False,3,240.21,2023,11,18,Saturday,5,True,False,False,True,False,False,,False,False,True,False,False,False,46,4,322,43,False,18,False,False,2.0,2.0,1.0,2.0,2.0,3.0,2.0,2.0,-0.08749999999999147,1.005273069679849
2023-11-19,PROD_020,Quechua MH500,Outdoor,Ropa Montaña,80,False,2,158.08,2023,11,19,Sunday,6,True,False,False,False,True,False,,False,False,True,False,False,False,46,4,323,42,False,19,False,False,3.0,2.0,2.0,1.0,2.0,2.0,3.0,2.142857142857143,1.1999999999999922,0.9782581789677792
2023-11-20,PROD_020,Quechua MH500,Outdoor,Ropa Montaña,80,False,2,159.68,2023,11,20,Monday,0,False,True,False,False,False,False,,False,False,True,False,False,False,47,4,324,41,False,20,False,False,2.0,3.0,2.0,2.0,1.0,2.0,2.0,2.0,0.19999999999999576,1.0317467154856774
2023-11-21,PROD_020,Quechua MH500,Outdoor,Ropa Montaña,80,False,3,235.14,2023,11,21,Tuesday,1,False,False,False,False,False,False,,False,False,True,False,False,False,47,4,325,40,False,21,False,False,2.0,2.0,3.0,2.0,2.0,1.0,2.0,2.0,2.0250000000000057,1.0126178889798028
2023-11-22,PROD_020,Quechua MH500,Outdoor,Ropa Montaña,80,False,2,157.16,2023,11,22,Wednesday,2,False,False,False,False,False,False,,False,False,True,False,False,False,47,4,326,39,False,22,False,False,3.0,2.0,2.0,3.0,2.0,2.0,1.0,2.142857142857143,1.7750000000000024,1.0101122632616333
2023-11-23,PROD_020,Quechua MH500,Outdoor,Ropa Montaña,80,False,3,238.77,2023,11,23,Thursday,3,False,False,False,False,False,False,,False,False,True,False,False,False,47,4,327,38,False,23,False,False,2.0,3.0,2.0,2.0,3.0,2.0,2.0,2.2857142857142856,0.5124999999999957,1.0330102967898245
2023-11-24,PROD_020,Quechua MH500,Outdoor,Ropa Montaña,80,False,10,720.0,2023,11,24,Friday,4,False,False,True,False,False,False,,True,False,True,False,False,False,47,4,328,37,False,24,False,False,3.0,2.0,3.0,2.0,2.0,3.0,2.0,2.4285714285714284,10.0,1.0621035550966218
2023-11-25,PROD_020,Quechua MH500,Outdoor,Ropa Montaña,80,False,11,809.6,2023,11,25,Saturday,5,True,False,False,True,False,False,,False,False,True,False,False,False,47,4,329,36,False,25,False,False,10.0,3.0,2.0,3.0,2.0,2.0,3.0,3.5714285714285716,8.000000000000007,0.9374601961533563
2023-11-26,PROD_020,Quechua MH500,Outdoor,Ropa Montaña,80,False,10,736.0,2023,11,26,Sunday,6,True,False,False,False,True,False,,False,False,True,False,False,False,47,4,330,35,False,26,False,False,11.0,10.0,3.0,2.0,3.0,2.0,2.0,4.714285714285714,8.000000000000007,0.9282381132551392
2023-11-27,PROD_020,Quechua MH500,Outdoor,Ropa Montaña,80,False,8,576.0,2023,11,27,Monday,0,False,True,False,False,False,False,,False,True,True,False,False,False,48,4,331,34,False,27,False,False,10.0,11.0,10.0,3.0,2.0,3.0,2.0,5.857142857142857,10.0,0.9188361408882083
2023-11-28,PROD_020,Quechua MH500,Outdoor,Ropa Montaña,80,False,4,304.0,2023,11,28,Tuesday,1,False,False,False,False,False,False,,False,False,True,False,False,False,48,4,332,33,False,28,True,False,8.0,10.0,11.0,10.0,3.0,2.0,3.0,6.714285714285714,5.0,0.9498416930511581
2023-11-29,PROD_020,Quechua MH500,Outdoor,Ropa Montaña,80,False,4,304.0,2023,11,29,Wednesday,2,False,False,False,False,False,False,,False,False,True,False,False,False,48,4,333,32,False,29,True,False,4.0,8.0,10.0,11.0,10.0,3.0,2.0,6.857142857142857,5.0,0.9617006917496205
2023-11-30,PROD_020,Quechua MH500,Outdoor,Ropa Montaña,80,False,1,81.25,2023,11,30,Thursday,3,False,False,False,False,False,False,,False,False,True,False,False,False,48,4,334,31,False,30,True,False,4.0,4.0,8.0,10.0,11.0,10.0,3.0,7.142857142857143,-1.5625,1.055651797314855
2024-10-25,PROD_020,Quechua MH500,Outdoor,Ropa Montaña,80,False,2,159.3,2024,10,25,Friday,4,False,False,True,False,False,False,,False,False,False,False,False,False,43,4,299,67,True,25,False,False,1.0,4.0,4.0,8.0,10.0,11.0,10.0,6.857142857142857,0.43749999999999295,1.0183251651395697
2024-10-26,PROD_020,Quechua MH500,Outdoor,Ropa Montaña,80,False,3,233.76,2024,10,26,Saturday,5,True,False,False,True,False,False,,False,False,False,False,False,False,43,4,300,66,True,26,False,False,2.0,1.0,4.0,4.0,8.0,10.0,11.0,5.714285714285714,2.599999999999998,1.0101114856105782
2024-10-27,PROD_020,Quechua MH500,Outdoor,Ropa Montaña,80,False,3,235.41,2024,10,27,Sunday,6,True,False,False,False,True,False,,False,False,False,False,False,False,43,4,301,65,True,27,False,False,3.0,2.0,1.0,4.0,4.0,8.0,10.0,4.571428571428571,1.9125000000000014,1.0365461670556118
2024-10-28,PROD_020,Quechua MH500,Outdoor,Ropa Montaña,80,False,2,158.54,2024,10,28,Monday,0,False,True,False,False,False,False,,False,False,False,False,False,False,44,4,302,64,True,28,True,False,3.0,3.0,2.0,1.0,4.0,4.0,8.0,3.5714285714285716,0.912500000000005,1.0063050101557212
2024-10-29,PROD_020,Quechua MH500,Outdoor,Ropa Montaña,80,False,2,164.76,2024,10,29,Tuesday,1,False,False,False,False,False,False,,False,False,False,False,False,False,44,4,303,63,True,29,True,False,2.0,3.0,3.0,2.0,1.0,4.0,4.0,2.7142857142857144,-2.9749999999999943,1.08176486036943
2024-10-30,PROD_020,Quechua MH500,Outdoor,Ropa Montaña,80,False,2,157.54,2024,10,30,Wednesday,2,False,False,False,False,False,False,,False,False,False,False,False,False,44,4,304,62,True,30,True,False,2.0,2.0,3.0,3.0,2.0,1.0,4.0,2.4285714285714284,1.537500000000005,0.998647677809238
2024-10-31,PROD_020,Quechua MH500,Outdoor,Ropa Montaña,80,False,2,155.56,2024,10,31,Thursday,3,False,False,False,False,False,False,,False,False,False,False,False,False,44,4,305,61,True,31,True,False,2.0,2.0,2.0,3.0,3.0,2.0,1.0,2.142857142857143,2.7749999999999986,0.9987587210546591
2024-11-01,PROD_020,Quechua MH500,Outdoor,Ropa Montaña,80,False,2,159.56,2024,11,1,Friday,4,False,False,True,False,False,True,Todos los Santos,False,False,True,False,False,False,44,4,306,60,False,1,False,True,2.0,2.0,2.0,2.0,3.0,3.0,2.0,2.2857142857142856,0.2749999999999986,0.9883139943015237
2024-11-02,PROD_020,Quechua MH500,Outdoor,Ropa Montaña,80,False,2,164.62,2024,11,2,Saturday,5,True,False,False,True,False,False,,False,False,True,False,False,False,44,4,307,59,False,2,False,True,2.0,2.0,2.0,2.0,2.0,3.0,3.0,2.2857142857142856,-2.887500000000003,1.048356966969517
2024-11-03,PROD_020,Quechua MH500,Outdoor,Ropa Montaña,80,False,3,247.08,2024,11,3,Sunday,6,True,False,False,False,True,False,,False,False,True,False,False,False,44,4,308,58,False,3,False,True,2.0,2.0,2.0,2.0,2.0,2.0,3.0,2.142857142857143,-2.9499999999999993,1.0604746984849134
2024-11-04,PROD_020,Quechua MH500,Outdoor,Ropa Montaña,80,False,2,158.28,2024,11,4,Monday,0,False,True,False,False,False,False,,False,False,True,False,False,False,45,4,309,57,False,4,False,False,3.0,2.0,2.0,2.0,2.0,2.0,2.0,2.142857142857143,1.0749999999999993,0.9909428607203974
2024-11-05,PROD_020,Quechua MH500,Outdoor,Ropa Montaña,80,False,2,156.14,2024,11,5,Tuesday,1,False,False,False,False,False,False,,False,False,True,False,False,False,45,4,310,56,False,5,False,False,2.0,3.0,2.0,2.0,2.0,2.0,2.0,2.142857142857143,2.4125000000000085,1.0254378283712782
2024-11-06,PROD_020,Quechua MH500,Outdoor,Ropa Montaña,80,False,2,160.0,2024,11,6,Wednesday,2,False,False,False,False,False,False,,False,False,True,False,False,False,45,4,311,55,False,6,False,False,2.0,2.0,3.0,2.0,2.0,2.0,2.0,2.142857142857143,0.0,1.043342172760075
2024-11-07,PROD_020,Quechua MH500,Outdoor,Ropa Montaña,80,False,2,161.06,2024,11,7,Thursday,3,False,False,False,False,False,False,,False,False,True,False,False,False,45,4,312,54,False,7,False,False,2.0,2.0,2.0,3.0,2.0,2.0,2.0,2.142857142857143,-0.6625000000000014,1.060489003994557
2024-11-08,PROD_020,Quechua MH500,Outdoor,Ropa Montaña,80,False,2,163.5,2024,11,8,Friday,4,False,False,True,False,False,False,,False,False,True,False,False,False,45,4,313,53,False,8,False,False,2.0,2.0,2.0,2.0,3.0,2.0,2.0,2.142857142857143,-2.1875,1.0354654844838507
2024-11-09,PROD_020,Quechua MH500,Outdoor,Ropa Montaña,80,False,3,243.78,2024,11,9,Saturday,5,True,False,False,True,False,False,,False,False,True,False,False,False,45,4,314,52,False,9,False,False,2.0,2.0,2.0,2.0,2.0,3.0,2.0,2.142857142857143,-1.5750000000000062,0.9986890618598935
2024-11-10,PROD_020,Quechua MH500,Outdoor,Ropa Montaña,80,False,2,162.92,2024,11,10,Sunday,6,True,False,False,False,True,False,,False,False,True,False,False,False,45,4,315,51,False,10,False,False,3.0,2.0,2.0,2.0,2.0,2.0,3.0,2.2857142857142856,-1.8249999999999922,1.0046867291563888
2024-11-11,PROD_020,Quechua MH500,Outdoor,Ropa Montaña,80,False,2,155.4,2024,11,11,Monday,0,False,True,False,False,False,False,,False,False,True,False,False,False,46,4,316,50,False,11,False,False,2.0,3.0,2.0,2.0,2.0,2.0,2.0,2.142857142857143,2.8749999999999964,0.9992712307626357
2024-11-12,PROD_020,Quechua MH500,Outdoor,Ropa Montaña,80,False,2,155.94,2024,11,12,Tuesday,1,False,False,False,False,False,False,,False,False,True,False,False,False,46,4,317,49,False,12,False,False,2.0,2.0,3.0,2.0,2.0,2.0,2.0,2.142857142857143,2.5375000000000014,1.0094946269043201
2024-11-13,PROD_020,Quechua MH500,Outdoor,Ropa Montaña,80,False,2,161.46,2024,11,13,Wednesday,2,False,False,False,False,False,False,,False,False,True,False,False,False,46,4,318,48,False,13,False,False,2.0,2.0,2.0,3.0,2.0,2.0,2.0,2.142857142857143,-0.912500000000005,1.058198977585529
2024-11-14,PROD_020,Quechua MH500,Outdoor,Ropa Montaña,80,False,2,163.16,2024,11,14,Thursday,3,False,False,False,False,False,False,,False,False,True,False,False,False,46,4,319,47,False,14,False,False,2.0,2.0,2.0,2.0,3.0,2.0,2.0,2.142857142857143,-1.9749999999999979,1.0279306144735185
2024-11-15,PROD_020,Quechua MH500,Outdoor,Ropa Montaña,80,False,2,159.34,2024,11,15,Friday,4,False,False,True,False,False,False,,False,False,True,False,False,False,46,4,320,46,False,15,False,False,2.0,2.0,2.0,2.0,2.0,3.0,2.0,2.142857142857143,0.41249999999999787,1.006739395981635
2024-11-16,PROD_020,Quechua MH500,Outdoor,Ropa Montaña,80,False,2,164.64,2024,11,16,Saturday,5,True,False,False,True,False,False,,False,False,True,False,False,False,46,4,321,45,False,16,False,False,2.0,2.0,2.0,2.0,2.0,2.0,3.0,2.142857142857143,-2.8999999999999915,1.0678427811648723
2024-11-17,PROD_020,Quechua MH500,Outdoor,Ropa Montaña,80,False,2,164.78,2024,11,17,Sunday,6,True,False,False,False,True,False,,False,False,True,False,False,False,46,4,322,44,False,17,False,False,2.0,2.0,2.0,2.0,2.0,2.0,2.0,2.0,-2.9875000000000007,1.050133831839232
2024-11-18,PROD_020,Quechua MH500,Outdoor,Ropa Montaña,80,False,2,155.94,2024,11,18,Monday,0,False,True,False,False,False,False,,False,False,True,False,False,False,47,4,323,43,False,18,False,False,2.0,2.0,2.0,2.0,2.0,2.0,2.0,2.0,2.5375000000000014,0.9805902573991783
2024-11-19,PROD_020,Quechua MH500,Outdoor,Ropa Montaña,80,False,2,160.26,2024,11,19,Tuesday,1,False,False,False,False,False,False,,False,False,True,False,False,False,47,4,324,42,False,19,False,False,2.0,2.0,2.0,2.0,2.0,2.0,2.0,2.0,-0.16249999999999432,1.037057808455565
2024-11-20,PROD_020,Quechua MH500,Outdoor,Ropa Montaña,80,False,2,164.0,2024,11,20,Wednesday,2,False,False,False,False,False,False,,False,False,True,False,False,False,47,4,325,41,False,20,False,False,2.0,2.0,2.0,2.0,2.0,2.0,2.0,2.0,-2.5,1.0814612915988921
2024-11-21,PROD_020,Quechua MH500,Outdoor,Ropa Montaña,80,False,2,158.94,2024,11,21,Thursday,3,False,False,False,False,False,False,,False,False,True,False,False,False,47,4,326,40,False,21,False,False,2.0,2.0,2.0,2.0,2.0,2.0,2.0,2.0,0.6625000000000014,0.9900747508305647
2024-11-22,PROD_020,Quechua MH500,Outdoor,Ropa Montaña,80,False,2,157.5,2024,11,22,Friday,4,False,False,True,False,False,False,,False,False,True,False,False,False,47,4,327,39,False,22,False,False,2.0,2.0,2.0,2.0,2.0,2.0,2.0,2.0,1.5625,1.0494402985074627
2024-11-23,PROD_020,Quechua MH500,Outdoor,Ropa Montaña,80,False,3,244.26,2024,11,23,Saturday,5,True,False,False,True,False,False,,False,False,True,False,False,False,47,4,328,38,False,23,False,False,2.0,2.0,2.0,2.0,2.0,2.0,2.0,2.0,-1.7750000000000024,1.0590989897238001
2024-11-24,PROD_020,Quechua MH500,Outdoor,Ropa Montaña,80,False,2,163.72,2024,11,24,Sunday,6,True,False,False,False,True,False,,False,False,True,False,False,False,47,4,329,37,False,24,False,False,3.0,2.0,2.0,2.0,2.0,2.0,2.0,2.142857142857143,-2.3249999999999993,1.06050006477523
2024-11-25,PROD_020,Quechua MH500,Outdoor,Ropa Montaña,80,False,2,158.82,2024,11,25,Monday,0,False,True,False,False,False,False,,False,False,True,False,False,False,48,4,330,36,False,25,False,False,2.0,3.0,2.0,2.0,2.0,2.0,2.0,2.142857142857143,0.7375000000000043,1.0442730022355673
2024-11-26,PROD_020,Quechua MH500,Outdoor,Ropa Montaña,80,False,3,244.47,2024,11,26,Tuesday,1,False,False,False,False,False,False,,False,False,True,False,False,False,48,4,331,35,False,26,False,False,2.0,2.0,3.0,2.0,2.0,2.0,2.0,2.142857142857143,-1.8624999999999936,1.0661578717836893
2024-11-27,PROD_020,Quechua MH500,Outdoor,Ropa Montaña,80,False,2,157.06,2024,11,27,Wednesday,2,False,False,False,False,False,False,,False,False,True,False,False,False,48,4,332,34,False,27,False,False,3.0,2.0,2.0,3.0,2.0,2.0,2.0,2.2857142857142856,1.8374999999999986,1.0236367586356723
2024-11-28,PROD_020,Quechua MH500,Outdoor,Ropa Montaña,80,False,2,161.2,2024,11,28,Thursday,3,False,False,False,False,False,False,,False,False,True,False,False,False,48,4,333,33,False,28,True,False,2.0,3.0,2.0,2.0,3.0,2.0,2.0,2.2857142857142856,-0.7499999999999929,1.023448742910353
2024-11-29,PROD_020,Quechua MH500,Outdoor,Ropa Montaña,80,False,10,720.0,2024,11,29,Friday,4,False,False,True,False,False,False,,True,False,True,False,False,False,48,4,334,32,False,29,True,False,2.0,2.0,3.0,2.0,2.0,3.0,2.0,2.2857142857142856,10.0,0.9942004971002485
2024-11-30,PROD_020,Quechua MH500,Outdoor,Ropa Montaña,80,False,9,662.4,2024,11,30,Saturday,5,True,False,False,True,False,False,,False,False,True,False,False,False,48,4,335,31,False,30,True,False,10.0,2.0,2.0,3.0,2.0,2.0,3.0,3.4285714285714284,8.000000000000007,0.913793816992923
2021-11-01,PROD_021,Manduka PRO Yoga Mat,Wellness,Esterilla Yoga,130,True,4,528.96,2021,11,1,Monday,0,False,True,False,False,False,True,Todos los Santos,False,False,True,False,False,False,44,4,305,60,False,1,False,True,5.0,6.0,5.0,5.0,5.0,4.0,5.0,5.0,-1.7230769230769298,1.1403932390479476
2021-11-02,PROD_021,Manduka PRO Yoga Mat,Wellness,Esterilla Yoga,130,True,3,397.29,2021,11,2,Tuesday,1,False,False,False,False,False,False,,False,False,True,False,False,False,44,4,306,59,False,2,False,True,4.0,5.0,6.0,5.0,5.0,5.0,4.0,4.857142857142857,-1.8692307692307744,1.1414739261600346
2021-11-03,PROD_021,Manduka PRO Yoga Mat,Wellness,Esterilla Yoga,130,True,4,524.24,2021,11,3,Wednesday,2,False,False,False,False,False,False,,False,False,True,False,False,False,44,4,307,58,False,3,False,True,3.0,4.0,5.0,6.0,5.0,5.0,5.0,4.714285714285714,-0.8153846153846172,1.114582152171448
2021-11-04,PROD_021,Manduka PRO Yoga Mat,Wellness,Esterilla Yoga,130,True,5,649.95,2021,11,4,Thursday,3,False,False,False,False,False,False,,False,False,True,False,False,False,44,4,308,57,False,4,False,False,4.0,3.0,4.0,5.0,6.0,5.0,5.0,4.571428571428571,0.007692307692300697,1.1048560743427018
2021-11-05,PROD_021,Manduka PRO Yoga Mat,Wellness,Esterilla Yoga,130,True,4,523.44,2021,11,5,Friday,4,False,False,True,False,False,False,,False,False,True,False,False,False,44,4,309,56,False,5,False,False,5.0,4.0,3.0,4.0,5.0,6.0,5.0,4.571428571428571,-0.661538461538472,1.1214008226691043
2021-11-06,PROD_021,Manduka PRO Yoga Mat,Wellness,Esterilla Yoga,130,True,6,782.04,2021,11,6,Saturday,5,True,False,False,True,False,False,,False,False,True,False,False,False,44,4,310,55,False,6,False,False,4.0,5.0,4.0,3.0,4.0,5.0,6.0,4.428571428571429,-0.26153846153846416,1.1122109394999573
2021-11-07,PROD_021,Manduka PRO Yoga Mat,Wellness,Esterilla Yoga,130,True,4,532.96,2021,11,7,Sunday,6,True,False,False,False,True,False,,False,False,True,False,False,False,44,4,311,54,False,7,False,False,6.0,4.0,5.0,4.0,3.0,4.0,5.0,4.428571428571429,-2.4923076923076994,1.1302700410009898
2021-11-08,PROD_021,Manduka PRO Yoga Mat,Wellness,Esterilla Yoga,130,True,4,526.6,2021,11,8,Monday,0,False,True,False,False,False,False,,False,False,True,False,False,False,45,4,312,53,False,8,False,False,4.0,6.0,4.0,5.0,4.0,3.0,4.0,4.285714285714286,-1.2692307692307736,1.1097841969203104
2021-11-09,PROD_021,Manduka PRO Yoga Mat,Wellness,Esterilla Yoga,130,True,5,641.9,2021,11,9,Tuesday,1,False,False,False,False,False,False,,False,False,True,False,False,False,45,4,313,52,False,9,False,False,4.0,4.0,6.0,4.0,5.0,4.0,3.0,4.285714285714286,1.2461538461538497,1.0873210807148301
2021-11-10,PROD_021,Manduka PRO Yoga Mat,Wellness,Esterilla Yoga,130,True,4,522.88,2021,11,10,Wednesday,2,False,False,False,False,False,False,,False,False,True,False,False,False,45,4,314,51,False,10,False,False,5.0,4.0,4.0,6.0,4.0,5.0,4.0,4.571428571428571,-0.553846153846153,1.1016658707194424
2021-11-11,PROD_021,Manduka PRO Yoga Mat,Wellness,Esterilla Yoga,130,True,4,523.36,2021,11,11,Thursday,3,False,False,False,False,False,False,,False,False,True,False,False,False,45,4,315,50,False,11,False,False,4.0,5.0,4.0,4.0,6.0,4.0,5.0,4.571428571428571,-0.6461538461538489,1.1257959043193941
2021-11-12,PROD_021,Manduka PRO Yoga Mat,Wellness,Esterilla Yoga,130,True,5,647.9,2021,11,12,Friday,4,False,False,True,False,False,False,,False,False,True,False,False,False,45,4,316,49,False,12,False,False,4.0,4.0,5.0,4.0,4.0,6.0,4.0,4.428571428571429,0.32307692307691344,1.1024644791696208
2021-11-13,PROD_021,Manduka PRO Yoga Mat,Wellness,Esterilla Yoga,130,True,5,654.0,2021,11,13,Saturday,5,True,False,False,True,False,False,,False,False,True,False,False,False,45,4,317,48,False,13,False,False,5.0,4.0,4.0,5.0,4.0,4.0,6.0,4.571428571428571,-0.6153846153846242,1.1098226659501655
2021-11-14,PROD_021,Manduka PRO Yoga Mat,Wellness,Esterilla Yoga,130,True,5,649.35,2021,11,14,Sunday,6,True,False,False,False,True,False,,False,False,True,False,False,False,45,4,318,47,False,14,False,False,5.0,5.0,4.0,4.0,5.0,4.0,4.0,4.428571428571429,0.09999999999999651,1.1009664292980672
2021-11-15,PROD_021,Manduka PRO Yoga Mat,Wellness,Esterilla Yoga,130,True,4,530.8,2021,11,15,Monday,0,False,True,False,False,False,False,,False,False,True,False,False,False,46,4,319,46,False,15,False,False,5.0,5.0,5.0,4.0,4.0,5.0,4.0,4.571428571428571,-2.076923076923068,1.1209979444147213
2021-11-16,PROD_021,Manduka PRO Yoga Mat,Wellness,Esterilla Yoga,130,True,4,530.08,2021,11,16,Tuesday,1,False,False,False,False,False,False,,False,False,True,False,False,False,46,4,320,45,False,16,False,False,4.0,5.0,5.0,5.0,4.0,4.0,5.0,4.571428571428571,-1.9384615384615462,1.1335215122743991
2021-11-17,PROD_021,Manduka PRO Yoga Mat,Wellness,Esterilla Yoga,130,True,4,510.92,2021,11,17,Wednesday,2,False,False,False,False,False,False,,False,False,True,False,False,False,46,4,321,44,False,17,False,False,4.0,4.0,5.0,5.0,5.0,4.0,4.0,4.428571428571429,1.746153846153843,1.0841420285754704
2021-11-18,PROD_021,Manduka PRO Yoga Mat,Wellness,Esterilla Yoga,130,True,4,528.56,2021,11,18,Thursday,3,False,False,False,False,False,False,,False,False,True,False,False,False,46,4,322,43,False,18,False,False,4.0,4.0,4.0,5.0,5.0,5.0,4.0,4.428571428571429,-1.6461538461538356,1.124372465042403
2021-11-19,PROD_021,Manduka PRO Yoga Mat,Wellness,Esterilla Yoga,130,True,5,648.85,2021,11,19,Friday,4,False,False,True,False,False,False,,False,False,True,False,False,False,46,4,323,42,False,19,False,False,4.0,4.0,4.0,4.0,5.0,5.0,5.0,4.428571428571429,0.17692307692306905,1.099901115976833
2021-11-20,PROD_021,Manduka PRO Yoga Mat,Wellness,Esterilla Yoga,130,True,5,652.55,2021,11,20,Saturday,5,True,False,False,True,False,False,,False,False,True,False,False,False,46,4,324,41,False,20,False,False,5.0,4.0,4.0,4.0,4.0,5.0,5.0,4.428571428571429,-0.3923076923076853,1.127224045603731
2021-11-21,PROD_021,Manduka PRO Yoga Mat,Wellness,Esterilla Yoga,130,True,4,520.52,2021,11,21,Sunday,6,True,False,False,False,True,False,,False,False,True,False,False,False,46,4,325,40,False,21,False,False,5.0,5.0,4.0,4.0,4.0,4.0,5.0,4.428571428571429,-0.09999999999999651,1.1144129485313008
2021-11-22,PROD_021,Manduka PRO Yoga Mat,Wellness,Esterilla Yoga,130,True,4,529.88,2021,11,22,Monday,0,False,True,False,False,False,False,,False,False,True,False,False,False,47,4,326,39,False,22,False,False,4.0,5.0,5.0,4.0,4.0,4.0,4.0,4.285714285714286,-1.8999999999999992,1.1200326926328843
2021-11-23,PROD_021,Manduka PRO Yoga Mat,Wellness,Esterilla Yoga,130,True,4,530.56,2021,11,23,Tuesday,1,False,False,False,False,False,False,,False,False,True,False,False,False,47,4,327,38,False,23,False,False,4.0,4.0,5.0,5.0,4.0,4.0,4.0,4.285714285714286,-2.0307692307692204,1.2140590676104466
2021-11-24,PROD_021,Manduka PRO Yoga Mat,Wellness,Esterilla Yoga,130,True,4,527.84,2021,11,24,Wednesday,2,False,False,False,False,False,False,,False,False,True,False,False,False,47,4,328,37,False,24,False,False,4.0,4.0,4.0,5.0,5.0,4.0,4.0,4.285714285714286,-1.5076923076923139,1.1913331327114054
2021-11-25,PROD_021,Manduka PRO Yoga Mat,Wellness,Esterilla Yoga,130,True,5,653.25,2021,11,25,Thursday,3,False,False,False,False,False,False,,False,False,True,False,False,False,47,4,329,36,False,25,False,False,4.0,4.0,4.0,4.0,5.0,5.0,4.0,4.285714285714286,-0.5000000000000043,1.2083423251225454
2021-11-26,PROD_021,Manduka PRO Yoga Mat,Wellness,Esterilla Yoga,130,True,14,1729.0,2021,11,26,Friday,4,False,False,True,False,False,False,,True,False,True,False,False,False,47,4,330,35,False,26,False,False,5.0,4.0,4.0,4.0,4.0,5.0,5.0,4.428571428571429,5.0,1.1004678102027177
2021-11-27,PROD_021,Manduka PRO Yoga Mat,Wellness,Esterilla Yoga,130,True,20,2496.0,2021,11,27,Saturday,5,True,False,False,True,False,False,,False,False,True,False,False,False,47,4,331,34,False,27,False,False,14.0,5.0,4.0,4.0,4.0,4.0,5.0,5.714285714285714,4.000000000000002,1.0266675807225611
2021-11-28,PROD_021,Manduka PRO Yoga Mat,Wellness,Esterilla Yoga,130,True,17,2121.6,2021,11,28,Sunday,6,True,False,False,False,True,False,,False,False,True,False,False,False,47,4,332,33,False,28,True,False,20.0,14.0,5.0,4.0,4.0,4.0,4.0,7.857142857142857,4.000000000000002,1.0100832967996491
2021-11-29,PROD_021,Manduka PRO Yoga Mat,Wellness,Esterilla Yoga,130,True,15,1852.5,2021,11,29,Monday,0,False,True,False,False,False,False,,False,True,True,False,False,False,48,4,333,32,False,29,True,False,17.0,20.0,14.0,5.0,4.0,4.0,4.0,9.714285714285714,5.0,1.071661002241666
2021-11-30,PROD_021,Manduka PRO Yoga Mat,Wellness,Esterilla Yoga,130,True,13,1639.3,2021,11,30,Tuesday,1,False,False,False,False,False,False,,False,False,True,False,False,False,48,4,334,31,False,30,True,False,15.0,17.0,20.0,14.0,5.0,4.0,4.0,11.285714285714286,3.0000000000000044,0.9748429698824288
2022-10-25,PROD_021,Manduka PRO Yoga Mat,Wellness,Esterilla Yoga,130,True,4,529.44,2022,10,25,Tuesday,1,False,False,False,False,False,False,,False,False,False,False,False,False,43,4,298,67,True,25,False,False,13.0,15.0,17.0,20.0,14.0,5.0,4.0,12.571428571428571,-1.815384615384626,1.0705850633593963
2022-10-26,PROD_021,Manduka PRO Yoga Mat,Wellness,Esterilla Yoga,130,True,6,758.04,2022,10,26,Wednesday,2,False,False,False,False,False,False,,False,False,False,False,False,False,43,4,299,66,True,26,False,False,4.0,13.0,15.0,17.0,20.0,14.0,5.0,12.571428571428571,2.8153846153846125,1.0451975843145906
2022-10-27,PROD_021,Manduka PRO Yoga Mat,Wellness,Esterilla Yoga,130,True,6,783.3,2022,10,27,Thursday,3,False,False,False,False,False,False,,False,False,False,False,False,False,43,4,300,65,True,27,False,False,6.0,4.0,13.0,15.0,17.0,20.0,14.0,12.714285714285714,-0.42307692307693184,1.0813086692435119
2022-10-28,PROD_021,Manduka PRO Yoga Mat,Wellness,Esterilla Yoga,130,True,5,645.5,2022,10,28,Friday,4,False,False,True,False,False,False,,False,False,False,False,False,False,43,4,301,64,True,28,True,False,6.0,6.0,4.0,13.0,15.0,17.0,20.0,11.571428571428571,0.6923076923076966,1.061939623262318
2022-10-29,PROD_021,Manduka PRO Yoga Mat,Wellness,Esterilla Yoga,130,True,7,937.23,2022,10,29,Saturday,5,True,False,False,True,False,False,,False,False,False,False,False,False,43,4,302,63,True,29,True,False,5.0,6.0,6.0,4.0,13.0,15.0,17.0,9.428571428571429,-2.992307692307682,1.098389346167519
2022-10-30,PROD_021,Manduka PRO Yoga Mat,Wellness,Esterilla Yoga,130,True,6,773.82,2022,10,30,Sunday,6,True,False,False,False,True,False,,False,False,False,False,False,False,43,4,303,62,True,30,True,False,7.0,5.0,6.0,6.0,4.0,13.0,15.0,8.0,0.7923076923076932,1.0562365209794982
2022-10-31,PROD_021,Manduka PRO Yoga Mat,Wellness,Esterilla Yoga,130,True,6,784.98,2022,10,31,Monday,0,False,True,False,False,False,False,,False,False,False,False,False,False,44,4,304,61,True,31,True,False,6.0,7.0,5.0,6.0,6.0,4.0,13.0,6.714285714285714,-0.6384615384615481,1.069950658343102
2022-11-01,PROD_021,Manduka PRO Yoga Mat,Wellness,Esterilla Yoga,130,True,5,649.1,2022,11,1,Tuesday,1,False,False,False,False,False,True,Todos los Santos,False,False,True,False,False,False,44,4,305,60,False,1,False,True,6.0,6.0,7.0,5.0,6.0,6.0,4.0,5.714285714285714,0.1384615384615437,1.070327314700305
2022-11-02,PROD_021,Manduka PRO Yoga Mat,Wellness,Esterilla Yoga,130,True,4,519.8,2022,11,2,Wednesday,2,False,False,False,False,False,False,,False,False,True,False,False,False,44,4,306,59,False,2,False,True,5.0,6.0,6.0,7.0,5.0,6.0,6.0,5.857142857142857,0.03846153846154721,1.0621747541072935
2022-11-03,PROD_021,Manduka PRO Yoga Mat,Wellness,Esterilla Yoga,130,True,5,643.15,2022,11,3,Thursday,3,False,False,False,False,False,False,,False,False,True,False,False,False,44,4,307,58,False,3,False,True,4.0,5.0,6.0,6.0,7.0,5.0,6.0,5.571428571428571,1.0538461538461572,1.0507556160653504
2022-11-04,PROD_021,Manduka PRO Yoga Mat,Wellness,Esterilla Yoga,130,True,6,800.22,2022,11,4,Friday,4,False,False,True,False,False,False,,False,False,True,False,False,False,44,4,308,57,False,4,False,False,5.0,4.0,5.0,6.0,6.0,7.0,5.0,5.428571428571429,-2.592307692307696,1.0960716633793557
2022-11-05,PROD_021,Manduka PRO Yoga Mat,Wellness,Esterilla Yoga,130,True,6,783.54,2022,11,5,Saturday,5,True,False,False,True,False,False,,False,False,True,False,False,False,44,4,309,56,False,5,False,False,6.0,5.0,4.0,5.0,6.0,6.0,7.0,5.571428571428571,-0.4538461538461565,1.06340761651421
2022-11-06,PROD_021,Manduka PRO Yoga Mat,Wellness,Esterilla Yoga,130,True,5,647.5,2022,11,6,Sunday,6,True,False,False,False,True,False,,False,False,True,False,False,False,44,4,310,55,False,6,False,False,6.0,6.0,5.0,4.0,5.0,6.0,6.0,5.428571428571429,0.38461538461538464,1.0678944474986256
2022-11-07,PROD_021,Manduka PRO Yoga Mat,Wellness,Esterilla Yoga,130,True,6,760.8,2022,11,7,Monday,0,False,True,False,False,False,False,,False,False,True,False,False,False,45,4,311,54,False,7,False,False,5.0,6.0,6.0,5.0,4.0,5.0,6.0,5.285714285714286,2.4615384615384635,1.0475010326311442
2022-11-08,PROD_021,Manduka PRO Yoga Mat,Wellness,Esterilla Yoga,130,True,5,632.9,2022,11,8,Tuesday,1,False,False,False,False,False,False,,False,False,True,False,False,False,45,4,312,53,False,8,False,False,6.0,5.0,6.0,6.0,5.0,4.0,5.0,5.285714285714286,2.630769230769232,1.025908415507227
2022-11-09,PROD_021,Manduka PRO Yoga Mat,Wellness,Esterilla Yoga,130,True,5,665.85,2022,11,9,Wednesday,2,False,False,False,False,False,False,,False,False,True,False,False,False,45,4,313,52,False,9,False,False,5.0,6.0,5.0,6.0,6.0,5.0,4.0,5.285714285714286,-2.438461538461529,1.074009355341685
2022-11-10,PROD_021,Manduka PRO Yoga Mat,Wellness,Esterilla Yoga,130,True,5,648.4,2022,11,10,Thursday,3,False,False,False,False,False,False,,False,False,True,False,False,False,45,4,314,51,False,10,False,False,5.0,5.0,6.0,5.0,6.0,6.0,5.0,5.428571428571429,0.24615384615384092,1.0438142255372809
2022-11-11,PROD_021,Manduka PRO Yoga Mat,Wellness,Esterilla Yoga,130,True,7,923.93,2022,11,11,Friday,4,False,False,True,False,False,False,,False,False,True,False,False,False,45,4,315,50,False,11,False,False,5.0,5.0,5.0,6.0,5.0,6.0,6.0,5.428571428571429,-1.5307692307692378,1.0792019841377996
2022-11-12,PROD_021,Manduka PRO Yoga Mat,Wellness,Esterilla Yoga,130,True,6,784.38,2022,11,12,Saturday,5,True,False,False,True,False,False,,False,False,True,False,False,False,45,4,316,49,False,12,False,False,7.0,5.0,5.0,5.0,6.0,5.0,6.0,5.571428571428571,-0.5615384615384537,1.0798777465719478
2022-11-13,PROD_021,Manduka PRO Yoga Mat,Wellness,Esterilla Yoga,130,True,5,653.75,2022,11,13,Sunday,6,True,False,False,False,True,False,,False,False,True,False,False,False,45,4,317,48,False,13,False,False,6.0,7.0,5.0,5.0,5.0,6.0,5.0,5.571428571428571,-0.576923076923077,1.0658677753321921
2022-11-14,PROD_021,Manduka PRO Yoga Mat,Wellness,Esterilla Yoga,130,True,5,642.55,2022,11,14,Monday,0,False,True,False,False,False,False,,False,False,True,False,False,False,46,4,318,47,False,14,False,False,5.0,6.0,7.0,5.0,5.0,5.0,6.0,5.571428571428571,1.1461538461538532,1.0506908674679094
2022-11-15,PROD_021,Manduka PRO Yoga Mat,Wellness,Esterilla Yoga,130,True,5,654.25,2022,11,15,Tuesday,1,False,False,False,False,False,False,,False,False,True,False,False,False,46,4,319,46,False,15,False,False,5.0,5.0,6.0,7.0,5.0,5.0,5.0,5.428571428571429,-0.6538461538461495,1.0719552157291097
2022-11-16,PROD_021,Manduka PRO Yoga Mat,Wellness,Esterilla Yoga,130,True,6,802.14,2022,11,16,Wednesday,2,False,False,False,False,False,False,,False,False,True,False,False,False,46,4,320,45,False,16,False,False,5.0,5.0,5.0,6.0,7.0,5.0,5.0,5.428571428571429,-2.8384615384615364,1.089568052159739
2022-11-17,PROD_021,Manduka PRO Yoga Mat,Wellness,Esterilla Yoga,130,True,5,661.25,2022,11,17,Thursday,3,False,False,False,False,False,False,,False,False,True,False,False,False,46,4,321,44,False,17,False,False,6.0,5.0,5.0,5.0,6.0,7.0,5.0,5.571428571428571,-1.7307692307692308,1.0985739997231068
2022-11-18,PROD_021,Manduka PRO Yoga Mat,Wellness,Esterilla Yoga,130,True,6,775.5,2022,11,18,Friday,4,False,False,True,False,False,False,,False,False,True,False,False,False,46,4,322,43,False,18,False,False,5.0,6.0,5.0,5.0,5.0,6.0,7.0,5.571428571428571,0.576923076923077,1.0691537761601457
2022-11-19,PROD_021,Manduka PRO Yoga Mat,Wellness,Esterilla Yoga,130,True,8,1032.16,2022,11,19,Saturday,5,True,False,False,True,False,False,,False,False,True,False,False,False,46,4,323,42,False,19,False,False,6.0,5.0,6.0,5.0,5.0,5.0,6.0,5.428571428571429,0.7538461538461461,1.0604964655597566
2022-11-20,PROD_021,Manduka PRO Yoga Mat,Wellness,Esterilla Yoga,130,True,7,924.98,2022,11,20,Sunday,6,True,False,False,False,True,False,,False,False,True,False,False,False,46,4,324,41,False,20,False,False,8.0,6.0,5.0,6.0,5.0,5.0,5.0,5.714285714285714,-1.6461538461538356,1.0730294499783453
2022-11-21,PROD_021,Manduka PRO Yoga Mat,Wellness,Esterilla Yoga,130,True,4,530.68,2022,11,21,Monday,0,False,True,False,False,False,False,,False,False,True,False,False,False,47,4,325,40,False,21,False,False,7.0,8.0,6.0,5.0,6.0,5.0,5.0,6.0,-2.0538461538461443,1.1009044892540039
2022-11-22,PROD_021,Manduka PRO Yoga Mat,Wellness,Esterilla Yoga,130,True,5,649.2,2022,11,22,Tuesday,1,False,False,False,False,False,False,,False,False,True,False,False,False,47,4,326,39,False,22,False,False,4.0,7.0,8.0,6.0,5.0,6.0,5.0,5.857142857142857,0.12307692307692046,1.1292726060360072
2022-11-23,PROD_021,Manduka PRO Yoga Mat,Wellness,Esterilla Yoga,130,True,5,666.85,2022,11,23,Wednesday,2,False,False,False,False,False,False,,False,False,True,False,False,False,47,4,327,38,False,23,False,False,5.0,4.0,7.0,8.0,6.0,5.0,6.0,5.857142857142857,-2.592307692307696,1.1866714120473352
2022-11-24,PROD_021,Manduka PRO Yoga Mat,Wellness,Esterilla Yoga,130,True,6,758.88,2022,11,24,Thursday,3,False,False,False,False,False,False,,False,False,True,False,False,False,47,4,328,37,False,24,False,False,5.0,5.0,4.0,7.0,8.0,6.0,5.0,5.714285714285714,2.7076923076923047,1.1298573683113482
2022-11-25,PROD_021,Manduka PRO Yoga Mat,Wellness,Esterilla Yoga,130,True,21,2593.5,2022,11,25,Friday,4,False,False,True,False,False,False,,True,False,True,False,False,False,47,4,329,36,False,25,False,False,6.0,5.0,5.0,4.0,7.0,8.0,6.0,5.857142857142857,5.0,1.0315664914906204
2022-11-26,PROD_021,Manduka PRO Yoga Mat,Wellness,Esterilla Yoga,130,True,18,2246.4,2022,11,26,Saturday,5,True,False,False,True,False,False,,False,False,True,False,False,False,47,4,330,35,False,26,False,False,21.0,6.0,5.0,5.0,4.0,7.0,8.0,8.0,4.000000000000002,0.9886453657248481
2022-11-27,PROD_021,Manduka PRO Yoga Mat,Wellness,Esterilla Yoga,130,True,17,2121.6,2022,11,27,Sunday,6,True,False,False,False,True,False,,False,False,True,False,False,False,47,4,331,34,False,27,False,False,18.0,21.0,6.0,5.0,5.0,4.0,7.0,9.428571428571429,4.000000000000002,0.9916895672615302
2022-11-28,PROD_021,Manduka PRO Yoga Mat,Wellness,Esterilla Yoga,130,True,12,1482.0,2022,11,28,Monday,0,False,True,False,False,False,False,,False,True,True,False,False,False,48,4,332,33,False,28,True,False,17.0,18.0,21.0,6.0,5.0,5.0,4.0,10.857142857142858,5.0,1.0512129380053907
2022-11-29,PROD_021,Manduka PRO Yoga Mat,Wellness,Esterilla Yoga,130,True,16,2017.6,2022,11,29,Tuesday,1,False,False,False,False,False,False,,False,False,True,False,False,False,48,4,333,32,False,29,True,False,12.0,17.0,18.0,21.0,6.0,5.0,5.0,12.0,3.0000000000000044,0.9343047666090392
2022-11-30,PROD_021,Manduka PRO Yoga Mat,Wellness,Esterilla Yoga,130,True,13,1639.3,2022,11,30,Wednesday,2,False,False,False,False,False,False,,False,False,True,False,False,False,48,4,334,31,False,30,True,False,16.0,12.0,17.0,18.0,21.0,6.0,5.0,13.571428571428571,3.0000000000000044,0.945720446236055
2023-10-25,PROD_021,Manduka PRO Yoga Mat,Wellness,Esterilla Yoga,130,True,5,652.15,2023,10,25,Wednesday,2,False,False,False,False,False,False,,False,False,False,False,False,False,43,4,298,67,True,25,False,False,13.0,16.0,12.0,17.0,18.0,21.0,6.0,14.714285714285714,-0.330769230769236,1.0278441776773755
2023-10-26,PROD_021,Manduka PRO Yoga Mat,Wellness,Esterilla Yoga,130,True,6,773.46,2023,10,26,Thursday,3,False,False,False,False,False,False,,False,False,False,False,False,False,43,4,299,66,True,26,False,False,5.0,13.0,16.0,12.0,17.0,18.0,21.0,14.571428571428571,0.838461538461541,1.0146931493191298
2023-10-27,PROD_021,Manduka PRO Yoga Mat,Wellness,Esterilla Yoga,130,True,6,781.86,2023,10,27,Friday,4,False,False,True,False,False,False,,False,False,False,False,False,False,43,4,300,65,True,27,False,False,6.0,5.0,13.0,16.0,12.0,17.0,18.0,12.428571428571429,-0.23846153846154022,1.026305426478696
2023-10-28,PROD_021,Manduka PRO Yoga Mat,Wellness,Esterilla Yoga,130,True,6,782.76,2023,10,28,Saturday,5,True,False,False,True,False,False,,False,False,False,False,False,False,43,4,301,64,True,28,True,False,6.0,6.0,5.0,13.0,16.0,12.0,17.0,10.714285714285714,-0.35384615384615997,1.0424568506285958
2023-10-29,PROD_021,Manduka PRO Yoga Mat,Wellness,Esterilla Yoga,130,True,5,649.1,2023,10,29,Sunday,6,True,False,False,False,True,False,,False,False,False,False,False,False,43,4,302,63,True,29,True,False,6.0,6.0,6.0,5.0,13.0,16.0,12.0,9.142857142857142,0.1384615384615437,1.0357152354865304
2023-10-30,PROD_021,Manduka PRO Yoga Mat,Wellness,Esterilla Yoga,130,True,6,775.8,2023,10,30,Monday,0,False,True,False,False,False,False,,False,False,False,False,False,False,44,4,303,62,True,30,True,False,5.0,6.0,6.0,6.0,5.0,13.0,16.0,8.142857142857142,0.5384615384615297,1.0357257289330344
2023-10-31,PROD_021,Manduka PRO Yoga Mat,Wellness,Esterilla Yoga,130,True,5,662.0,2023,10,31,Tuesday,1,False,False,False,False,False,False,,False,False,False,False,False,False,44,4,304,61,True,31,True,False,6.0,5.0,6.0,6.0,6.0,5.0,13.0,6.714285714285714,-1.8461538461538505,1.0485190855815425
2023-11-01,PROD_021,Manduka PRO Yoga Mat,Wellness,Esterilla Yoga,130,True,5,639.75,2023,11,1,Wednesday,2,False,False,False,False,False,True,Todos los Santos,False,False,True,False,False,False,44,4,305,60,False,1,False,True,5.0,6.0,5.0,6.0,6.0,6.0,5.0,5.571428571428571,1.5769230769230747,1.0284543043163732
2023-11-02,PROD_021,Manduka PRO Yoga Mat,Wellness,Esterilla Yoga,130,True,6,771.36,2023,11,2,Thursday,3,False,False,False,False,False,False,,False,False,True,False,False,False,44,4,306,59,False,2,False,True,5.0,5.0,6.0,5.0,6.0,6.0,6.0,5.571428571428571,1.107692307692306,1.0127353412283697
2023-11-03,PROD_021,Manduka PRO Yoga Mat,Wellness,Esterilla Yoga,130,True,7,896.0,2023,11,3,Friday,4,False,False,True,False,False,False,,False,False,True,False,False,False,44,4,307,58,False,3,False,True,6.0,5.0,5.0,6.0,5.0,6.0,6.0,5.571428571428571,1.5384615384615385,1.02255478923122
2023-11-04,PROD_021,Manduka PRO Yoga Mat,Wellness,Esterilla Yoga,130,True,7,933.45,2023,11,4,Saturday,5,True,False,False,True,False,False,,False,False,True,False,False,False,44,4,308,57,False,4,False,False,7.0,6.0,5.0,5.0,6.0,5.0,6.0,5.714285714285714,-2.5769230769230727,1.0613376489003263
2023-11-05,PROD_021,Manduka PRO Yoga Mat,Wellness,Esterilla Yoga,130,True,7,898.38,2023,11,5,Sunday,6,True,False,False,False,True,False,,False,False,True,False,False,False,44,4,309,56,False,5,False,False,7.0,7.0,6.0,5.0,5.0,6.0,5.0,5.857142857142857,1.2769230769230744,1.0188409632177826
2023-11-06,PROD_021,Manduka PRO Yoga Mat,Wellness,Esterilla Yoga,130,True,5,656.95,2023,11,6,Monday,0,False,True,False,False,False,False,,False,False,True,False,False,False,45,4,310,55,False,6,False,False,7.0,7.0,7.0,6.0,5.0,5.0,6.0,6.142857142857143,-1.0692307692307588,1.043937708565072
2023-11-07,PROD_021,Manduka PRO Yoga Mat,Wellness,Esterilla Yoga,130,True,6,795.84,2023,11,7,Tuesday,1,False,False,False,False,False,False,,False,False,True,False,False,False,45,4,311,54,False,7,False,False,5.0,7.0,7.0,7.0,6.0,5.0,5.0,6.0,-2.0307692307692204,1.0374928299525474
2023-11-08,PROD_021,Manduka PRO Yoga Mat,Wellness,Esterilla Yoga,130,True,4,533.4,2023,11,8,Wednesday,2,False,False,False,False,False,False,,False,False,True,False,False,False,45,4,312,53,False,8,False,False,6.0,5.0,7.0,7.0,7.0,6.0,5.0,6.142857142857143,-2.5769230769230727,1.0502756629036494
2023-11-09,PROD_021,Manduka PRO Yoga Mat,Wellness,Esterilla Yoga,130,True,6,758.7,2023,11,9,Thursday,3,False,False,False,False,False,False,,False,False,True,False,False,False,45,4,313,52,False,9,False,False,4.0,6.0,5.0,7.0,7.0,7.0,6.0,6.0,2.7307692307692286,1.000184560219363
2023-11-10,PROD_021,Manduka PRO Yoga Mat,Wellness,Esterilla Yoga,130,True,7,916.16,2023,11,10,Friday,4,False,False,True,False,False,False,,False,False,True,False,False,False,45,4,314,51,False,10,False,False,6.0,4.0,6.0,5.0,7.0,7.0,7.0,6.0,-0.6769230769230734,1.031851151056449
2023-11-11,PROD_021,Manduka PRO Yoga Mat,Wellness,Esterilla Yoga,130,True,6,772.86,2023,11,11,Saturday,5,True,False,False,True,False,False,,False,False,True,False,False,False,45,4,315,50,False,11,False,False,7.0,6.0,4.0,6.0,5.0,7.0,7.0,6.0,0.9153846153846136,1.0221393429614347
2023-11-12,PROD_021,Manduka PRO Yoga Mat,Wellness,Esterilla Yoga,130,True,8,1017.92,2023,11,12,Sunday,6,True,False,False,False,True,False,,False,False,True,False,False,False,45,4,316,49,False,12,False,False,6.0,7.0,6.0,4.0,6.0,5.0,7.0,5.857142857142857,2.123076923076927,1.023542661017858
2023-11-13,PROD_021,Manduka PRO Yoga Mat,Wellness,Esterilla Yoga,130,True,7,891.38,2023,11,13,Monday,0,False,True,False,False,False,False,,False,False,True,False,False,False,46,4,317,48,False,13,False,False,8.0,6.0,7.0,6.0,4.0,6.0,5.0,6.0,2.0461538461538433,0.9892022061679485
2023-11-14,PROD_021,Manduka PRO Yoga Mat,Wellness,Esterilla Yoga,130,True,5,644.15,2023,11,14,Tuesday,1,False,False,False,False,False,False,,False,False,True,False,False,False,46,4,318,47,False,14,False,False,7.0,8.0,6.0,7.0,6.0,4.0,6.0,6.285714285714286,0.8999999999999904,1.0085855949895617
2023-11-15,PROD_021,Manduka PRO Yoga Mat,Wellness,Esterilla Yoga,130,True,6,794.4,2023,11,15,Wednesday,2,False,False,False,False,False,False,,False,False,True,False,False,False,46,4,319,46,False,15,False,False,5.0,7.0,8.0,6.0,7.0,6.0,4.0,6.142857142857143,-1.8461538461538505,1.037211124167646
2023-11-16,PROD_021,Manduka PRO Yoga Mat,Wellness,Esterilla Yoga,130,True,7,897.54,2023,11,16,Thursday,3,False,False,False,False,False,False,,False,False,True,False,False,False,46,4,320,45,False,16,False,False,6.0,5.0,7.0,8.0,6.0,7.0,6.0,6.428571428571429,1.3692307692307701,1.0129562332121977
2023-11-17,PROD_021,Manduka PRO Yoga Mat,Wellness,Esterilla Yoga,130,True,7,884.59,2023,11,17,Friday,4,False,False,True,False,False,False,,False,False,True,False,False,False,46,4,321,44,False,17,False,False,7.0,6.0,5.0,7.0,8.0,6.0,7.0,6.571428571428571,2.7923076923076886,0.9909300015682994
2023-11-18,PROD_021,Manduka PRO Yoga Mat,Wellness,Esterilla Yoga,130,True,8,1024.4,2023,11,18,Saturday,5,True,False,False,True,False,False,,False,False,True,False,False,False,46,4,322,43,False,18,False,False,7.0,7.0,6.0,5.0,7.0,8.0,6.0,6.571428571428571,1.4999999999999913,1.0123596690033205
2023-11-19,PROD_021,Manduka PRO Yoga Mat,Wellness,Esterilla Yoga,130,True,6,785.46,2023,11,19,Sunday,6,True,False,False,False,True,False,,False,False,True,False,False,False,46,4,323,42,False,19,False,False,8.0,7.0,7.0,6.0,5.0,7.0,8.0,6.857142857142857,-0.6999999999999974,1.0261817041624206
2023-11-20,PROD_021,Manduka PRO Yoga Mat,Wellness,Esterilla Yoga,130,True,5,660.85,2023,11,20,Monday,0,False,True,False,False,False,False,,False,False,True,False,False,False,47,4,324,41,False,20,False,False,6.0,8.0,7.0,7.0,6.0,5.0,7.0,6.571428571428571,-1.6692307692307597,1.0486630874613205
2023-11-21,PROD_021,Manduka PRO Yoga Mat,Wellness,Esterilla Yoga,130,True,5,649.0,2023,11,21,Tuesday,1,False,False,False,False,False,False,,False,False,True,False,False,False,47,4,325,40,False,21,False,False,5.0,6.0,8.0,7.0,7.0,6.0,5.0,6.285714285714286,0.1538461538461451,1.1119360365505426
2023-11-22,PROD_021,Manduka PRO Yoga Mat,Wellness,Esterilla Yoga,130,True,8,1014.96,2023,11,22,Wednesday,2,False,False,False,False,False,False,,False,False,True,False,False,False,47,4,326,39,False,22,False,False,5.0,5.0,6.0,8.0,7.0,7.0,6.0,6.285714285714286,2.407692307692304,1.0757468697888697
2023-11-23,PROD_021,Manduka PRO Yoga Mat,Wellness,Esterilla Yoga,130,True,7,911.54,2023,11,23,Thursday,3,False,False,False,False,False,False,,False,False,True,False,False,False,47,4,327,38,False,23,False,False,8.0,5.0,5.0,6.0,8.0,7.0,7.0,6.571428571428571,-0.16923076923076835,1.1140070719744497
2023-11-24,PROD_021,Manduka PRO Yoga Mat,Wellness,Esterilla Yoga,130,True,25,3087.5,2023,11,24,Friday,4,False,False,True,False,False,False,,True,False,True,False,False,False,47,4,328,37,False,24,False,False,7.0,8.0,5.0,5.0,6.0,8.0,7.0,6.571428571428571,5.0,1.0175077239958805
2023-11-25,PROD_021,Manduka PRO Yoga Mat,Wellness,Esterilla Yoga,130,True,25,3120.0,2023,11,25,Saturday,5,True,False,False,True,False,False,,False,False,True,False,False,False,47,4,329,36,False,25,False,False,25.0,7.0,8.0,5.0,5.0,6.0,8.0,9.142857142857142,4.000000000000002,0.9601230927041927
2023-11-26,PROD_021,Manduka PRO Yoga Mat,Wellness,Esterilla Yoga,130,True,23,2870.4,2023,11,26,Sunday,6,True,False,False,False,True,False,,False,False,True,False,False,False,47,4,330,35,False,26,False,False,25.0,25.0,7.0,8.0,5.0,5.0,6.0,11.571428571428571,4.000000000000002,0.9635205558772437
2023-11-27,PROD_021,Manduka PRO Yoga Mat,Wellness,Esterilla Yoga,130,True,17,2099.5,2023,11,27,Monday,0,False,True,False,False,False,False,,False,True,True,False,False,False,48,4,331,34,False,27,False,False,23.0,25.0,25.0,7.0,8.0,5.0,5.0,14.0,5.0,1.0033512744998478
2023-11-28,PROD_021,Manduka PRO Yoga Mat,Wellness,Esterilla Yoga,130,True,12,1513.2,2023,11,28,Tuesday,1,False,False,False,False,False,False,,False,False,True,False,False,False,48,4,332,33,False,28,True,False,17.0,23.0,25.0,25.0,7.0,8.0,5.0,15.714285714285714,3.0000000000000044,0.8995630591802157
2023-11-29,PROD_021,Manduka PRO Yoga Mat,Wellness,Esterilla Yoga,130,True,12,1513.2,2023,11,29,Wednesday,2,False,False,False,False,False,False,,False,False,True,False,False,False,48,4,333,32,False,29,True,False,12.0,17.0,23.0,25.0,25.0,7.0,8.0,16.714285714285715,3.0000000000000044,0.9029178351930306
2023-11-30,PROD_021,Manduka PRO Yoga Mat,Wellness,Esterilla Yoga,130,True,4,532.68,2023,11,30,Thursday,3,False,False,False,False,False,False,,False,False,True,False,False,False,48,4,334,31,False,30,True,False,12.0,12.0,17.0,23.0,25.0,25.0,7.0,17.285714285714285,-2.438461538461529,1.0531435349940688
2024-10-25,PROD_021,Manduka PRO Yoga Mat,Wellness,Esterilla Yoga,130,True,6,801.78,2024,10,25,Friday,4,False,False,True,False,False,False,,False,False,False,False,False,False,43,4,299,67,True,25,False,False,4.0,12.0,12.0,17.0,23.0,25.0,25.0,16.857142857142858,-2.7923076923076886,1.0380910456263917
2024-10-26,PROD_021,Manduka PRO Yoga Mat,Wellness,Esterilla Yoga,130,True,8,1021.04,2024,10,26,Saturday,5,True,False,False,True,False,False,,False,False,False,False,False,False,43,4,300,66,True,26,False,False,6.0,4.0,12.0,12.0,17.0,23.0,25.0,14.142857142857142,1.8230769230769266,0.970250614499658
2024-10-27,PROD_021,Manduka PRO Yoga Mat,Wellness,Esterilla Yoga,130,True,7,936.32,2024,10,27,Sunday,6,True,False,False,False,True,False,,False,False,False,False,False,False,43,4,301,65,True,27,False,False,8.0,6.0,4.0,12.0,12.0,17.0,23.0,11.714285714285714,-2.892307692307685,1.0331882901207547
2024-10-28,PROD_021,Manduka PRO Yoga Mat,Wellness,Esterilla Yoga,130,True,7,885.43,2024,10,28,Monday,0,False,True,False,False,False,False,,False,False,False,False,False,False,44,4,302,64,True,28,True,False,7.0,8.0,6.0,4.0,12.0,12.0,17.0,9.428571428571429,2.7000000000000037,0.9587902370003538
2024-10-29,PROD_021,Manduka PRO Yoga Mat,Wellness,Esterilla Yoga,130,True,7,914.13,2024,10,29,Tuesday,1,False,False,False,False,False,False,,False,False,False,False,False,False,44,4,303,63,True,29,True,False,7.0,7.0,8.0,6.0,4.0,12.0,12.0,8.0,-0.4538461538461565,1.0215112640801003
2024-10-30,PROD_021,Manduka PRO Yoga Mat,Wellness,Esterilla Yoga,130,True,7,904.12,2024,10,30,Wednesday,2,False,False,False,False,False,False,,False,False,False,False,False,False,44,4,304,62,True,30,True,False,7.0,7.0,7.0,8.0,6.0,4.0,12.0,7.285714285714286,0.6461538461538489,0.9794742163801822
2024-10-31,PROD_021,Manduka PRO Yoga Mat,Wellness,Esterilla Yoga,130,True,5,655.45,2024,10,31,Thursday,3,False,False,False,False,False,False,,False,False,False,False,False,False,44,4,305,61,True,31,True,False,7.0,7.0,7.0,7.0,8.0,6.0,4.0,6.571428571428571,-0.838461538461541,1.0081778096800655
2024-11-01,PROD_021,Manduka PRO Yoga Mat,Wellness,Esterilla Yoga,130,True,6,792.96,2024,11,1,Friday,4,False,False,True,False,False,True,Todos los Santos,False,False,True,False,False,False,44,4,306,60,False,1,False,True,5.0,7.0,7.0,7.0,7.0,8.0,6.0,6.714285714285714,-1.6615384615384587,0.997459055573725
2024-11-02,PROD_021,Manduka PRO Yoga Mat,Wellness,Esterilla Yoga,130,True,7,930.3,2024,11,2,Saturday,5,True,False,False,True,False,False,,False,False,True,False,False,False,44,4,307,59,False,2,False,True,6.0,5.0,7.0,7.0,7.0,7.0,8.0,6.714285714285714,-2.2307692307692353,1.0264926237738472
2024-11-03,PROD_021,Manduka PRO Yoga Mat,Wellness,Esterilla Yoga,130,True,8,1023.12,2024,11,3,Sunday,6,True,False,False,False,True,False,,False,False,True,False,False,False,44,4,308,58,False,3,False,True,7.0,6.0,5.0,7.0,7.0,7.0,7.0,6.571428571428571,1.6230769230769226,0.9815795533041677
2024-11-04,PROD_021,Manduka PRO Yoga Mat,Wellness,Esterilla Yoga,130,True,8,1014.72,2024,11,4,Monday,0,False,True,False,False,False,False,,False,False,True,False,False,False,45,4,309,57,False,4,False,False,8.0,7.0,6.0,5.0,7.0,7.0,7.0,6.714285714285714,2.430769230769228,0.9662772981208735
2024-11-05,PROD_021,Manduka PRO Yoga Mat,Wellness,Esterilla Yoga,130,True,6,802.5,2024,11,5,Tuesday,1,False,False,False,False,False,False,,False,False,True,False,False,False,45,4,310,56,False,5,False,False,8.0,8.0,7.0,6.0,5.0,7.0,7.0,6.857142857142857,-2.8846153846153846,1.0333771150428803
2024-11-06,PROD_021,Manduka PRO Yoga Mat,Wellness,Esterilla Yoga,130,True,9,1194.93,2024,11,6,Wednesday,2,False,False,False,False,False,False,,False,False,True,False,False,False,45,4,311,55,False,6,False,False,6.0,8.0,8.0,7.0,6.0,5.0,7.0,6.714285714285714,-2.1307692307692383,1.0150352947172603
2024-11-07,PROD_021,Manduka PRO Yoga Mat,Wellness,Esterilla Yoga,130,True,6,770.4,2024,11,7,Thursday,3,False,False,False,False,False,False,,False,False,True,False,False,False,45,4,312,54,False,7,False,False,9.0,6.0,8.0,8.0,7.0,6.0,5.0,7.0,1.2307692307692264,0.9680094488980475
2024-11-08,PROD_021,Manduka PRO Yoga Mat,Wellness,Esterilla Yoga,130,True,7,924.49,2024,11,8,Friday,4,False,False,True,False,False,False,,False,False,True,False,False,False,45,4,313,53,False,8,False,False,6.0,9.0,6.0,8.0,8.0,7.0,6.0,7.142857142857143,-1.5923076923076869,1.0262912500647567
2024-11-09,PROD_021,Manduka PRO Yoga Mat,Wellness,Esterilla Yoga,130,True,9,1148.04,2024,11,9,Saturday,5,True,False,False,True,False,False,,False,False,True,False,False,False,45,4,314,52,False,9,False,False,7.0,6.0,9.0,6.0,8.0,8.0,7.0,7.285714285714286,1.8769230769230754,0.989322923399085
2024-11-10,PROD_021,Manduka PRO Yoga Mat,Wellness,Esterilla Yoga,130,True,6,793.38,2024,11,10,Sunday,6,True,False,False,False,True,False,,False,False,True,False,False,False,45,4,315,51,False,10,False,False,9.0,7.0,6.0,9.0,6.0,8.0,8.0,7.571428571428571,-1.7153846153846075,1.007108583614715
2024-11-11,PROD_021,Manduka PRO Yoga Mat,Wellness,Esterilla Yoga,130,True,7,893.55,2024,11,11,Monday,0,False,True,False,False,False,False,,False,False,True,False,False,False,46,4,316,50,False,11,False,False,6.0,9.0,7.0,6.0,9.0,6.0,8.0,7.285714285714286,1.8076923076923033,0.9701322389420884
2024-11-12,PROD_021,Manduka PRO Yoga Mat,Wellness,Esterilla Yoga,130,True,7,914.83,2024,11,12,Tuesday,1,False,False,False,False,False,False,,False,False,True,False,False,False,46,4,317,49,False,12,False,False,7.0,6.0,9.0,7.0,6.0,9.0,6.0,7.142857142857143,-0.530769230769229,0.9905760485093483
2024-11-13,PROD_021,Manduka PRO Yoga Mat,Wellness,Esterilla Yoga,130,True,7,891.94,2024,11,13,Wednesday,2,False,False,False,False,False,False,,False,False,True,False,False,False,46,4,318,48,False,13,False,False,7.0,7.0,6.0,9.0,7.0,6.0,9.0,7.285714285714286,1.9846153846153833,0.9746557878633352
2024-11-14,PROD_021,Manduka PRO Yoga Mat,Wellness,Esterilla Yoga,130,True,7,895.37,2024,11,14,Thursday,3,False,False,False,False,False,False,,False,False,True,False,False,False,46,4,319,47,False,14,False,False,7.0,7.0,7.0,6.0,9.0,7.0,6.0,7.0,1.6076923076923104,0.9738351436402396
2024-11-15,PROD_021,Manduka PRO Yoga Mat,Wellness,Esterilla Yoga,130,True,7,935.41,2024,11,15,Friday,4,False,False,True,False,False,False,,False,False,True,False,False,False,46,4,320,46,False,15,False,False,7.0,7.0,7.0,7.0,6.0,9.0,7.0,7.142857142857143,-2.7923076923076886,1.0298242909987667
2024-11-16,PROD_021,Manduka PRO Yoga Mat,Wellness,Esterilla Yoga,130,True,9,1144.17,2024,11,16,Saturday,5,True,False,False,True,False,False,,False,False,True,False,False,False,46,4,321,45,False,16,False,False,7.0,7.0,7.0,7.0,7.0,6.0,9.0,7.142857142857143,2.2076923076923114,0.9849185238746997
2024-11-17,PROD_021,Manduka PRO Yoga Mat,Wellness,Esterilla Yoga,130,True,7,910.21,2024,11,17,Sunday,6,True,False,False,False,True,False,,False,False,True,False,False,False,46,4,322,44,False,17,False,False,9.0,7.0,7.0,7.0,7.0,7.0,6.0,7.142857142857143,-0.023076923076923953,0.9946708144219492
2024-11-18,PROD_021,Manduka PRO Yoga Mat,Wellness,Esterilla Yoga,130,True,6,800.88,2024,11,18,Monday,0,False,True,False,False,False,False,,False,False,True,False,False,False,47,4,323,43,False,18,False,False,7.0,9.0,7.0,7.0,7.0,7.0,7.0,7.285714285714286,-2.676923076923069,1.013284749108024
2024-11-19,PROD_021,Manduka PRO Yoga Mat,Wellness,Esterilla Yoga,130,True,6,758.4,2024,11,19,Tuesday,1,False,False,False,False,False,False,,False,False,True,False,False,False,47,4,324,42,False,19,False,False,6.0,7.0,9.0,7.0,7.0,7.0,7.0,7.142857142857143,2.7692307692307647,0.9759110562075357
2024-11-20,PROD_021,Manduka PRO Yoga Mat,Wellness,Esterilla Yoga,130,True,7,899.78,2024,11,20,Wednesday,2,False,False,False,False,False,False,,False,False,True,False,False,False,47,4,325,41,False,20,False,False,6.0,6.0,7.0,9.0,7.0,7.0,7.0,7.0,1.1230769230769293,0.9751915636142933
2024-11-21,PROD_021,Manduka PRO Yoga Mat,Wellness,Esterilla Yoga,130,True,6,788.64,2024,11,21,Thursday,3,False,False,False,False,False,False,,False,False,True,False,False,False,47,4,326,40,False,21,False,False,7.0,6.0,6.0,7.0,9.0,7.0,7.0,7.0,-1.107692307692306,0.9976218185498154
2024-11-22,PROD_021,Manduka PRO Yoga Mat,Wellness,Esterilla Yoga,130,True,7,893.55,2024,11,22,Friday,4,False,False,True,False,False,False,,False,False,True,False,False,False,47,4,327,39,False,22,False,False,6.0,7.0,6.0,6.0,7.0,9.0,7.0,6.857142857142857,1.8076923076923033,0.9690520775342882
2024-11-23,PROD_021,Manduka PRO Yoga Mat,Wellness,Esterilla Yoga,130,True,10,1269.2,2024,11,23,Saturday,5,True,False,False,True,False,False,,False,False,True,False,False,False,47,4,328,38,False,23,False,False,7.0,6.0,7.0,6.0,6.0,7.0,9.0,6.857142857142857,2.369230769230768,0.9540705104111856
2024-11-24,PROD_021,Manduka PRO Yoga Mat,Wellness,Esterilla Yoga,130,True,7,924.28,2024,11,24,Sunday,6,True,False,False,False,True,False,,False,False,True,False,False,False,47,4,329,37,False,24,False,False,10.0,7.0,6.0,7.0,6.0,6.0,7.0,7.0,-1.569230769230763,1.0161873733357278
2024-11-25,PROD_021,Manduka PRO Yoga Mat,Wellness,Esterilla Yoga,130,True,6,784.56,2024,11,25,Monday,0,False,True,False,False,False,False,,False,False,True,False,False,False,48,4,330,36,False,25,False,False,7.0,10.0,7.0,6.0,7.0,6.0,6.0,7.0,-0.5846153846153777,0.9877127606002619
2024-11-26,PROD_021,Manduka PRO Yoga Mat,Wellness,Esterilla Yoga,130,True,7,936.46,2024,11,26,Tuesday,1,False,False,False,False,False,False,,False,False,True,False,False,False,48,4,331,35,False,26,False,False,6.0,7.0,10.0,7.0,6.0,7.0,6.0,7.0,-2.907692307692309,1.0825668276103904
2024-11-27,PROD_021,Manduka PRO Yoga Mat,Wellness,Esterilla Yoga,130,True,9,1144.89,2024,11,27,Wednesday,2,False,False,False,False,False,False,,False,False,True,False,False,False,48,4,332,34,False,27,False,False,7.0,6.0,7.0,10.0,7.0,6.0,7.0,7.142857142857143,2.146153846153851,1.0612034925754963
2024-11-28,PROD_021,Manduka PRO Yoga Mat,Wellness,Esterilla Yoga,130,True,7,919.03,2024,11,28,Thursday,3,False,False,False,False,False,False,,False,False,True,False,False,False,48,4,333,33,False,28,True,False,9.0,7.0,6.0,7.0,10.0,7.0,6.0,7.428571428571429,-0.9923076923076862,1.0751194213184112
2024-11-29,PROD_021,Manduka PRO Yoga Mat,Wellness,Esterilla Yoga,130,True,27,3334.5,2024,11,29,Friday,4,False,False,True,False,False,False,,True,False,True,False,False,False,48,4,334,32,False,29,True,False,7.0,9.0,7.0,6.0,7.0,10.0,7.0,7.571428571428571,5.0,0.9711982699302073
2024-11-30,PROD_021,Manduka PRO Yoga Mat,Wellness,Esterilla Yoga,130,True,25,3120.0,2024,11,30,Saturday,5,True,False,False,True,False,False,,False,False,True,False,False,False,48,4,335,31,False,30,True,False,27.0,7.0,9.0,7.0,6.0,7.0,10.0,10.428571428571429,4.000000000000002,0.9490494296577947
2021-11-01,PROD_022,Gaiam Premium Yoga Block,Wellness,Bloque Yoga,20,False,1,19.93,2021,11,1,Monday,0,False,True,False,False,False,True,Todos los Santos,False,False,True,False,False,False,44,4,305,60,False,1,False,True,1.0,1.0,1.0,1.0,1.0,1.0,1.0,1.0,0.3500000000000014,1.036042280367354
2021-11-02,PROD_022,Gaiam Premium Yoga Block,Wellness,Bloque Yoga,20,False,1,19.81,2021,11,2,Tuesday,1,False,False,False,False,False,False,,False,False,True,False,False,False,44,4,306,59,False,2,False,True,1.0,1.0,1.0,1.0,1.0,1.0,1.0,1.0,0.9500000000000064,1.054471256210078
2021-11-03,PROD_022,Gaiam Premium Yoga Block,Wellness,Bloque Yoga,20,False,1,19.95,2021,11,3,Wednesday,2,False,False,False,False,False,False,,False,False,True,False,False,False,44,4,307,58,False,3,False,True,1.0,1.0,1.0,1.0,1.0,1.0,1.0,1.0,0.25000000000000355,1.0505529225908374
2021-11-04,PROD_022,Gaiam Premium Yoga Block,Wellness,Bloque Yoga,20,False,1,20.25,2021,11,4,Thursday,3,False,False,False,False,False,False,,False,False,True,False,False,False,44,4,308,57,False,4,False,False,1.0,1.0,1.0,1.0,1.0,1.0,1.0,1.0,-1.25,1.0287891617273497
2021-11-05,PROD_022,Gaiam Premium Yoga Block,Wellness,Bloque Yoga,20,False,1,20.19,2021,11,5,Friday,4,False,False,True,False,False,False,,False,False,True,False,False,False,44,4,309,56,False,5,False,False,1.0,1.0,1.0,1.0,1.0,1.0,1.0,1.0,-0.9500000000000064,1.0541246084232512
2021-11-06,PROD_022,Gaiam Premium Yoga Block,Wellness,Bloque Yoga,20,False,2,39.96,2021,11,6,Saturday,5,True,False,False,True,False,False,,False,False,True,False,False,False,44,4,310,55,False,6,False,False,1.0,1.0,1.0,1.0,1.0,1.0,1.0,1.0,0.09999999999999788,1.0346970481615745
2021-11-07,PROD_022,Gaiam Premium Yoga Block,Wellness,Bloque Yoga,20,False,1,20.24,2021,11,7,Sunday,6,True,False,False,False,True,False,,False,False,True,False,False,False,44,4,311,54,False,7,False,False,2.0,1.0,1.0,1.0,1.0,1.0,1.0,1.1428571428571428,-1.1999999999999922,1.0720338983050848
2021-11-08,PROD_022,Gaiam Premium Yoga Block,Wellness,Bloque Yoga,20,False,1,19.82,2021,11,8,Monday,0,False,True,False,False,False,False,,False,False,True,False,False,False,45,4,312,53,False,8,False,False,1.0,2.0,1.0,1.0,1.0,1.0,1.0,1.1428571428571428,0.8999999999999986,1.0191978059650326
2021-11-09,PROD_022,Gaiam Premium Yoga Block,Wellness,Bloque Yoga,20,False,1,20.37,2021,11,9,Tuesday,1,False,False,False,False,False,False,,False,False,True,False,False,False,45,4,313,52,False,9,False,False,1.0,1.0,2.0,1.0,1.0,1.0,1.0,1.1428571428571428,-1.8500000000000052,1.049098712446352
2021-11-10,PROD_022,Gaiam Premium Yoga Block,Wellness,Bloque Yoga,20,False,1,20.01,2021,11,10,Wednesday,2,False,False,False,False,False,False,,False,False,True,False,False,False,45,4,314,51,False,10,False,False,1.0,1.0,1.0,2.0,1.0,1.0,1.0,1.1428571428571428,-0.050000000000007816,1.0263292870576168
2021-11-11,PROD_022,Gaiam Premium Yoga Block,Wellness,Bloque Yoga,20,False,1,20.55,2021,11,11,Thursday,3,False,False,False,False,False,False,,False,False,True,False,False,False,45,4,315,50,False,11,False,False,1.0,1.0,1.0,1.0,2.0,1.0,1.0,1.1428571428571428,-2.7500000000000036,1.0664244940321743
2021-11-12,PROD_022,Gaiam Premium Yoga Block,Wellness,Bloque Yoga,20,False,2,40.86,2021,11,12,Friday,4,False,False,True,False,False,False,,False,False,True,False,False,False,45,4,316,49,False,12,False,False,1.0,1.0,1.0,1.0,1.0,2.0,1.0,1.1428571428571428,-2.1499999999999986,1.0516472203157172
2021-11-13,PROD_022,Gaiam Premium Yoga Block,Wellness,Bloque Yoga,20,False,1,19.81,2021,11,13,Saturday,5,True,False,False,True,False,False,,False,False,True,False,False,False,45,4,317,48,False,13,False,False,2.0,1.0,1.0,1.0,1.0,1.0,2.0,1.2857142857142858,0.9500000000000064,1.0260704419889501
2021-11-14,PROD_022,Gaiam Premium Yoga Block,Wellness,Bloque Yoga,20,False,2,39.7,2021,11,14,Sunday,6,True,False,False,False,True,False,,False,False,True,False,False,False,45,4,318,47,False,14,False,False,1.0,2.0,1.0,1.0,1.0,1.0,1.0,1.1428571428571428,0.7499999999999929,1.0452869931542919
2021-11-15,PROD_022,Gaiam Premium Yoga Block,Wellness,Bloque Yoga,20,False,1,19.99,2021,11,15,Monday,0,False,True,False,False,False,False,,False,False,True,False,False,False,46,4,319,46,False,15,False,False,2.0,1.0,2.0,1.0,1.0,1.0,1.0,1.2857142857142858,0.050000000000007816,1.0159241063865831
2021-11-16,PROD_022,Gaiam Premium Yoga Block,Wellness,Bloque Yoga,20,False,2,40.04,2021,11,16,Tuesday,1,False,False,False,False,False,False,,False,False,True,False,False,False,46,4,320,45,False,16,False,False,1.0,2.0,1.0,2.0,1.0,1.0,1.0,1.2857142857142858,-0.09999999999999788,1.0011668611435238
2021-11-17,PROD_022,Gaiam Premium Yoga Block,Wellness,Bloque Yoga,20,False,1,19.46,2021,11,17,Wednesday,2,False,False,False,False,False,False,,False,False,True,False,False,False,46,4,321,44,False,17,False,False,2.0,1.0,2.0,1.0,2.0,1.0,1.0,1.4285714285714286,2.6999999999999957,1.0041279669762644
2021-11-18,PROD_022,Gaiam Premium Yoga Block,Wellness,Bloque Yoga,20,False,2,41.14,2021,11,18,Thursday,3,False,False,False,False,False,False,,False,False,True,False,False,False,46,4,322,43,False,18,False,False,1.0,2.0,1.0,2.0,1.0,2.0,1.0,1.4285714285714286,-2.8500000000000014,1.0898975626986929
2021-11-19,PROD_022,Gaiam Premium Yoga Block,Wellness,Bloque Yoga,20,False,2,38.94,2021,11,19,Friday,4,False,False,True,False,False,False,,False,False,True,False,False,False,46,4,323,42,False,19,False,False,2.0,1.0,2.0,1.0,2.0,1.0,2.0,1.5714285714285714,2.6500000000000057,0.9767558528428093
2021-11-20,PROD_022,Gaiam Premium Yoga Block,Wellness,Bloque Yoga,20,False,2,38.82,2021,11,20,Saturday,5,True,False,False,True,False,False,,False,False,True,False,False,False,46,4,324,41,False,20,False,False,2.0,2.0,1.0,2.0,1.0,2.0,1.0,1.5714285714285714,2.9499999999999993,0.9874512463964729
2021-11-21,PROD_022,Gaiam Premium Yoga Block,Wellness,Bloque Yoga,20,False,2,39.64,2021,11,21,Sunday,6,True,False,False,False,True,False,,False,False,True,False,False,False,46,4,325,40,False,21,False,False,2.0,2.0,2.0,1.0,2.0,1.0,2.0,1.7142857142857142,0.8999999999999986,0.9949799196787148
2021-11-22,PROD_022,Gaiam Premium Yoga Block,Wellness,Bloque Yoga,20,False,1,20.48,2021,11,22,Monday,0,False,True,False,False,False,False,,False,False,True,False,False,False,47,4,326,39,False,22,False,False,2.0,2.0,2.0,2.0,1.0,2.0,1.0,1.7142857142857142,-2.400000000000002,1.0524152106885922
2021-11-23,PROD_022,Gaiam Premium Yoga Block,Wellness,Bloque Yoga,20,False,2,39.36,2021,11,23,Tuesday,1,False,False,False,False,False,False,,False,False,True,False,False,False,47,4,327,38,False,23,False,False,1.0,2.0,2.0,2.0,2.0,1.0,2.0,1.7142857142857142,1.6000000000000014,1.056549749463135
2021-11-24,PROD_022,Gaiam Premium Yoga Block,Wellness,Bloque Yoga,20,False,2,39.46,2021,11,24,Wednesday,2,False,False,False,False,False,False,,False,False,True,False,False,False,47,4,328,37,False,24,False,False,2.0,1.0,2.0,2.0,2.0,2.0,1.0,1.7142857142857142,1.3499999999999979,1.0057774001699238
2021-11-25,PROD_022,Gaiam Premium Yoga Block,Wellness,Bloque Yoga,20,False,1,20.55,2021,11,25,Thursday,3,False,False,False,False,False,False,,False,False,True,False,False,False,47,4,329,36,False,25,False,False,2.0,2.0,1.0,2.0,2.0,2.0,2.0,1.8571428571428572,-2.7500000000000036,1.0766678309465596
2021-11-26,PROD_022,Gaiam Premium Yoga Block,Wellness,Bloque Yoga,20,False,6,114.0,2021,11,26,Friday,4,False,False,True,False,False,False,,True,False,True,False,False,False,47,4,330,35,False,26,False,False,1.0,2.0,2.0,1.0,2.0,2.0,2.0,1.7142857142857142,5.0,1.1037955073586365
2021-11-27,PROD_022,Gaiam Premium Yoga Block,Wellness,Bloque Yoga,20,False,8,153.6,2021,11,27,Saturday,5,True,False,False,True,False,False,,False,False,True,False,False,False,47,4,331,34,False,27,False,False,6.0,1.0,2.0,2.0,1.0,2.0,2.0,2.2857142857142856,4.0000000000000036,0.9842788790157212
2021-11-28,PROD_022,Gaiam Premium Yoga Block,Wellness,Bloque Yoga,20,False,7,134.4,2021,11,28,Sunday,6,True,False,False,False,True,False,,False,False,True,False,False,False,47,4,332,33,False,28,True,False,8.0,6.0,1.0,2.0,2.0,1.0,2.0,3.142857142857143,4.0000000000000036,0.9986130374479889
2021-11-29,PROD_022,Gaiam Premium Yoga Block,Wellness,Bloque Yoga,20,False,6,114.0,2021,11,29,Monday,0,False,True,False,False,False,False,,False,True,True,False,False,False,48,4,333,32,False,29,True,False,7.0,8.0,6.0,1.0,2.0,2.0,1.0,3.857142857142857,5.0,0.967906265919511
2021-11-30,PROD_022,Gaiam Premium Yoga Block,Wellness,Bloque Yoga,20,False,4,77.6,2021,11,30,Tuesday,1,False,False,False,False,False,False,,False,False,True,False,False,False,48,4,334,31,False,30,True,False,6.0,7.0,8.0,6.0,1.0,2.0,2.0,4.571428571428571,3.000000000000007,1.0104166666666667
2022-10-25,PROD_022,Gaiam Premium Yoga Block,Wellness,Bloque Yoga,20,False,1,20.1,2022,10,25,Tuesday,1,False,False,False,False,False,False,,False,False,False,False,False,False,43,4,298,67,True,25,False,False,4.0,6.0,7.0,8.0,6.0,1.0,2.0,4.857142857142857,-0.5000000000000071,1.0450606585788562
2022-10-26,PROD_022,Gaiam Premium Yoga Block,Wellness,Bloque Yoga,20,False,1,20.41,2022,10,26,Wednesday,2,False,False,False,False,False,False,,False,False,False,False,False,False,43,4,299,66,True,26,False,False,1.0,4.0,6.0,7.0,8.0,6.0,1.0,4.714285714285714,-2.0500000000000007,1.0545986910093006
2022-10-27,PROD_022,Gaiam Premium Yoga Block,Wellness,Bloque Yoga,20,False,1,19.73,2022,10,27,Thursday,3,False,False,False,False,False,False,,False,False,False,False,False,False,43,4,300,65,True,27,False,False,1.0,1.0,4.0,6.0,7.0,8.0,6.0,4.714285714285714,1.3499999999999979,1.0022011513714866
2022-10-28,PROD_022,Gaiam Premium Yoga Block,Wellness,Bloque Yoga,20,False,2,39.74,2022,10,28,Friday,4,False,False,True,False,False,False,,False,False,False,False,False,False,43,4,301,64,True,28,True,False,1.0,1.0,1.0,4.0,6.0,7.0,8.0,4.0,0.649999999999995,1.0334604715672677
2022-10-29,PROD_022,Gaiam Premium Yoga Block,Wellness,Bloque Yoga,20,False,2,40.44,2022,10,29,Saturday,5,True,False,False,True,False,False,,False,False,False,False,False,False,43,4,302,63,True,29,True,False,2.0,1.0,1.0,1.0,4.0,6.0,7.0,3.142857142857143,-1.0999999999999943,1.051846714062771
2022-10-30,PROD_022,Gaiam Premium Yoga Block,Wellness,Bloque Yoga,20,False,1,20.11,2022,10,30,Sunday,6,True,False,False,False,True,False,,False,False,False,False,False,False,43,4,303,62,True,30,True,False,2.0,2.0,1.0,1.0,1.0,4.0,6.0,2.4285714285714284,-0.5499999999999972,1.0763603925066905
2022-10-31,PROD_022,Gaiam Premium Yoga Block,Wellness,Bloque Yoga,20,False,1,20.36,2022,10,31,Monday,0,False,True,False,False,False,False,,False,False,False,False,False,False,44,4,304,61,True,31,True,False,1.0,2.0,2.0,1.0,1.0,1.0,4.0,1.7142857142857142,-1.7999999999999972,1.058578856152513
2022-11-01,PROD_022,Gaiam Premium Yoga Block,Wellness,Bloque Yoga,20,False,1,20.42,2022,11,1,Tuesday,1,False,False,False,False,False,True,Todos los Santos,False,False,True,False,False,False,44,4,305,60,False,1,False,True,1.0,1.0,2.0,2.0,1.0,1.0,1.0,1.2857142857142858,-2.1000000000000085,1.0513128539557235
2022-11-02,PROD_022,Gaiam Premium Yoga Block,Wellness,Bloque Yoga,20,False,1,20.24,2022,11,2,Wednesday,2,False,False,False,False,False,False,,False,False,True,False,False,False,44,4,306,59,False,2,False,True,1.0,1.0,1.0,2.0,2.0,1.0,1.0,1.2857142857142858,-1.1999999999999922,1.0253292806484295
2022-11-03,PROD_022,Gaiam Premium Yoga Block,Wellness,Bloque Yoga,20,False,1,20.15,2022,11,3,Thursday,3,False,False,False,False,False,False,,False,False,True,False,False,False,44,4,307,58,False,3,False,True,1.0,1.0,1.0,1.0,2.0,2.0,1.0,1.2857142857142858,-0.7499999999999929,0.998843357567746
2022-11-04,PROD_022,Gaiam Premium Yoga Block,Wellness,Bloque Yoga,20,False,2,39.46,2022,11,4,Friday,4,False,False,True,False,False,False,,False,False,True,False,False,False,44,4,308,57,False,4,False,False,1.0,1.0,1.0,1.0,1.0,2.0,2.0,1.2857142857142858,1.3499999999999979,1.04723991507431
2022-11-05,PROD_022,Gaiam Premium Yoga Block,Wellness,Bloque Yoga,20,False,2,38.84,2022,11,5,Saturday,5,True,False,False,True,False,False,,False,False,True,False,False,False,44,4,309,56,False,5,False,False,2.0,1.0,1.0,1.0,1.0,1.0,2.0,1.2857142857142858,2.8999999999999915,0.9887983706720979
2022-11-06,PROD_022,Gaiam Premium Yoga Block,Wellness,Bloque Yoga,20,False,2,39.2,2022,11,6,Sunday,6,True,False,False,False,True,False,,False,False,True,False,False,False,44,4,310,55,False,6,False,False,2.0,2.0,1.0,1.0,1.0,1.0,1.0,1.2857142857142858,1.9999999999999927,0.9832775919732442
2022-11-07,PROD_022,Gaiam Premium Yoga Block,Wellness,Bloque Yoga,20,False,1,20.45,2022,11,7,Monday,0,False,True,False,False,False,False,,False,False,True,False,False,False,45,4,311,54,False,7,False,False,2.0,2.0,2.0,1.0,1.0,1.0,1.0,1.4285714285714286,-2.2499999999999964,1.0345699831365935
2022-11-08,PROD_022,Gaiam Premium Yoga Block,Wellness,Bloque Yoga,20,False,2,39.26,2022,11,8,Tuesday,1,False,False,False,False,False,False,,False,False,True,False,False,False,45,4,312,53,False,8,False,False,1.0,2.0,2.0,2.0,1.0,1.0,1.0,1.4285714285714286,1.8500000000000052,0.9849473156046159
2022-11-09,PROD_022,Gaiam Premium Yoga Block,Wellness,Bloque Yoga,20,False,1,19.75,2022,11,9,Wednesday,2,False,False,False,False,False,False,,False,False,True,False,False,False,45,4,313,52,False,9,False,False,2.0,1.0,2.0,2.0,2.0,1.0,1.0,1.5714285714285714,1.25,1.0477453580901859
2022-11-10,PROD_022,Gaiam Premium Yoga Block,Wellness,Bloque Yoga,20,False,2,39.52,2022,11,10,Thursday,3,False,False,False,False,False,False,,False,False,True,False,False,False,45,4,314,51,False,10,False,False,1.0,2.0,1.0,2.0,2.0,2.0,1.0,1.5714285714285714,1.1999999999999922,1.0279174614184152
2022-11-11,PROD_022,Gaiam Premium Yoga Block,Wellness,Bloque Yoga,20,False,2,41.14,2022,11,11,Friday,4,False,False,True,False,False,False,,False,False,True,False,False,False,45,4,315,50,False,11,False,False,2.0,1.0,2.0,1.0,2.0,2.0,2.0,1.7142857142857142,-2.8500000000000014,1.0133004926108373
2022-11-12,PROD_022,Gaiam Premium Yoga Block,Wellness,Bloque Yoga,20,False,2,39.6,2022,11,12,Saturday,5,True,False,False,True,False,False,,False,False,True,False,False,False,45,4,316,49,False,12,False,False,2.0,2.0,1.0,2.0,1.0,2.0,2.0,1.7142857142857142,0.9999999999999963,1.040280210157618
2022-11-13,PROD_022,Gaiam Premium Yoga Block,Wellness,Bloque Yoga,20,False,2,40.36,2022,11,13,Sunday,6,True,False,False,False,True,False,,False,False,True,False,False,False,45,4,317,48,False,13,False,False,2.0,2.0,2.0,1.0,2.0,1.0,2.0,1.7142857142857142,-0.8999999999999986,1.0063164893617023
2022-11-14,PROD_022,Gaiam Premium Yoga Block,Wellness,Bloque Yoga,20,False,2,39.52,2022,11,14,Monday,0,False,True,False,False,False,False,,False,False,True,False,False,False,46,4,318,47,False,14,False,False,2.0,2.0,2.0,2.0,1.0,2.0,1.0,1.7142857142857142,1.1999999999999922,1.0440295878830574
2022-11-15,PROD_022,Gaiam Premium Yoga Block,Wellness,Bloque Yoga,20,False,2,40.8,2022,11,15,Tuesday,1,False,False,False,False,False,False,,False,False,True,False,False,False,46,4,319,46,False,15,False,False,2.0,2.0,2.0,2.0,2.0,1.0,2.0,1.8571428571428572,-1.9999999999999927,1.031344792719919
2022-11-16,PROD_022,Gaiam Premium Yoga Block,Wellness,Bloque Yoga,20,False,2,41.1,2022,11,16,Wednesday,2,False,False,False,False,False,False,,False,False,True,False,False,False,46,4,320,45,False,16,False,False,2.0,2.0,2.0,2.0,2.0,2.0,1.0,1.8571428571428572,-2.7500000000000036,1.0498978201634876
2022-11-17,PROD_022,Gaiam Premium Yoga Block,Wellness,Bloque Yoga,20,False,2,39.96,2022,11,17,Thursday,3,False,False,False,False,False,False,,False,False,True,False,False,False,46,4,321,44,False,17,False,False,2.0,2.0,2.0,2.0,2.0,2.0,2.0,2.0,0.09999999999999788,1.0268973787904745
2022-11-18,PROD_022,Gaiam Premium Yoga Block,Wellness,Bloque Yoga,20,False,2,41.12,2022,11,18,Friday,4,False,False,True,False,False,False,,False,False,True,False,False,False,46,4,322,43,False,18,False,False,2.0,2.0,2.0,2.0,2.0,2.0,2.0,2.0,-2.7999999999999936,1.0570694087403598
2022-11-19,PROD_022,Gaiam Premium Yoga Block,Wellness,Bloque Yoga,20,False,2,40.74,2022,11,19,Saturday,5,True,False,False,True,False,False,,False,False,True,False,False,False,46,4,323,42,False,19,False,False,2.0,2.0,2.0,2.0,2.0,2.0,2.0,2.0,-1.8500000000000052,1.0246478873239437
2022-11-20,PROD_022,Gaiam Premium Yoga Block,Wellness,Bloque Yoga,20,False,1,20.48,2022,11,20,Sunday,6,True,False,False,False,True,False,,False,False,True,False,False,False,46,4,324,41,False,20,False,False,2.0,2.0,2.0,2.0,2.0,2.0,2.0,2.0,-2.400000000000002,1.0604073179150846
2022-11-21,PROD_022,Gaiam Premium Yoga Block,Wellness,Bloque Yoga,20,False,2,39.0,2022,11,21,Monday,0,False,True,False,False,False,False,,False,False,True,False,False,False,47,4,325,40,False,21,False,False,1.0,2.0,2.0,2.0,2.0,2.0,2.0,1.8571428571428572,2.5,1.0299295774647887
2022-11-22,PROD_022,Gaiam Premium Yoga Block,Wellness,Bloque Yoga,20,False,1,19.65,2022,11,22,Tuesday,1,False,False,False,False,False,False,,False,False,True,False,False,False,47,4,326,39,False,22,False,False,2.0,1.0,2.0,2.0,2.0,2.0,2.0,1.8571428571428572,1.750000000000007,1.023970818134445
2022-11-23,PROD_022,Gaiam Premium Yoga Block,Wellness,Bloque Yoga,20,False,2,39.4,2022,11,23,Wednesday,2,False,False,False,False,False,False,,False,False,True,False,False,False,47,4,327,38,False,23,False,False,1.0,2.0,1.0,2.0,2.0,2.0,2.0,1.7142857142857142,1.5000000000000036,1.0223144784639335
2022-11-24,PROD_022,Gaiam Premium Yoga Block,Wellness,Bloque Yoga,20,False,2,40.2,2022,11,24,Thursday,3,False,False,False,False,False,False,,False,False,True,False,False,False,47,4,328,37,False,24,False,False,2.0,1.0,2.0,1.0,2.0,2.0,2.0,1.7142857142857142,-0.5000000000000071,1.0405522001725627
2022-11-25,PROD_022,Gaiam Premium Yoga Block,Wellness,Bloque Yoga,20,False,8,152.0,2022,11,25,Friday,4,False,False,True,False,False,False,,True,False,True,False,False,False,47,4,329,36,False,25,False,False,2.0,2.0,1.0,2.0,1.0,2.0,2.0,1.7142857142857142,5.0,1.1413696435722869
2022-11-26,PROD_022,Gaiam Premium Yoga Block,Wellness,Bloque Yoga,20,False,6,115.2,2022,11,26,Saturday,5,True,False,False,True,False,False,,False,False,True,False,False,False,47,4,330,35,False,26,False,False,8.0,2.0,2.0,1.0,2.0,1.0,2.0,2.5714285714285716,4.0000000000000036,0.9849521203830368
2022-11-27,PROD_022,Gaiam Premium Yoga Block,Wellness,Bloque Yoga,20,False,6,115.2,2022,11,27,Sunday,6,True,False,False,False,True,False,,False,False,True,False,False,False,47,4,331,34,False,27,False,False,6.0,8.0,2.0,2.0,1.0,2.0,1.0,3.142857142857143,4.0000000000000036,0.9620845164523133
2022-11-28,PROD_022,Gaiam Premium Yoga Block,Wellness,Bloque Yoga,20,False,5,95.0,2022,11,28,Monday,0,False,True,False,False,False,False,,False,True,True,False,False,False,48,4,332,33,False,28,True,False,6.0,6.0,8.0,2.0,2.0,1.0,2.0,3.857142857142857,5.0,0.9656107064204642
2022-11-29,PROD_022,Gaiam Premium Yoga Block,Wellness,Bloque Yoga,20,False,3,58.2,2022,11,29,Tuesday,1,False,False,False,False,False,False,,False,False,True,False,False,False,48,4,333,32,False,29,True,False,5.0,6.0,6.0,8.0,2.0,2.0,1.0,4.285714285714286,3.000000000000007,0.9984559958826557
2022-11-30,PROD_022,Gaiam Premium Yoga Block,Wellness,Bloque Yoga,20,False,3,58.2,2022,11,30,Wednesday,2,False,False,False,False,False,False,,False,False,True,False,False,False,48,4,334,31,False,30,True,False,3.0,5.0,6.0,6.0,8.0,2.0,2.0,4.571428571428571,3.000000000000007,1.0288138589358315
2023-10-25,PROD_022,Gaiam Premium Yoga Block,Wellness,Bloque Yoga,20,False,1,20.14,2023,10,25,Wednesday,2,False,False,False,False,False,False,,False,False,False,False,False,False,43,4,298,67,True,25,False,False,3.0,3.0,5.0,6.0,6.0,8.0,2.0,4.714285714285714,-0.7000000000000028,1.0572178477690288
2023-10-26,PROD_022,Gaiam Premium Yoga Block,Wellness,Bloque Yoga,20,False,2,40.2,2023,10,26,Thursday,3,False,False,False,False,False,False,,False,False,False,False,False,False,43,4,299,66,True,26,False,False,1.0,3.0,3.0,5.0,6.0,6.0,8.0,4.571428571428571,-0.5000000000000071,0.9968589849561912
2023-10-27,PROD_022,Gaiam Premium Yoga Block,Wellness,Bloque Yoga,20,False,2,40.84,2023,10,27,Friday,4,False,False,True,False,False,False,,False,False,False,False,False,False,43,4,300,65,True,27,False,False,2.0,1.0,3.0,3.0,5.0,6.0,6.0,3.7142857142857144,-2.1000000000000085,1.0462852263023057
2023-10-28,PROD_022,Gaiam Premium Yoga Block,Wellness,Bloque Yoga,20,False,2,39.7,2023,10,28,Saturday,5,True,False,False,True,False,False,,False,False,False,False,False,False,43,4,301,64,True,28,True,False,2.0,2.0,1.0,3.0,3.0,5.0,6.0,3.142857142857143,0.7499999999999929,1.0372757359345062
2023-10-29,PROD_022,Gaiam Premium Yoga Block,Wellness,Bloque Yoga,20,False,2,39.6,2023,10,29,Sunday,6,True,False,False,False,True,False,,False,False,False,False,False,False,43,4,302,63,True,29,True,False,2.0,2.0,2.0,1.0,3.0,3.0,5.0,2.5714285714285716,0.9999999999999963,1.0136518771331058
2023-10-30,PROD_022,Gaiam Premium Yoga Block,Wellness,Bloque Yoga,20,False,2,39.68,2023,10,30,Monday,0,False,True,False,False,False,False,,False,False,False,False,False,False,44,4,303,62,True,30,True,False,2.0,2.0,2.0,2.0,1.0,3.0,3.0,2.142857142857143,0.8000000000000007,0.987883817427386
2023-10-31,PROD_022,Gaiam Premium Yoga Block,Wellness,Bloque Yoga,20,False,1,20.55,2023,10,31,Tuesday,1,False,False,False,False,False,False,,False,False,False,False,False,False,44,4,304,61,True,31,True,False,2.0,2.0,2.0,2.0,2.0,1.0,3.0,2.0,-2.7500000000000036,1.0337022132796783
2023-11-01,PROD_022,Gaiam Premium Yoga Block,Wellness,Bloque Yoga,20,False,1,20.36,2023,11,1,Wednesday,2,False,False,False,False,False,True,Todos los Santos,False,False,True,False,False,False,44,4,305,60,False,1,False,True,1.0,2.0,2.0,2.0,2.0,2.0,1.0,1.7142857142857142,-1.7999999999999972,1.0347281043537184
2023-11-02,PROD_022,Gaiam Premium Yoga Block,Wellness,Bloque Yoga,20,False,1,20.47,2023,11,2,Thursday,3,False,False,False,False,False,False,,False,False,True,False,False,False,44,4,306,59,False,2,False,True,1.0,1.0,2.0,2.0,2.0,2.0,2.0,1.7142857142857142,-2.3499999999999943,1.0211173927502493
2023-11-03,PROD_022,Gaiam Premium Yoga Block,Wellness,Bloque Yoga,20,False,2,39.3,2023,11,3,Friday,4,False,False,True,False,False,False,,False,False,True,False,False,False,44,4,307,58,False,3,False,True,1.0,1.0,1.0,2.0,2.0,2.0,2.0,1.5714285714285714,1.750000000000007,1.0266457680250782
2023-11-04,PROD_022,Gaiam Premium Yoga Block,Wellness,Bloque Yoga,20,False,2,40.2,2023,11,4,Saturday,5,True,False,False,True,False,False,,False,False,True,False,False,False,44,4,308,57,False,4,False,False,2.0,1.0,1.0,1.0,2.0,2.0,2.0,1.5714285714285714,-0.5000000000000071,1.0425311203319503
2023-11-05,PROD_022,Gaiam Premium Yoga Block,Wellness,Bloque Yoga,20,False,2,40.72,2023,11,5,Sunday,6,True,False,False,False,True,False,,False,False,True,False,False,False,44,4,309,56,False,5,False,False,2.0,2.0,1.0,1.0,1.0,2.0,2.0,1.5714285714285714,-1.7999999999999972,1.06207616066771
2023-11-06,PROD_022,Gaiam Premium Yoga Block,Wellness,Bloque Yoga,20,False,1,19.83,2023,11,6,Monday,0,False,True,False,False,False,False,,False,False,True,False,False,False,45,4,310,55,False,6,False,False,2.0,2.0,2.0,1.0,1.0,1.0,2.0,1.5714285714285714,0.8500000000000085,1.054039688164422
2023-11-07,PROD_022,Gaiam Premium Yoga Block,Wellness,Bloque Yoga,20,False,1,20.33,2023,11,7,Tuesday,1,False,False,False,False,False,False,,False,False,True,False,False,False,45,4,311,54,False,7,False,False,1.0,2.0,2.0,2.0,1.0,1.0,1.0,1.4285714285714286,-1.6499999999999915,1.0804251550044286
2023-11-08,PROD_022,Gaiam Premium Yoga Block,Wellness,Bloque Yoga,20,False,2,39.4,2023,11,8,Wednesday,2,False,False,False,False,False,False,,False,False,True,False,False,False,45,4,312,53,False,8,False,False,1.0,1.0,2.0,2.0,2.0,1.0,1.0,1.4285714285714286,1.5000000000000036,0.9714003944773176
2023-11-09,PROD_022,Gaiam Premium Yoga Block,Wellness,Bloque Yoga,20,False,1,20.36,2023,11,9,Thursday,3,False,False,False,False,False,False,,False,False,True,False,False,False,45,4,313,52,False,9,False,False,2.0,1.0,1.0,2.0,2.0,2.0,1.0,1.5714285714285714,-1.7999999999999972,1.0444596443228453
2023-11-10,PROD_022,Gaiam Premium Yoga Block,Wellness,Bloque Yoga,20,False,2,40.68,2023,11,10,Friday,4,False,False,True,False,False,False,,False,False,True,False,False,False,45,4,314,51,False,10,False,False,1.0,2.0,1.0,1.0,2.0,2.0,2.0,1.5714285714285714,-1.6999999999999995,1.0495356037151704
2023-11-11,PROD_022,Gaiam Premium Yoga Block,Wellness,Bloque Yoga,20,False,2,40.38,2023,11,11,Saturday,5,True,False,False,True,False,False,,False,False,True,False,False,False,45,4,315,50,False,11,False,False,2.0,1.0,2.0,1.0,1.0,2.0,2.0,1.5714285714285714,-0.9500000000000064,1.0144029475799698
2023-11-12,PROD_022,Gaiam Premium Yoga Block,Wellness,Bloque Yoga,20,False,2,40.78,2023,11,12,Sunday,6,True,False,False,False,True,False,,False,False,True,False,False,False,45,4,316,49,False,12,False,False,2.0,2.0,1.0,2.0,1.0,1.0,2.0,1.5714285714285714,-1.9500000000000028,1.0360772357723578
2023-11-13,PROD_022,Gaiam Premium Yoga Block,Wellness,Bloque Yoga,20,False,2,39.24,2023,11,13,Monday,0,False,True,False,False,False,False,,False,False,True,False,False,False,46,4,317,48,False,13,False,False,2.0,2.0,2.0,1.0,2.0,1.0,1.0,1.5714285714285714,1.899999999999995,1.0183391003460207
2023-11-14,PROD_022,Gaiam Premium Yoga Block,Wellness,Bloque Yoga,20,False,1,19.62,2023,11,14,Tuesday,1,False,False,False,False,False,False,,False,False,True,False,False,False,46,4,318,47,False,14,False,False,2.0,2.0,2.0,2.0,1.0,2.0,1.0,1.7142857142857142,1.899999999999995,1.0306426195062162
2023-11-15,PROD_022,Gaiam Premium Yoga Block,Wellness,Bloque Yoga,20,False,2,40.04,2023,11,15,Wednesday,2,False,False,False,False,False,False,,False,False,True,False,False,False,46,4,319,46,False,15,False,False,1.0,2.0,2.0,2.0,2.0,1.0,2.0,1.7142857142857142,-0.09999999999999788,1.0428893905191872
2023-11-16,PROD_022,Gaiam Premium Yoga Block,Wellness,Bloque Yoga,20,False,2,39.5,2023,11,16,Thursday,3,False,False,False,False,False,False,,False,False,True,False,False,False,46,4,320,45,False,16,False,False,2.0,1.0,2.0,2.0,2.0,2.0,1.0,1.7142857142857142,1.25,1.0497873848334516
2023-11-17,PROD_022,Gaiam Premium Yoga Block,Wellness,Bloque Yoga,20,False,2,41.1,2023,11,17,Friday,4,False,False,True,False,False,False,,False,False,True,False,False,False,46,4,321,44,False,17,False,False,2.0,2.0,1.0,2.0,2.0,2.0,2.0,1.8571428571428572,-2.7500000000000036,1.0498978201634876
2023-11-18,PROD_022,Gaiam Premium Yoga Block,Wellness,Bloque Yoga,20,False,2,40.82,2023,11,18,Saturday,5,True,False,False,True,False,False,,False,False,True,False,False,False,46,4,322,43,False,18,False,False,2.0,2.0,2.0,1.0,2.0,2.0,2.0,1.8571428571428572,-2.0500000000000007,1.0420353982300885
2023-11-19,PROD_022,Gaiam Premium Yoga Block,Wellness,Bloque Yoga,20,False,1,20.49,2023,11,19,Sunday,6,True,False,False,False,True,False,,False,False,True,False,False,False,46,4,323,42,False,19,False,False,2.0,2.0,2.0,2.0,1.0,2.0,2.0,1.8571428571428572,-2.449999999999992,1.0596448888122738
2023-11-20,PROD_022,Gaiam Premium Yoga Block,Wellness,Bloque Yoga,20,False,1,20.55,2023,11,20,Monday,0,False,True,False,False,False,False,,False,False,True,False,False,False,47,4,324,41,False,20,False,False,1.0,2.0,2.0,2.0,2.0,1.0,2.0,1.7142857142857142,-2.7500000000000036,1.0779856618289911
2023-11-21,PROD_022,Gaiam Premium Yoga Block,Wellness,Bloque Yoga,20,False,2,40.56,2023,11,21,Tuesday,1,False,False,False,False,False,False,,False,False,True,False,False,False,47,4,325,40,False,21,False,False,1.0,1.0,2.0,2.0,2.0,2.0,1.0,1.5714285714285714,-1.4000000000000057,0.9968867769949206
2023-11-22,PROD_022,Gaiam Premium Yoga Block,Wellness,Bloque Yoga,20,False,2,39.42,2023,11,22,Wednesday,2,False,False,False,False,False,False,,False,False,True,False,False,False,47,4,326,39,False,22,False,False,2.0,1.0,1.0,2.0,2.0,2.0,2.0,1.7142857142857142,1.4499999999999957,1.0182538315825729
2023-11-23,PROD_022,Gaiam Premium Yoga Block,Wellness,Bloque Yoga,20,False,2,39.5,2023,11,23,Thursday,3,False,False,False,False,False,False,,False,False,True,False,False,False,47,4,327,38,False,23,False,False,2.0,2.0,1.0,1.0,2.0,2.0,2.0,1.7142857142857142,1.25,0.9889834752128192
2023-11-24,PROD_022,Gaiam Premium Yoga Block,Wellness,Bloque Yoga,20,False,8,152.0,2023,11,24,Friday,4,False,False,True,False,False,False,,True,False,True,False,False,False,47,4,328,37,False,24,False,False,2.0,2.0,2.0,1.0,1.0,2.0,2.0,1.7142857142857142,5.0,1.0846812559467174
2023-11-25,PROD_022,Gaiam Premium Yoga Block,Wellness,Bloque Yoga,20,False,7,134.4,2023,11,25,Saturday,5,True,False,False,True,False,False,,False,False,True,False,False,False,47,4,329,36,False,25,False,False,8.0,2.0,2.0,2.0,1.0,1.0,2.0,2.5714285714285716,4.0000000000000036,1.006816990036707
2023-11-26,PROD_022,Gaiam Premium Yoga Block,Wellness,Bloque Yoga,20,False,8,153.6,2023,11,26,Sunday,6,True,False,False,False,True,False,,False,False,True,False,False,False,47,4,330,35,False,26,False,False,7.0,8.0,2.0,2.0,2.0,1.0,1.0,3.2857142857142856,4.0000000000000036,0.9792587555253316
2023-11-27,PROD_022,Gaiam Premium Yoga Block,Wellness,Bloque Yoga,20,False,7,133.0,2023,11,27,Monday,0,False,True,False,False,False,False,,False,True,True,False,False,False,48,4,331,34,False,27,False,False,8.0,7.0,8.0,2.0,2.0,2.0,1.0,4.285714285714286,5.0,0.9793814432989689
2023-11-28,PROD_022,Gaiam Premium Yoga Block,Wellness,Bloque Yoga,20,False,4,77.6,2023,11,28,Tuesday,1,False,False,False,False,False,False,,False,False,True,False,False,False,48,4,332,33,False,28,True,False,7.0,8.0,7.0,8.0,2.0,2.0,2.0,5.142857142857143,3.000000000000007,0.9750376947562406
2023-11-29,PROD_022,Gaiam Premium Yoga Block,Wellness,Bloque Yoga,20,False,3,58.2,2023,11,29,Wednesday,2,False,False,False,False,False,False,,False,False,True,False,False,False,48,4,333,32,False,29,True,False,4.0,7.0,8.0,7.0,8.0,2.0,2.0,5.428571428571429,3.000000000000007,0.9979423868312756
2023-11-30,PROD_022,Gaiam Premium Yoga Block,Wellness,Bloque Yoga,20,False,1,20.39,2023,11,30,Thursday,3,False,False,False,False,False,False,,False,False,True,False,False,False,48,4,334,31,False,30,True,False,3.0,4.0,7.0,8.0,7.0,8.0,2.0,5.571428571428571,-1.9500000000000028,1.0282400403429148
2024-10-25,PROD_022,Gaiam Premium Yoga Block,Wellness,Bloque Yoga,20,False,2,40.7,2024,10,25,Friday,4,False,False,True,False,False,False,,False,False,False,False,False,False,43,4,299,67,True,25,False,False,1.0,3.0,4.0,7.0,8.0,7.0,8.0,5.428571428571429,-1.750000000000007,1.0347457627118644
2024-10-26,PROD_022,Gaiam Premium Yoga Block,Wellness,Bloque Yoga,20,False,2,40.42,2024,10,26,Saturday,5,True,False,False,True,False,False,,False,False,False,False,False,False,43,4,300,66,True,26,False,False,2.0,1.0,3.0,4.0,7.0,8.0,7.0,4.571428571428571,-1.0500000000000043,1.040679711637487
2024-10-27,PROD_022,Gaiam Premium Yoga Block,Wellness,Bloque Yoga,20,False,2,40.48,2024,10,27,Sunday,6,True,False,False,False,True,False,,False,False,False,False,False,False,43,4,301,65,True,27,False,False,2.0,2.0,1.0,3.0,4.0,7.0,8.0,3.857142857142857,-1.1999999999999922,1.0260223048327137
2024-10-28,PROD_022,Gaiam Premium Yoga Block,Wellness,Bloque Yoga,20,False,2,41.1,2024,10,28,Monday,0,False,True,False,False,False,False,,False,False,False,False,False,False,44,4,302,64,True,28,True,False,2.0,2.0,2.0,1.0,3.0,4.0,7.0,3.0,-2.7500000000000036,1.0378787878787878
2024-10-29,PROD_022,Gaiam Premium Yoga Block,Wellness,Bloque Yoga,20,False,2,40.06,2024,10,29,Tuesday,1,False,False,False,False,False,False,,False,False,False,False,False,False,44,4,303,63,True,29,True,False,2.0,2.0,2.0,2.0,1.0,3.0,4.0,2.2857142857142856,-0.15000000000000568,1.032296856210273
2024-10-30,PROD_022,Gaiam Premium Yoga Block,Wellness,Bloque Yoga,20,False,1,20.47,2024,10,30,Wednesday,2,False,False,False,False,False,False,,False,False,False,False,False,False,44,4,304,62,True,30,True,False,2.0,2.0,2.0,2.0,2.0,1.0,3.0,2.0,-2.3499999999999943,1.0016310552927743
2024-10-31,PROD_022,Gaiam Premium Yoga Block,Wellness,Bloque Yoga,20,False,1,20.13,2024,10,31,Thursday,3,False,False,False,False,False,False,,False,False,False,False,False,False,44,4,305,61,True,31,True,False,1.0,2.0,2.0,2.0,2.0,2.0,1.0,1.7142857142857142,-0.649999999999995,1.0085170340681362
2024-11-01,PROD_022,Gaiam Premium Yoga Block,Wellness,Bloque Yoga,20,False,2,40.34,2024,11,1,Friday,4,False,False,True,False,False,True,Todos los Santos,False,False,True,False,False,False,44,4,306,60,False,1,False,True,1.0,1.0,2.0,2.0,2.0,2.0,2.0,1.7142857142857142,-0.8500000000000085,1.0261149737154487
2024-11-02,PROD_022,Gaiam Premium Yoga Block,Wellness,Bloque Yoga,20,False,2,40.54,2024,11,2,Saturday,5,True,False,False,True,False,False,,False,False,True,False,False,False,44,4,307,59,False,2,False,True,2.0,1.0,1.0,2.0,2.0,2.0,2.0,1.7142857142857142,-1.3499999999999979,1.034359584963429
2024-11-03,PROD_022,Gaiam Premium Yoga Block,Wellness,Bloque Yoga,20,False,2,40.9,2024,11,3,Sunday,6,True,False,False,False,True,False,,False,False,True,False,False,False,44,4,308,58,False,3,False,True,2.0,2.0,1.0,1.0,2.0,2.0,2.0,1.7142857142857142,-2.2499999999999964,1.0162332284247144
2024-11-04,PROD_022,Gaiam Premium Yoga Block,Wellness,Bloque Yoga,20,False,2,39.4,2024,11,4,Monday,0,False,True,False,False,False,False,,False,False,True,False,False,False,45,4,309,57,False,4,False,False,2.0,2.0,2.0,1.0,1.0,2.0,2.0,1.7142857142857142,1.5000000000000036,1.0430638898693965
2024-11-05,PROD_022,Gaiam Premium Yoga Block,Wellness,Bloque Yoga,20,False,1,19.65,2024,11,5,Tuesday,1,False,False,False,False,False,False,,False,False,True,False,False,False,45,4,310,56,False,5,False,False,2.0,2.0,2.0,2.0,1.0,1.0,2.0,1.7142857142857142,1.750000000000007,1.0153289700310022
2024-11-06,PROD_022,Gaiam Premium Yoga Block,Wellness,Bloque Yoga,20,False,2,40.68,2024,11,6,Wednesday,2,False,False,False,False,False,False,,False,False,True,False,False,False,45,4,311,55,False,6,False,False,1.0,2.0,2.0,2.0,2.0,1.0,1.0,1.5714285714285714,-1.6999999999999995,1.056806373397991
2024-11-07,PROD_022,Gaiam Premium Yoga Block,Wellness,Bloque Yoga,20,False,2,39.54,2024,11,7,Thursday,3,False,False,False,False,False,False,,False,False,True,False,False,False,45,4,312,54,False,7,False,False,2.0,1.0,2.0,2.0,2.0,2.0,1.0,1.7142857142857142,1.1500000000000021,0.994466800804829
2024-11-08,PROD_022,Gaiam Premium Yoga Block,Wellness,Bloque Yoga,20,False,2,40.64,2024,11,8,Friday,4,False,False,True,False,False,False,,False,False,True,False,False,False,45,4,313,53,False,8,False,False,2.0,2.0,1.0,2.0,2.0,2.0,2.0,1.8571428571428572,-1.6000000000000014,1.0535776011061182
2024-11-09,PROD_022,Gaiam Premium Yoga Block,Wellness,Bloque Yoga,20,False,2,39.9,2024,11,9,Saturday,5,True,False,False,True,False,False,,False,False,True,False,False,False,45,4,314,52,False,9,False,False,2.0,2.0,2.0,1.0,2.0,2.0,2.0,1.8571428571428572,0.25000000000000355,0.9956745965729497
2024-11-10,PROD_022,Gaiam Premium Yoga Block,Wellness,Bloque Yoga,20,False,2,41.18,2024,11,10,Sunday,6,True,False,False,False,True,False,,False,False,True,False,False,False,45,4,315,51,False,10,False,False,2.0,2.0,2.0,2.0,1.0,2.0,2.0,1.8571428571428572,-2.9499999999999993,1.0281291611185086
2024-11-11,PROD_022,Gaiam Premium Yoga Block,Wellness,Bloque Yoga,20,False,1,20.32,2024,11,11,Monday,0,False,True,False,False,False,False,,False,False,True,False,False,False,46,4,316,50,False,11,False,False,2.0,2.0,2.0,2.0,2.0,1.0,2.0,1.8571428571428572,-1.6000000000000014,1.0052770448548811
2024-11-12,PROD_022,Gaiam Premium Yoga Block,Wellness,Bloque Yoga,20,False,1,20.56,2024,11,12,Tuesday,1,False,False,False,False,False,False,,False,False,True,False,False,False,46,4,317,49,False,12,False,False,1.0,2.0,2.0,2.0,2.0,2.0,1.0,1.7142857142857142,-2.7999999999999936,1.0760642009769712
2024-11-13,PROD_022,Gaiam Premium Yoga Block,Wellness,Bloque Yoga,20,False,2,40.94,2024,11,13,Wednesday,2,False,False,False,False,False,False,,False,False,True,False,False,False,46,4,318,48,False,13,False,False,1.0,1.0,2.0,2.0,2.0,2.0,2.0,1.7142857142857142,-2.3499999999999943,1.0433231396534148
2024-11-14,PROD_022,Gaiam Premium Yoga Block,Wellness,Bloque Yoga,20,False,1,20.37,2024,11,14,Thursday,3,False,False,False,False,False,False,,False,False,True,False,False,False,46,4,319,47,False,14,False,False,2.0,1.0,1.0,2.0,2.0,2.0,2.0,1.7142857142857142,-1.8500000000000052,1.0598335067637878
2024-11-15,PROD_022,Gaiam Premium Yoga Block,Wellness,Bloque Yoga,20,False,2,38.94,2024,11,15,Friday,4,False,False,True,False,False,False,,False,False,True,False,False,False,46,4,320,46,False,15,False,False,1.0,2.0,1.0,1.0,2.0,2.0,2.0,1.5714285714285714,2.6500000000000057,1.023121387283237
2024-11-16,PROD_022,Gaiam Premium Yoga Block,Wellness,Bloque Yoga,20,False,2,40.86,2024,11,16,Saturday,5,True,False,False,True,False,False,,False,False,True,False,False,False,46,4,321,45,False,16,False,False,2.0,1.0,2.0,1.0,1.0,2.0,2.0,1.5714285714285714,-2.1499999999999986,1.0087228439763003
2024-11-17,PROD_022,Gaiam Premium Yoga Block,Wellness,Bloque Yoga,20,False,2,38.8,2024,11,17,Sunday,6,True,False,False,False,True,False,,False,False,True,False,False,False,46,4,322,44,False,17,False,False,2.0,2.0,1.0,2.0,1.0,1.0,2.0,1.5714285714285714,3.000000000000007,1.0333806818181817
2024-11-18,PROD_022,Gaiam Premium Yoga Block,Wellness,Bloque Yoga,20,False,1,19.99,2024,11,18,Monday,0,False,True,False,False,False,False,,False,False,True,False,False,False,47,4,323,43,False,18,False,False,2.0,2.0,2.0,1.0,2.0,1.0,1.0,1.5714285714285714,0.050000000000007816,1.041145833333333
2024-11-19,PROD_022,Gaiam Premium Yoga Block,Wellness,Bloque Yoga,20,False,2,40.54,2024,11,19,Tuesday,1,False,False,False,False,False,False,,False,False,True,False,False,False,47,4,324,42,False,19,False,False,1.0,2.0,2.0,2.0,1.0,2.0,1.0,1.5714285714285714,-1.3499999999999979,1.0841504724549829
2024-11-20,PROD_022,Gaiam Premium Yoga Block,Wellness,Bloque Yoga,20,False,1,19.85,2024,11,20,Wednesday,2,False,False,False,False,False,False,,False,False,True,False,False,False,47,4,325,41,False,20,False,False,2.0,1.0,2.0,2.0,2.0,1.0,2.0,1.7142857142857142,0.7499999999999929,1.011207335710647
2024-11-21,PROD_022,Gaiam Premium Yoga Block,Wellness,Bloque Yoga,20,False,1,19.76,2024,11,21,Thursday,3,False,False,False,False,False,False,,False,False,True,False,False,False,47,4,326,40,False,21,False,False,1.0,2.0,1.0,2.0,2.0,2.0,1.0,1.5714285714285714,1.1999999999999922,1.0329325666492422
2024-11-22,PROD_022,Gaiam Premium Yoga Block,Wellness,Bloque Yoga,20,False,2,40.54,2024,11,22,Friday,4,False,False,True,False,False,False,,False,False,True,False,False,False,47,4,327,39,False,22,False,False,1.0,1.0,2.0,1.0,2.0,2.0,2.0,1.5714285714285714,-1.3499999999999979,1.0749513876613046
2024-11-23,PROD_022,Gaiam Premium Yoga Block,Wellness,Bloque Yoga,20,False,2,40.38,2024,11,23,Saturday,5,True,False,False,True,False,False,,False,False,True,False,False,False,47,4,328,38,False,23,False,False,2.0,1.0,1.0,2.0,1.0,2.0,2.0,1.5714285714285714,-0.9500000000000064,1.0159342502515936
2024-11-24,PROD_022,Gaiam Premium Yoga Block,Wellness,Bloque Yoga,20,False,2,40.3,2024,11,24,Sunday,6,True,False,False,False,True,False,,False,False,True,False,False,False,47,4,329,37,False,24,False,False,2.0,2.0,1.0,1.0,2.0,1.0,2.0,1.5714285714285714,-0.7499999999999929,1.0319221577330147
2024-11-25,PROD_022,Gaiam Premium Yoga Block,Wellness,Bloque Yoga,20,False,2,38.88,2024,11,25,Monday,0,False,True,False,False,False,False,,False,False,True,False,False,False,48,4,330,36,False,25,False,False,2.0,2.0,2.0,1.0,1.0,2.0,1.0,1.5714285714285714,2.7999999999999936,0.9631709331131297
2024-11-26,PROD_022,Gaiam Premium Yoga Block,Wellness,Bloque Yoga,20,False,2,41.06,2024,11,26,Tuesday,1,False,False,False,False,False,False,,False,False,True,False,False,False,48,4,331,35,False,26,False,False,2.0,2.0,2.0,2.0,1.0,1.0,2.0,1.7142857142857142,-2.6500000000000057,1.0835679099225897
2024-11-27,PROD_022,Gaiam Premium Yoga Block,Wellness,Bloque Yoga,20,False,3,61.5,2024,11,27,Wednesday,2,False,False,False,False,False,False,,False,False,True,False,False,False,48,4,332,34,False,27,False,False,2.0,2.0,2.0,2.0,2.0,1.0,1.0,1.7142857142857142,-2.5,1.0334397580238615
2024-11-28,PROD_022,Gaiam Premium Yoga Block,Wellness,Bloque Yoga,20,False,2,39.14,2024,11,28,Thursday,3,False,False,False,False,False,False,,False,False,True,False,False,False,48,4,333,33,False,28,True,False,3.0,2.0,2.0,2.0,2.0,2.0,1.0,2.0,2.1499999999999986,0.9993191489361702
2024-11-29,PROD_022,Gaiam Premium Yoga Block,Wellness,Bloque Yoga,20,False,8,152.0,2024,11,29,Friday,4,False,False,True,False,False,False,,True,False,True,False,False,False,48,4,334,32,False,29,True,False,2.0,3.0,2.0,2.0,2.0,2.0,2.0,2.142857142857143,5.0,1.085094231867504
2024-11-30,PROD_022,Gaiam Premium Yoga Block,Wellness,Bloque Yoga,20,False,9,172.8,2024,11,30,Saturday,5,True,False,False,True,False,False,,False,False,True,False,False,False,48,4,335,31,False,30,True,False,8.0,2.0,3.0,2.0,2.0,2.0,2.0,3.0,4.0000000000000036,0.9883321894303363
2021-11-01,PROD_023,Liforme Yoga Pad,Wellness,Rodillera Yoga,35,False,1,34.48,2021,11,1,Monday,0,False,True,False,False,False,True,Todos los Santos,False,False,True,False,False,False,44,4,305,60,False,1,False,True,1.0,1.0,1.0,1.0,1.0,1.0,1.0,1.0,1.4857142857142946,1.0233478432924414
2021-11-02,PROD_023,Liforme Yoga Pad,Wellness,Rodillera Yoga,35,False,1,35.9,2021,11,2,Tuesday,1,False,False,False,False,False,False,,False,False,True,False,False,False,44,4,306,59,False,2,False,True,1.0,1.0,1.0,1.0,1.0,1.0,1.0,1.0,-2.571428571428567,1.042089985486212
2021-11-03,PROD_023,Liforme Yoga Pad,Wellness,Rodillera Yoga,35,False,1,33.97,2021,11,3,Wednesday,2,False,False,False,False,False,False,,False,False,True,False,False,False,44,4,307,58,False,3,False,True,1.0,1.0,1.0,1.0,1.0,1.0,1.0,1.0,2.942857142857146,1.0096096691103624
2021-11-04,PROD_023,Liforme Yoga Pad,Wellness,Rodillera Yoga,35,False,1,35.61,2021,11,4,Thursday,3,False,False,False,False,False,False,,False,False,True,False,False,False,44,4,308,57,False,4,False,False,1.0,1.0,1.0,1.0,1.0,1.0,1.0,1.0,-1.742857142857141,1.0467372134038802
2021-11-05,PROD_023,Liforme Yoga Pad,Wellness,Rodillera Yoga,35,False,1,35.96,2021,11,5,Friday,4,False,False,True,False,False,False,,False,False,True,False,False,False,44,4,309,56,False,5,False,False,1.0,1.0,1.0,1.0,1.0,1.0,1.0,1.0,-2.742857142857145,1.0670623145400595
2021-11-06,PROD_023,Liforme Yoga Pad,Wellness,Rodillera Yoga,35,False,2,68.6,2021,11,6,Saturday,5,True,False,False,True,False,False,,False,False,True,False,False,False,44,4,310,55,False,6,False,False,1.0,1.0,1.0,1.0,1.0,1.0,1.0,1.0,2.000000000000008,1.0298238590872697
2021-11-07,PROD_023,Liforme Yoga Pad,Wellness,Rodillera Yoga,35,False,1,35.62,2021,11,7,Sunday,6,True,False,False,False,True,False,,False,False,True,False,False,False,44,4,311,54,False,7,False,False,2.0,1.0,1.0,1.0,1.0,1.0,1.0,1.1428571428571428,-1.771428571428564,1.0604346531705866
2021-11-08,PROD_023,Liforme Yoga Pad,Wellness,Rodillera Yoga,35,False,1,34.9,2021,11,8,Monday,0,False,True,False,False,False,False,,False,False,True,False,False,False,45,4,312,53,False,8,False,False,1.0,2.0,1.0,1.0,1.0,1.0,1.0,1.1428571428571428,0.2857142857142898,1.0286893299272941
2021-11-09,PROD_023,Liforme Yoga Pad,Wellness,Rodillera Yoga,35,False,1,33.99,2021,11,9,Tuesday,1,False,False,False,False,False,False,,False,False,True,False,False,False,45,4,313,52,False,9,False,False,1.0,1.0,2.0,1.0,1.0,1.0,1.0,1.1428571428571428,2.88571428571428,0.9905770351661161
2021-11-10,PROD_023,Liforme Yoga Pad,Wellness,Rodillera Yoga,35,False,1,34.17,2021,11,10,Wednesday,2,False,False,False,False,False,False,,False,False,True,False,False,False,45,4,314,51,False,10,False,False,1.0,1.0,1.0,2.0,1.0,1.0,1.0,1.1428571428571428,2.3714285714285666,1.0035242290748898
2021-11-11,PROD_023,Liforme Yoga Pad,Wellness,Rodillera Yoga,35,False,1,35.67,2021,11,11,Thursday,3,False,False,False,False,False,False,,False,False,True,False,False,False,45,4,315,50,False,11,False,False,1.0,1.0,1.0,1.0,2.0,1.0,1.0,1.1428571428571428,-1.914285714285719,1.0565758293838863
2021-11-12,PROD_023,Liforme Yoga Pad,Wellness,Rodillera Yoga,35,False,1,35.87,2021,11,12,Friday,4,False,False,True,False,False,False,,False,False,True,False,False,False,45,4,316,49,False,12,False,False,1.0,1.0,1.0,1.0,1.0,2.0,1.0,1.1428571428571428,-2.485714285714278,1.0459758942457231
2021-11-13,PROD_023,Liforme Yoga Pad,Wellness,Rodillera Yoga,35,False,2,70.18,2021,11,13,Saturday,5,True,False,False,True,False,False,,False,False,True,False,False,False,45,4,317,48,False,13,False,False,1.0,1.0,1.0,1.0,1.0,1.0,2.0,1.1428571428571428,-0.2571428571428669,1.048714883442917
2021-11-14,PROD_023,Liforme Yoga Pad,Wellness,Rodillera Yoga,35,False,1,34.55,2021,11,14,Sunday,6,True,False,False,False,True,False,,False,False,True,False,False,False,45,4,318,47,False,14,False,False,2.0,1.0,1.0,1.0,1.0,1.0,1.0,1.1428571428571428,1.2857142857142938,0.9938632658931821
2021-11-15,PROD_023,Liforme Yoga Pad,Wellness,Rodillera Yoga,35,False,1,34.11,2021,11,15,Monday,0,False,True,False,False,False,False,,False,False,True,False,False,False,46,4,319,46,False,15,False,False,1.0,2.0,1.0,1.0,1.0,1.0,1.0,1.1428571428571428,2.5428571428571445,0.9782047605391454
2021-11-16,PROD_023,Liforme Yoga Pad,Wellness,Rodillera Yoga,35,False,1,34.25,2021,11,16,Tuesday,1,False,False,False,False,False,False,,False,False,True,False,False,False,46,4,320,45,False,16,False,False,1.0,1.0,2.0,1.0,1.0,1.0,1.0,1.1428571428571428,2.142857142857143,1.040611707514685
2021-11-17,PROD_023,Liforme Yoga Pad,Wellness,Rodillera Yoga,35,False,1,35.56,2021,11,17,Wednesday,2,False,False,False,False,False,False,,False,False,True,False,False,False,46,4,321,44,False,17,False,False,1.0,1.0,1.0,2.0,1.0,1.0,1.0,1.1428571428571428,-1.6000000000000065,1.0571796650480627
2021-11-18,PROD_023,Liforme Yoga Pad,Wellness,Rodillera Yoga,35,False,1,34.21,2021,11,18,Thursday,3,False,False,False,False,False,False,,False,False,True,False,False,False,46,4,322,43,False,18,False,False,1.0,1.0,1.0,1.0,2.0,1.0,1.0,1.1428571428571428,2.257142857142855,1.0246605431309905
2021-11-19,PROD_023,Liforme Yoga Pad,Wellness,Rodillera Yoga,35,False,1,34.26,2021,11,19,Friday,4,False,False,True,False,False,False,,False,False,True,False,False,False,46,4,323,42,False,19,False,False,1.0,1.0,1.0,1.0,1.0,2.0,1.0,1.1428571428571428,2.11428571428572,1.0261581469648562
2021-11-20,PROD_023,Liforme Yoga Pad,Wellness,Rodillera Yoga,35,False,2,67.94,2021,11,20,Saturday,5,True,False,False,True,False,False,,False,False,True,False,False,False,46,4,324,41,False,20,False,False,1.0,1.0,1.0,1.0,1.0,1.0,2.0,1.1428571428571428,2.942857142857146,1.0179802217560683
2021-11-21,PROD_023,Liforme Yoga Pad,Wellness,Rodillera Yoga,35,False,2,71.66,2021,11,21,Sunday,6,True,False,False,False,True,False,,False,False,True,False,False,False,46,4,325,40,False,21,False,False,2.0,1.0,1.0,1.0,1.0,1.0,1.0,1.1428571428571428,-2.3714285714285666,1.0389522520780978
2021-11-22,PROD_023,Liforme Yoga Pad,Wellness,Rodillera Yoga,35,False,1,35.64,2021,11,22,Monday,0,False,True,False,False,False,False,,False,False,True,False,False,False,47,4,326,39,False,22,False,False,2.0,2.0,1.0,1.0,1.0,1.0,1.0,1.2857142857142858,-1.82857142857143,1.0206185567010309
2021-11-23,PROD_023,Liforme Yoga Pad,Wellness,Rodillera Yoga,35,False,2,70.86,2021,11,23,Tuesday,1,False,False,False,False,False,False,,False,False,True,False,False,False,47,4,327,38,False,23,False,False,1.0,2.0,2.0,1.0,1.0,1.0,1.0,1.2857142857142858,-1.2285714285714278,1.0949830019573505
2021-11-24,PROD_023,Liforme Yoga Pad,Wellness,Rodillera Yoga,35,False,1,34.86,2021,11,24,Wednesday,2,False,False,False,False,False,False,,False,False,True,False,False,False,47,4,328,37,False,24,False,False,2.0,1.0,2.0,2.0,1.0,1.0,1.0,1.4285714285714286,0.40000000000000163,0.9943900351811353
2021-11-25,PROD_023,Liforme Yoga Pad,Wellness,Rodillera Yoga,35,False,2,69.58,2021,11,25,Thursday,3,False,False,False,False,False,False,,False,False,True,False,False,False,47,4,329,36,False,25,False,False,1.0,2.0,1.0,2.0,2.0,1.0,1.0,1.4285714285714286,0.6000000000000024,1.0251448777133876
2021-11-26,PROD_023,Liforme Yoga Pad,Wellness,Rodillera Yoga,35,False,7,232.75,2021,11,26,Friday,4,False,False,True,False,False,False,,True,False,True,False,False,False,47,4,330,35,False,26,False,False,2.0,1.0,2.0,1.0,2.0,2.0,1.0,1.5714285714285714,5.0,1.0809492847854356
2021-11-27,PROD_023,Liforme Yoga Pad,Wellness,Rodillera Yoga,35,False,6,201.6,2021,11,27,Saturday,5,True,False,False,True,False,False,,False,False,True,False,False,False,47,4,331,34,False,27,False,False,7.0,2.0,1.0,2.0,1.0,2.0,2.0,2.4285714285714284,3.999999999999996,0.9893992932862191
2021-11-28,PROD_023,Liforme Yoga Pad,Wellness,Rodillera Yoga,35,False,5,168.0,2021,11,28,Sunday,6,True,False,False,False,True,False,,False,False,True,False,False,False,47,4,332,33,False,28,True,False,6.0,7.0,2.0,1.0,2.0,1.0,2.0,3.0,3.999999999999996,0.975137854309761
2021-11-29,PROD_023,Liforme Yoga Pad,Wellness,Rodillera Yoga,35,False,6,199.5,2021,11,29,Monday,0,False,True,False,False,False,False,,False,True,True,False,False,False,48,4,333,32,False,29,True,False,5.0,6.0,7.0,2.0,1.0,2.0,1.0,3.4285714285714284,5.0,0.9410377358490566
2021-11-30,PROD_023,Liforme Yoga Pad,Wellness,Rodillera Yoga,35,False,3,101.85,2021,11,30,Tuesday,1,False,False,False,False,False,False,,False,False,True,False,False,False,48,4,334,31,False,30,True,False,6.0,5.0,6.0,7.0,2.0,1.0,2.0,4.142857142857143,2.999999999999992,1.000589448865311
2022-10-25,PROD_023,Liforme Yoga Pad,Wellness,Rodillera Yoga,35,False,1,34.64,2022,10,25,Tuesday,1,False,False,False,False,False,False,,False,False,False,False,False,False,43,4,298,67,True,25,False,False,3.0,6.0,5.0,6.0,7.0,2.0,1.0,4.285714285714286,1.028571428571427,0.9850236966824646
2022-10-26,PROD_023,Liforme Yoga Pad,Wellness,Rodillera Yoga,35,False,1,35.5,2022,10,26,Wednesday,2,False,False,False,False,False,False,,False,False,False,False,False,False,43,4,299,66,True,26,False,False,1.0,3.0,6.0,5.0,6.0,7.0,2.0,4.285714285714286,-1.4285714285714286,1.0241369362438695
2022-10-27,PROD_023,Liforme Yoga Pad,Wellness,Rodillera Yoga,35,False,1,34.26,2022,10,27,Thursday,3,False,False,False,False,False,False,,False,False,False,False,False,False,43,4,300,65,True,27,False,False,1.0,1.0,3.0,6.0,5.0,6.0,7.0,4.142857142857143,2.11428571428572,0.9855211429667274
2022-10-28,PROD_023,Liforme Yoga Pad,Wellness,Rodillera Yoga,35,False,1,35.14,2022,10,28,Friday,4,False,False,True,False,False,False,,False,False,False,False,False,False,43,4,301,64,True,28,True,False,1.0,1.0,1.0,3.0,6.0,5.0,6.0,3.2857142857142856,-0.40000000000000163,1.0550440352281827
2022-10-29,PROD_023,Liforme Yoga Pad,Wellness,Rodillera Yoga,35,False,2,71.46,2022,10,29,Saturday,5,True,False,False,True,False,False,,False,False,False,False,False,False,43,4,302,63,True,29,True,False,1.0,1.0,1.0,1.0,3.0,6.0,5.0,2.5714285714285716,-2.085714285714277,1.0654010535732032
2022-10-30,PROD_023,Liforme Yoga Pad,Wellness,Rodillera Yoga,35,False,2,69.92,2022,10,30,Sunday,6,True,False,False,False,True,False,,False,False,False,False,False,False,43,4,303,62,True,30,True,False,2.0,1.0,1.0,1.0,1.0,3.0,6.0,2.142857142857143,0.11428571428571184,0.9903682719546741
2022-10-31,PROD_023,Liforme Yoga Pad,Wellness,Rodillera Yoga,35,False,1,35.58,2022,10,31,Monday,0,False,True,False,False,False,False,,False,False,False,False,False,False,44,4,304,61,True,31,True,False,2.0,2.0,1.0,1.0,1.0,1.0,3.0,1.5714285714285714,-1.6571428571428521,1.0660141815639668
2022-11-01,PROD_023,Liforme Yoga Pad,Wellness,Rodillera Yoga,35,False,2,71.54,2022,11,1,Tuesday,1,False,False,False,False,False,True,Todos los Santos,False,False,True,False,False,False,44,4,305,60,False,1,False,True,1.0,2.0,2.0,1.0,1.0,1.0,1.0,1.2857142857142858,-2.200000000000009,1.0434655775962662
2022-11-02,PROD_023,Liforme Yoga Pad,Wellness,Rodillera Yoga,35,False,1,34.22,2022,11,2,Wednesday,2,False,False,False,False,False,False,,False,False,True,False,False,False,44,4,306,59,False,2,False,True,2.0,1.0,2.0,2.0,1.0,1.0,1.0,1.4285714285714286,2.2285714285714318,0.9875901875901876
2022-11-03,PROD_023,Liforme Yoga Pad,Wellness,Rodillera Yoga,35,False,1,34.53,2022,11,3,Thursday,3,False,False,False,False,False,False,,False,False,True,False,False,False,44,4,307,58,False,3,False,True,1.0,2.0,1.0,2.0,2.0,1.0,1.0,1.4285714285714286,1.3428571428571396,1.0046552225778294
2022-11-04,PROD_023,Liforme Yoga Pad,Wellness,Rodillera Yoga,35,False,2,70.18,2022,11,4,Friday,4,False,False,True,False,False,False,,False,False,True,False,False,False,44,4,308,57,False,4,False,False,1.0,1.0,2.0,1.0,2.0,2.0,1.0,1.4285714285714286,-0.2571428571428669,0.9949905482041589
2022-11-05,PROD_023,Liforme Yoga Pad,Wellness,Rodillera Yoga,35,False,2,70.8,2022,11,5,Saturday,5,True,False,False,True,False,False,,False,False,True,False,False,False,44,4,309,56,False,5,False,False,2.0,1.0,1.0,2.0,1.0,2.0,2.0,1.5714285714285714,-1.1428571428571388,1.0409723583611057
2022-11-06,PROD_023,Liforme Yoga Pad,Wellness,Rodillera Yoga,35,False,2,69.92,2022,11,6,Sunday,6,True,False,False,False,True,False,,False,False,True,False,False,False,44,4,310,55,False,6,False,False,2.0,2.0,1.0,1.0,2.0,1.0,2.0,1.5714285714285714,0.11428571428571184,1.0355450236966826
2022-11-07,PROD_023,Liforme Yoga Pad,Wellness,Rodillera Yoga,35,False,1,34.05,2022,11,7,Monday,0,False,True,False,False,False,False,,False,False,True,False,False,False,45,4,311,54,False,7,False,False,2.0,2.0,2.0,1.0,1.0,2.0,1.0,1.5714285714285714,2.7142857142857224,1.0097864768683273
2022-11-08,PROD_023,Liforme Yoga Pad,Wellness,Rodillera Yoga,35,False,1,35.03,2022,11,8,Tuesday,1,False,False,False,False,False,False,,False,False,True,False,False,False,45,4,312,53,False,8,False,False,1.0,2.0,2.0,2.0,1.0,1.0,2.0,1.5714285714285714,-0.08571428571428896,0.9961137440758295
2022-11-09,PROD_023,Liforme Yoga Pad,Wellness,Rodillera Yoga,35,False,1,35.27,2022,11,9,Wednesday,2,False,False,False,False,False,False,,False,False,True,False,False,False,45,4,313,52,False,9,False,False,1.0,1.0,2.0,2.0,2.0,1.0,1.0,1.4285714285714286,-0.7714285714285803,1.0720364741641337
2022-11-10,PROD_023,Liforme Yoga Pad,Wellness,Rodillera Yoga,35,False,1,35.24,2022,11,10,Thursday,3,False,False,False,False,False,False,,False,False,True,False,False,False,45,4,314,51,False,10,False,False,1.0,1.0,1.0,2.0,2.0,2.0,1.0,1.4285714285714286,-0.6857142857142914,1.0428092325902547
2022-11-11,PROD_023,Liforme Yoga Pad,Wellness,Rodillera Yoga,35,False,2,68.9,2022,11,11,Friday,4,False,False,True,False,False,False,,False,False,True,False,False,False,45,4,315,50,False,11,False,False,1.0,1.0,1.0,1.0,2.0,2.0,2.0,1.4285714285714286,1.5714285714285632,1.0044707940519002
2022-11-12,PROD_023,Liforme Yoga Pad,Wellness,Rodillera Yoga,35,False,2,71.44,2022,11,12,Saturday,5,True,False,False,True,False,False,,False,False,True,False,False,False,45,4,316,49,False,12,False,False,2.0,1.0,1.0,1.0,1.0,2.0,2.0,1.4285714285714286,-2.057142857142854,1.0174705658944172
2022-11-13,PROD_023,Liforme Yoga Pad,Wellness,Rodillera Yoga,35,False,2,71.12,2022,11,13,Sunday,6,True,False,False,False,True,False,,False,False,True,False,False,False,45,4,317,48,False,13,False,False,2.0,2.0,1.0,1.0,1.0,1.0,2.0,1.4285714285714286,-1.6000000000000065,1.00850822461713
2022-11-14,PROD_023,Liforme Yoga Pad,Wellness,Rodillera Yoga,35,False,2,69.14,2022,11,14,Monday,0,False,True,False,False,False,False,,False,False,True,False,False,False,46,4,318,47,False,14,False,False,2.0,2.0,2.0,1.0,1.0,1.0,1.0,1.4285714285714286,1.2285714285714278,1.0028040997872754
2022-11-15,PROD_023,Liforme Yoga Pad,Wellness,Rodillera Yoga,35,False,1,34.3,2022,11,15,Tuesday,1,False,False,False,False,False,False,,False,False,True,False,False,False,46,4,319,46,False,15,False,False,2.0,2.0,2.0,2.0,1.0,1.0,1.0,1.5714285714285714,2.000000000000008,1.042975876748429
2022-11-16,PROD_023,Liforme Yoga Pad,Wellness,Rodillera Yoga,35,False,1,34.8,2022,11,16,Wednesday,2,False,False,False,False,False,False,,False,False,True,False,False,False,46,4,320,45,False,16,False,False,1.0,2.0,2.0,2.0,2.0,1.0,1.0,1.5714285714285714,0.5714285714285796,1.0190336749633968
2022-11-17,PROD_023,Liforme Yoga Pad,Wellness,Rodillera Yoga,35,False,1,34.04,2022,11,17,Thursday,3,False,False,False,False,False,False,,False,False,True,False,False,False,46,4,321,44,False,17,False,False,1.0,1.0,2.0,2.0,2.0,2.0,1.0,1.5714285714285714,2.742857142857145,1.0235541746015835
2022-11-18,PROD_023,Liforme Yoga Pad,Wellness,Rodillera Yoga,35,False,2,71.48,2022,11,18,Friday,4,False,False,True,False,False,False,,False,False,True,False,False,False,46,4,322,43,False,18,False,False,1.0,1.0,1.0,2.0,2.0,2.0,2.0,1.5714285714285714,-2.11428571428572,1.0603243670886076
2022-11-19,PROD_023,Liforme Yoga Pad,Wellness,Rodillera Yoga,35,False,1,34.24,2022,11,19,Saturday,5,True,False,False,True,False,False,,False,False,True,False,False,False,46,4,323,42,False,19,False,False,2.0,1.0,1.0,1.0,2.0,2.0,2.0,1.5714285714285714,2.171428571428566,0.9909318927262204
2022-11-20,PROD_023,Liforme Yoga Pad,Wellness,Rodillera Yoga,35,False,1,35.11,2022,11,20,Sunday,6,True,False,False,False,True,False,,False,False,True,False,False,False,46,4,324,41,False,20,False,False,1.0,2.0,1.0,1.0,1.0,2.0,2.0,1.4285714285714286,-0.31428571428571267,1.0052490933384233
2022-11-21,PROD_023,Liforme Yoga Pad,Wellness,Rodillera Yoga,35,False,1,34.94,2022,11,21,Monday,0,False,True,False,False,False,False,,False,False,True,False,False,False,47,4,325,40,False,21,False,False,1.0,1.0,2.0,1.0,1.0,1.0,2.0,1.2857142857142858,0.17142857142857792,1.054739384181928
2022-11-22,PROD_023,Liforme Yoga Pad,Wellness,Rodillera Yoga,35,False,2,71.78,2022,11,22,Tuesday,1,False,False,False,False,False,False,,False,False,True,False,False,False,47,4,326,39,False,22,False,False,1.0,1.0,1.0,2.0,1.0,1.0,1.0,1.1428571428571428,-2.5428571428571445,1.0357864357864357
2022-11-23,PROD_023,Liforme Yoga Pad,Wellness,Rodillera Yoga,35,False,2,69.22,2022,11,23,Wednesday,2,False,False,False,False,False,False,,False,False,True,False,False,False,47,4,327,38,False,23,False,False,2.0,1.0,1.0,1.0,2.0,1.0,1.0,1.2857142857142858,1.1142857142857159,1.0666735155126361
2022-11-24,PROD_023,Liforme Yoga Pad,Wellness,Rodillera Yoga,35,False,2,70.56,2022,11,24,Thursday,3,False,False,False,False,False,False,,False,False,True,False,False,False,47,4,328,37,False,24,False,False,2.0,2.0,1.0,1.0,1.0,2.0,1.0,1.4285714285714286,-0.8000000000000033,1.0648958647751285
2022-11-25,PROD_023,Liforme Yoga Pad,Wellness,Rodillera Yoga,35,False,7,232.75,2022,11,25,Friday,4,False,False,True,False,False,False,,True,False,True,False,False,False,47,4,329,36,False,25,False,False,2.0,2.0,2.0,1.0,1.0,1.0,2.0,1.5714285714285714,5.0,1.1182735426008967
2022-11-26,PROD_023,Liforme Yoga Pad,Wellness,Rodillera Yoga,35,False,7,235.2,2022,11,26,Saturday,5,True,False,False,True,False,False,,False,False,True,False,False,False,47,4,330,35,False,26,False,False,7.0,2.0,2.0,2.0,1.0,1.0,1.0,2.2857142857142856,3.999999999999996,0.9631186699789795
2022-11-27,PROD_023,Liforme Yoga Pad,Wellness,Rodillera Yoga,35,False,5,168.0,2022,11,27,Sunday,6,True,False,False,False,True,False,,False,False,True,False,False,False,47,4,331,34,False,27,False,False,7.0,7.0,2.0,2.0,2.0,1.0,1.0,3.142857142857143,3.999999999999996,0.9765549312148809
2022-11-28,PROD_023,Liforme Yoga Pad,Wellness,Rodillera Yoga,35,False,7,232.75,2022,11,28,Monday,0,False,True,False,False,False,False,,False,True,True,False,False,False,48,4,332,33,False,28,True,False,5.0,7.0,7.0,2.0,2.0,2.0,1.0,3.7142857142857144,5.0,0.9763139864930995
2022-11-29,PROD_023,Liforme Yoga Pad,Wellness,Rodillera Yoga,35,False,3,101.85,2022,11,29,Tuesday,1,False,False,False,False,False,False,,False,False,True,False,False,False,48,4,333,32,False,29,True,False,7.0,5.0,7.0,7.0,2.0,2.0,2.0,4.571428571428571,2.999999999999992,1.015251196172249
2022-11-30,PROD_023,Liforme Yoga Pad,Wellness,Rodillera Yoga,35,False,4,135.8,2022,11,30,Wednesday,2,False,False,False,False,False,False,,False,False,True,False,False,False,48,4,334,31,False,30,True,False,3.0,7.0,5.0,7.0,7.0,2.0,2.0,4.714285714285714,2.999999999999992,0.9873012795657233
2023-10-25,PROD_023,Liforme Yoga Pad,Wellness,Rodillera Yoga,35,False,1,34.94,2023,10,25,Wednesday,2,False,False,False,False,False,False,,False,False,False,False,False,False,43,4,298,67,True,25,False,False,4.0,3.0,7.0,5.0,7.0,7.0,2.0,5.0,0.17142857142857792,1.0069164265129684
2023-10-26,PROD_023,Liforme Yoga Pad,Wellness,Rodillera Yoga,35,False,1,34.29,2023,10,26,Thursday,3,False,False,False,False,False,False,,False,False,False,False,False,False,43,4,299,66,True,26,False,False,1.0,4.0,3.0,7.0,5.0,7.0,7.0,4.857142857142857,2.028571428571431,1.0347012673506337
2023-10-27,PROD_023,Liforme Yoga Pad,Wellness,Rodillera Yoga,35,False,1,35.72,2023,10,27,Friday,4,False,False,True,False,False,False,,False,False,False,False,False,False,43,4,300,65,True,27,False,False,1.0,1.0,4.0,3.0,7.0,5.0,7.0,4.0,-2.057142857142854,1.0484297035515115
2023-10-28,PROD_023,Liforme Yoga Pad,Wellness,Rodillera Yoga,35,False,2,71.0,2023,10,28,Saturday,5,True,False,False,True,False,False,,False,False,False,False,False,False,43,4,301,64,True,28,True,False,1.0,1.0,1.0,4.0,3.0,7.0,5.0,3.142857142857143,-1.4285714285714286,1.036698140757325
2023-10-29,PROD_023,Liforme Yoga Pad,Wellness,Rodillera Yoga,35,False,1,35.72,2023,10,29,Sunday,6,True,False,False,False,True,False,,False,False,False,False,False,False,43,4,302,63,True,29,True,False,2.0,1.0,1.0,1.0,4.0,3.0,7.0,2.7142857142857144,-2.057142857142854,1.029988465974625
2023-10-30,PROD_023,Liforme Yoga Pad,Wellness,Rodillera Yoga,35,False,1,34.89,2023,10,30,Monday,0,False,True,False,False,False,False,,False,False,False,False,False,False,44,4,303,62,True,30,True,False,1.0,2.0,1.0,1.0,1.0,4.0,3.0,1.8571428571428572,0.31428571428571267,1.048482420114194
2023-10-31,PROD_023,Liforme Yoga Pad,Wellness,Rodillera Yoga,35,False,1,35.66,2023,10,31,Tuesday,1,False,False,False,False,False,False,,False,False,False,False,False,False,44,4,304,61,True,31,True,False,1.0,1.0,2.0,1.0,1.0,1.0,4.0,1.5714285714285714,-1.885714285714276,1.0359252445046965
2023-11-01,PROD_023,Liforme Yoga Pad,Wellness,Rodillera Yoga,35,False,1,34.31,2023,11,1,Wednesday,2,False,False,False,False,False,True,Todos los Santos,False,False,True,False,False,False,44,4,305,60,False,1,False,True,1.0,1.0,1.0,2.0,1.0,1.0,1.0,1.1428571428571428,1.9714285714285649,0.9844108645753635
2023-11-02,PROD_023,Liforme Yoga Pad,Wellness,Rodillera Yoga,35,False,1,34.55,2023,11,2,Thursday,3,False,False,False,False,False,False,,False,False,True,False,False,False,44,4,306,59,False,2,False,True,1.0,1.0,1.0,1.0,2.0,1.0,1.0,1.1428571428571428,1.2857142857142938,1.021081666830854
2023-11-03,PROD_023,Liforme Yoga Pad,Wellness,Rodillera Yoga,35,False,2,68.58,2023,11,3,Friday,4,False,False,True,False,False,False,,False,False,True,False,False,False,44,4,307,58,False,3,False,True,1.0,1.0,1.0,1.0,1.0,2.0,1.0,1.1428571428571428,2.028571428571431,1.0038056206088994
2023-11-04,PROD_023,Liforme Yoga Pad,Wellness,Rodillera Yoga,35,False,2,70.84,2023,11,4,Saturday,5,True,False,False,True,False,False,,False,False,True,False,False,False,44,4,308,57,False,4,False,False,2.0,1.0,1.0,1.0,1.0,1.0,2.0,1.2857142857142858,-1.2000000000000048,1.025972772038235
2023-11-05,PROD_023,Liforme Yoga Pad,Wellness,Rodillera Yoga,35,False,1,34.49,2023,11,5,Sunday,6,True,False,False,False,True,False,,False,False,True,False,False,False,44,4,309,56,False,5,False,False,2.0,2.0,1.0,1.0,1.0,1.0,1.0,1.2857142857142858,1.4571428571428515,1.011832583610405
2023-11-06,PROD_023,Liforme Yoga Pad,Wellness,Rodillera Yoga,35,False,1,34.23,2023,11,6,Monday,0,False,True,False,False,False,False,,False,False,True,False,False,False,45,4,310,55,False,6,False,False,1.0,2.0,2.0,1.0,1.0,1.0,1.0,1.2857142857142858,2.200000000000009,0.9909292675866063
2023-11-07,PROD_023,Liforme Yoga Pad,Wellness,Rodillera Yoga,35,False,1,34.98,2023,11,7,Tuesday,1,False,False,False,False,False,False,,False,False,True,False,False,False,45,4,311,54,False,7,False,False,1.0,1.0,2.0,2.0,1.0,1.0,1.0,1.2857142857142858,0.05714285714286607,1.0750947648806473
2023-11-08,PROD_023,Liforme Yoga Pad,Wellness,Rodillera Yoga,35,False,2,68.46,2023,11,8,Wednesday,2,False,False,False,False,False,False,,False,False,True,False,False,False,45,4,312,53,False,8,False,False,1.0,1.0,1.0,2.0,2.0,1.0,1.0,1.2857142857142858,2.200000000000009,1.0197616683217476
2023-11-09,PROD_023,Liforme Yoga Pad,Wellness,Rodillera Yoga,35,False,1,35.27,2023,11,9,Thursday,3,False,False,False,False,False,False,,False,False,True,False,False,False,45,4,313,52,False,9,False,False,2.0,1.0,1.0,1.0,2.0,2.0,1.0,1.4285714285714286,-0.7714285714285803,1.0164265129682999
2023-11-10,PROD_023,Liforme Yoga Pad,Wellness,Rodillera Yoga,35,False,1,34.78,2023,11,10,Friday,4,False,False,True,False,False,False,,False,False,True,False,False,False,45,4,314,51,False,10,False,False,1.0,2.0,1.0,1.0,1.0,2.0,2.0,1.4285714285714286,0.6285714285714253,0.9905069299411429
2023-11-11,PROD_023,Liforme Yoga Pad,Wellness,Rodillera Yoga,35,False,2,68.12,2023,11,11,Saturday,5,True,False,False,True,False,False,,False,False,True,False,False,False,45,4,315,50,False,11,False,False,1.0,1.0,2.0,1.0,1.0,1.0,2.0,1.2857142857142858,2.6857142857142793,0.9848674698795181
2023-11-12,PROD_023,Liforme Yoga Pad,Wellness,Rodillera Yoga,35,False,2,70.26,2023,11,12,Sunday,6,True,False,False,False,True,False,,False,False,True,False,False,False,45,4,316,49,False,12,False,False,2.0,1.0,1.0,2.0,1.0,1.0,1.0,1.2857142857142858,-0.37142857142857877,1.0177691936262674
2023-11-13,PROD_023,Liforme Yoga Pad,Wellness,Rodillera Yoga,35,False,1,35.88,2023,11,13,Monday,0,False,True,False,False,False,False,,False,False,True,False,False,False,46,4,317,48,False,13,False,False,2.0,2.0,1.0,1.0,2.0,1.0,1.0,1.4285714285714286,-2.514285714285722,1.0744659612697145
2023-11-14,PROD_023,Liforme Yoga Pad,Wellness,Rodillera Yoga,35,False,2,71.04,2023,11,14,Tuesday,1,False,False,False,False,False,False,,False,False,True,False,False,False,46,4,318,47,False,14,False,False,1.0,2.0,2.0,1.0,1.0,2.0,1.0,1.4285714285714286,-1.4857142857142946,1.0460390694021793
2023-11-15,PROD_023,Liforme Yoga Pad,Wellness,Rodillera Yoga,35,False,1,34.42,2023,11,15,Wednesday,2,False,False,False,False,False,False,,False,False,True,False,False,False,46,4,319,46,False,15,False,False,2.0,1.0,2.0,2.0,1.0,1.0,2.0,1.5714285714285714,1.6571428571428521,1.031156381066507
2023-11-16,PROD_023,Liforme Yoga Pad,Wellness,Rodillera Yoga,35,False,1,35.62,2023,11,16,Thursday,3,False,False,False,False,False,False,,False,False,True,False,False,False,46,4,320,45,False,16,False,False,1.0,2.0,1.0,2.0,2.0,1.0,1.0,1.4285714285714286,-1.771428571428564,1.0611717974180732
2023-11-17,PROD_023,Liforme Yoga Pad,Wellness,Rodillera Yoga,35,False,1,35.66,2023,11,17,Friday,4,False,False,True,False,False,False,,False,False,True,False,False,False,46,4,321,44,False,17,False,False,1.0,1.0,2.0,1.0,2.0,2.0,1.0,1.4285714285714286,-1.885714285714276,1.048617918055283
2023-11-18,PROD_023,Liforme Yoga Pad,Wellness,Rodillera Yoga,35,False,2,68.74,2023,11,18,Saturday,5,True,False,False,True,False,False,,False,False,True,False,False,False,46,4,322,43,False,18,False,False,1.0,1.0,1.0,2.0,1.0,2.0,2.0,1.4285714285714286,1.8000000000000071,0.9861323641928079
2023-11-19,PROD_023,Liforme Yoga Pad,Wellness,Rodillera Yoga,35,False,2,69.38,2023,11,19,Sunday,6,True,False,False,False,True,False,,False,False,True,False,False,False,46,4,323,42,False,19,False,False,2.0,1.0,1.0,1.0,2.0,1.0,2.0,1.4285714285714286,0.8857142857142922,1.0211951722107742
2023-11-20,PROD_023,Liforme Yoga Pad,Wellness,Rodillera Yoga,35,False,1,34.35,2023,11,20,Monday,0,False,True,False,False,False,False,,False,False,True,False,False,False,47,4,324,41,False,20,False,False,2.0,2.0,1.0,1.0,1.0,2.0,1.0,1.4285714285714286,1.857142857142853,1.013772749631087
2023-11-21,PROD_023,Liforme Yoga Pad,Wellness,Rodillera Yoga,35,False,2,68.9,2023,11,21,Tuesday,1,False,False,False,False,False,False,,False,False,True,False,False,False,47,4,325,40,False,21,False,False,1.0,2.0,2.0,1.0,1.0,1.0,2.0,1.4285714285714286,1.5714285714285632,0.9941323585994614
2023-11-22,PROD_023,Liforme Yoga Pad,Wellness,Rodillera Yoga,35,False,2,69.66,2023,11,22,Wednesday,2,False,False,False,False,False,False,,False,False,True,False,False,False,47,4,326,39,False,22,False,False,2.0,1.0,2.0,2.0,1.0,1.0,1.0,1.4285714285714286,0.4857142857142906,1.031388806633106
2023-11-23,PROD_023,Liforme Yoga Pad,Wellness,Rodillera Yoga,35,False,2,68.14,2023,11,23,Thursday,3,False,False,False,False,False,False,,False,False,True,False,False,False,47,4,327,38,False,23,False,False,2.0,2.0,1.0,2.0,2.0,1.0,1.0,1.5714285714285714,2.657142857142856,0.9926192094784889
2023-11-24,PROD_023,Liforme Yoga Pad,Wellness,Rodillera Yoga,35,False,7,232.75,2023,11,24,Friday,4,False,False,True,False,False,False,,True,False,True,False,False,False,47,4,328,37,False,24,False,False,2.0,2.0,2.0,1.0,2.0,2.0,1.0,1.7142857142857142,5.0,1.072811357281136
2023-11-25,PROD_023,Liforme Yoga Pad,Wellness,Rodillera Yoga,35,False,8,268.8,2023,11,25,Saturday,5,True,False,False,True,False,False,,False,False,True,False,False,False,47,4,329,36,False,25,False,False,7.0,2.0,2.0,2.0,1.0,2.0,2.0,2.5714285714285716,3.999999999999996,1.0087060942659865
2023-11-26,PROD_023,Liforme Yoga Pad,Wellness,Rodillera Yoga,35,False,8,268.8,2023,11,26,Sunday,6,True,False,False,False,True,False,,False,False,True,False,False,False,47,4,330,35,False,26,False,False,8.0,7.0,2.0,2.0,2.0,1.0,2.0,3.4285714285714284,3.999999999999996,0.9883321894303363
2023-11-27,PROD_023,Liforme Yoga Pad,Wellness,Rodillera Yoga,35,False,5,166.25,2023,11,27,Monday,0,False,True,False,False,False,False,,False,True,True,False,False,False,48,4,331,34,False,27,False,False,8.0,8.0,7.0,2.0,2.0,2.0,1.0,4.285714285714286,5.0,0.9801513216075465
2023-11-28,PROD_023,Liforme Yoga Pad,Wellness,Rodillera Yoga,35,False,3,101.85,2023,11,28,Tuesday,1,False,False,False,False,False,False,,False,False,True,False,False,False,48,4,332,33,False,28,True,False,5.0,8.0,8.0,7.0,2.0,2.0,2.0,4.857142857142857,2.999999999999992,1.011118832522585
2023-11-29,PROD_023,Liforme Yoga Pad,Wellness,Rodillera Yoga,35,False,4,135.8,2023,11,29,Wednesday,2,False,False,False,False,False,False,,False,False,True,False,False,False,48,4,333,32,False,29,True,False,3.0,5.0,8.0,8.0,7.0,2.0,2.0,5.0,2.999999999999992,1.0129288910989558
2023-11-30,PROD_023,Liforme Yoga Pad,Wellness,Rodillera Yoga,35,False,1,34.05,2023,11,30,Thursday,3,False,False,False,False,False,False,,False,False,True,False,False,False,48,4,334,31,False,30,True,False,4.0,3.0,5.0,8.0,8.0,7.0,2.0,5.285714285714286,2.7142857142857224,1.0168226159665537
2024-10-25,PROD_023,Liforme Yoga Pad,Wellness,Rodillera Yoga,35,False,1,34.05,2024,10,25,Friday,4,False,False,True,False,False,False,,False,False,False,False,False,False,43,4,299,67,True,25,False,False,1.0,4.0,3.0,5.0,8.0,8.0,7.0,5.142857142857143,2.7142857142857224,0.9811737585246375
2024-10-26,PROD_023,Liforme Yoga Pad,Wellness,Rodillera Yoga,35,False,2,69.22,2024,10,26,Saturday,5,True,False,False,True,False,False,,False,False,False,False,False,False,43,4,300,66,True,26,False,False,1.0,1.0,4.0,3.0,5.0,8.0,8.0,4.285714285714286,1.1142857142857159,1.0368484122228878
2024-10-27,PROD_023,Liforme Yoga Pad,Wellness,Rodillera Yoga,35,False,2,68.56,2024,10,27,Sunday,6,True,False,False,False,True,False,,False,False,False,False,False,False,43,4,301,65,True,27,False,False,2.0,1.0,1.0,4.0,3.0,5.0,8.0,3.4285714285714284,2.057142857142854,0.9700056593095644
2024-10-28,PROD_023,Liforme Yoga Pad,Wellness,Rodillera Yoga,35,False,2,71.64,2024,10,28,Monday,0,False,True,False,False,False,False,,False,False,False,False,False,False,44,4,302,64,True,28,True,False,2.0,2.0,1.0,1.0,4.0,3.0,5.0,2.5714285714285716,-2.342857142857144,1.0609142067331425
2024-10-29,PROD_023,Liforme Yoga Pad,Wellness,Rodillera Yoga,35,False,2,68.84,2024,10,29,Tuesday,1,False,False,False,False,False,False,,False,False,False,False,False,False,44,4,303,63,True,29,True,False,2.0,2.0,2.0,1.0,1.0,4.0,3.0,2.142857142857143,1.6571428571428521,0.99546900607346
2024-10-30,PROD_023,Liforme Yoga Pad,Wellness,Rodillera Yoga,35,False,1,36.01,2024,10,30,Wednesday,2,False,False,False,False,False,False,,False,False,False,False,False,False,44,4,304,62,True,30,True,False,2.0,2.0,2.0,2.0,1.0,1.0,4.0,2.0,-2.88571428571428,1.0624508261211645
2024-10-31,PROD_023,Liforme Yoga Pad,Wellness,Rodillera Yoga,35,False,1,35.7,2024,10,31,Thursday,3,False,False,False,False,False,False,,False,False,False,False,False,False,44,4,305,61,True,31,True,False,1.0,2.0,2.0,2.0,2.0,1.0,1.0,1.5714285714285714,-2.000000000000008,1.0518562168532706
2024-11-01,PROD_023,Liforme Yoga Pad,Wellness,Rodillera Yoga,35,False,1,35.23,2024,11,1,Friday,4,False,False,True,False,False,True,Todos los Santos,False,False,True,False,False,False,44,4,306,60,False,1,False,True,1.0,1.0,2.0,2.0,2.0,2.0,1.0,1.5714285714285714,-0.6571428571428483,1.0382121807465616
2024-11-02,PROD_023,Liforme Yoga Pad,Wellness,Rodillera Yoga,35,False,2,69.3,2024,11,2,Saturday,5,True,False,False,True,False,False,,False,False,True,False,False,False,44,4,307,59,False,2,False,True,1.0,1.0,1.0,2.0,2.0,2.0,2.0,1.5714285714285714,1.000000000000004,1.0284951024042743
2024-11-03,PROD_023,Liforme Yoga Pad,Wellness,Rodillera Yoga,35,False,2,69.18,2024,11,3,Sunday,6,True,False,False,False,True,False,,False,False,True,False,False,False,44,4,308,58,False,3,False,True,2.0,1.0,1.0,1.0,2.0,2.0,2.0,1.5714285714285714,1.1714285714285617,0.9649432769202158
2024-11-04,PROD_023,Liforme Yoga Pad,Wellness,Rodillera Yoga,35,False,1,35.72,2024,11,4,Monday,0,False,True,False,False,False,False,,False,False,True,False,False,False,45,4,309,57,False,4,False,False,2.0,2.0,1.0,1.0,1.0,2.0,2.0,1.5714285714285714,-2.057142857142854,1.0431227489535677
2024-11-05,PROD_023,Liforme Yoga Pad,Wellness,Rodillera Yoga,35,False,2,70.68,2024,11,5,Tuesday,1,False,False,False,False,False,False,,False,False,True,False,False,False,45,4,310,56,False,5,False,False,1.0,2.0,2.0,1.0,1.0,1.0,2.0,1.4285714285714286,-0.9714285714285812,1.065099457504521
2024-11-06,PROD_023,Liforme Yoga Pad,Wellness,Rodillera Yoga,35,False,1,34.21,2024,11,6,Wednesday,2,False,False,False,False,False,False,,False,False,True,False,False,False,45,4,311,55,False,6,False,False,2.0,1.0,2.0,2.0,1.0,1.0,1.0,1.4285714285714286,2.257142857142855,0.9932255879221911
2024-11-07,PROD_023,Liforme Yoga Pad,Wellness,Rodillera Yoga,35,False,2,68.58,2024,11,7,Thursday,3,False,False,False,False,False,False,,False,False,True,False,False,False,45,4,312,54,False,7,False,False,1.0,2.0,1.0,2.0,2.0,1.0,1.0,1.4285714285714286,2.028571428571431,1.016
2024-11-08,PROD_023,Liforme Yoga Pad,Wellness,Rodillera Yoga,35,False,2,69.42,2024,11,8,Friday,4,False,False,True,False,False,False,,False,False,True,False,False,False,45,4,313,53,False,8,False,False,2.0,1.0,2.0,1.0,2.0,2.0,1.0,1.5714285714285714,0.8285714285714261,1.0467430639324489
2024-11-09,PROD_023,Liforme Yoga Pad,Wellness,Rodillera Yoga,35,False,2,70.68,2024,11,9,Saturday,5,True,False,False,True,False,False,,False,False,True,False,False,False,45,4,314,52,False,9,False,False,2.0,2.0,1.0,2.0,1.0,2.0,2.0,1.7142857142857142,-0.9714285714285812,1.0836058871627146
2024-11-10,PROD_023,Liforme Yoga Pad,Wellness,Rodillera Yoga,35,False,2,71.86,2024,11,10,Sunday,6,True,False,False,False,True,False,,False,False,True,False,False,False,45,4,315,51,False,10,False,False,2.0,2.0,2.0,1.0,2.0,1.0,2.0,1.7142857142857142,-2.657142857142856,1.0354466858789626
2024-11-11,PROD_023,Liforme Yoga Pad,Wellness,Rodillera Yoga,35,False,2,68.88,2024,11,11,Monday,0,False,True,False,False,False,False,,False,False,True,False,False,False,46,4,316,50,False,11,False,False,2.0,2.0,2.0,2.0,1.0,2.0,1.0,1.7142857142857142,1.6000000000000065,1.0074102964118563
2024-11-12,PROD_023,Liforme Yoga Pad,Wellness,Rodillera Yoga,35,False,2,69.16,2024,11,12,Tuesday,1,False,False,False,False,False,False,,False,False,True,False,False,False,46,4,317,49,False,12,False,False,2.0,2.0,2.0,2.0,2.0,1.0,2.0,1.8571428571428572,1.2000000000000048,1.010028234835946
2024-11-13,PROD_023,Liforme Yoga Pad,Wellness,Rodillera Yoga,35,False,2,68.26,2024,11,13,Wednesday,2,False,False,False,False,False,False,,False,False,True,False,False,False,46,4,318,48,False,13,False,False,2.0,2.0,2.0,2.0,2.0,2.0,1.0,1.8571428571428572,2.485714285714278,0.9858463316002313
2024-11-14,PROD_023,Liforme Yoga Pad,Wellness,Rodillera Yoga,35,False,1,34.11,2024,11,14,Thursday,3,False,False,False,False,False,False,,False,False,True,False,False,False,46,4,319,47,False,14,False,False,2.0,2.0,2.0,2.0,2.0,2.0,2.0,2.0,2.5428571428571445,0.9868839810975022
2024-11-15,PROD_023,Liforme Yoga Pad,Wellness,Rodillera Yoga,35,False,2,71.96,2024,11,15,Friday,4,False,False,True,False,False,False,,False,False,True,False,False,False,46,4,320,46,False,15,False,False,1.0,2.0,2.0,2.0,2.0,2.0,2.0,1.8571428571428572,-2.799999999999991,1.0787527483509893
2024-11-16,PROD_023,Liforme Yoga Pad,Wellness,Rodillera Yoga,35,False,2,69.94,2024,11,16,Saturday,5,True,False,False,True,False,False,,False,False,True,False,False,False,46,4,321,45,False,16,False,False,2.0,1.0,2.0,2.0,2.0,2.0,2.0,1.8571428571428572,0.08571428571428896,1.0072971675468074
2024-11-17,PROD_023,Liforme Yoga Pad,Wellness,Rodillera Yoga,35,False,2,71.28,2024,11,17,Sunday,6,True,False,False,False,True,False,,False,False,True,False,False,False,46,4,322,44,False,17,False,False,2.0,2.0,1.0,2.0,2.0,2.0,2.0,1.8571428571428572,-1.82857142857143,1.0551662883647488
2024-11-18,PROD_023,Liforme Yoga Pad,Wellness,Rodillera Yoga,35,False,1,35.7,2024,11,18,Monday,0,False,True,False,False,False,False,,False,False,True,False,False,False,47,4,323,43,False,18,False,False,2.0,2.0,2.0,1.0,2.0,2.0,2.0,1.8571428571428572,-2.000000000000008,1.045796308954204
2024-11-19,PROD_023,Liforme Yoga Pad,Wellness,Rodillera Yoga,35,False,2,69.6,2024,11,19,Tuesday,1,False,False,False,False,False,False,,False,False,True,False,False,False,47,4,324,42,False,19,False,False,1.0,2.0,2.0,2.0,1.0,2.0,2.0,1.7142857142857142,0.5714285714285796,1.0009587727708535
2024-11-20,PROD_023,Liforme Yoga Pad,Wellness,Rodillera Yoga,35,False,1,34.26,2024,11,20,Wednesday,2,False,False,False,False,False,False,,False,False,True,False,False,False,47,4,325,41,False,20,False,False,2.0,1.0,2.0,2.0,2.0,1.0,2.0,1.7142857142857142,2.11428571428572,1.0093292742806637
2024-11-21,PROD_023,Liforme Yoga Pad,Wellness,Rodillera Yoga,35,False,1,34.22,2024,11,21,Thursday,3,False,False,False,False,False,False,,False,False,True,False,False,False,47,4,326,40,False,21,False,False,1.0,2.0,1.0,2.0,2.0,2.0,1.0,1.5714285714285714,2.2285714285714318,1.0288634996993387
2024-11-22,PROD_023,Liforme Yoga Pad,Wellness,Rodillera Yoga,35,False,1,35.92,2024,11,22,Friday,4,False,False,True,False,False,False,,False,False,True,False,False,False,47,4,327,39,False,22,False,False,1.0,1.0,2.0,1.0,2.0,2.0,2.0,1.5714285714285714,-2.6285714285714334,1.0537844709563857
2024-11-23,PROD_023,Liforme Yoga Pad,Wellness,Rodillera Yoga,35,False,3,106.23,2024,11,23,Saturday,5,True,False,False,True,False,False,,False,False,True,False,False,False,47,4,328,38,False,23,False,False,1.0,1.0,1.0,2.0,1.0,2.0,2.0,1.4285714285714286,-1.1714285714285617,1.0196774812823957
2024-11-24,PROD_023,Liforme Yoga Pad,Wellness,Rodillera Yoga,35,False,2,70.5,2024,11,24,Sunday,6,True,False,False,False,True,False,,False,False,True,False,False,False,47,4,329,37,False,24,False,False,3.0,1.0,1.0,1.0,2.0,1.0,2.0,1.5714285714285714,-0.7142857142857143,1.0360536886450475
2024-11-25,PROD_023,Liforme Yoga Pad,Wellness,Rodillera Yoga,35,False,2,69.28,2024,11,25,Monday,0,False,True,False,False,False,False,,False,False,True,False,False,False,48,4,330,36,False,25,False,False,2.0,3.0,1.0,1.0,1.0,2.0,1.0,1.5714285714285714,1.028571428571427,1.0300327088908712
2024-11-26,PROD_023,Liforme Yoga Pad,Wellness,Rodillera Yoga,35,False,2,68.86,2024,11,26,Tuesday,1,False,False,False,False,False,False,,False,False,True,False,False,False,48,4,331,35,False,26,False,False,2.0,2.0,3.0,1.0,1.0,1.0,2.0,1.7142857142857142,1.6285714285714292,0.9997096399535425
2024-11-27,PROD_023,Liforme Yoga Pad,Wellness,Rodillera Yoga,35,False,2,68.56,2024,11,27,Wednesday,2,False,False,False,False,False,False,,False,False,True,False,False,False,48,4,332,34,False,27,False,False,2.0,2.0,2.0,3.0,1.0,1.0,1.0,1.7142857142857142,2.057142857142854,0.9901790872328136
2024-11-28,PROD_023,Liforme Yoga Pad,Wellness,Rodillera Yoga,35,False,2,68.42,2024,11,28,Thursday,3,False,False,False,False,False,False,,False,False,True,False,False,False,48,4,333,33,False,28,True,False,2.0,2.0,2.0,2.0,3.0,1.0,1.0,1.8571428571428572,2.257142857142855,0.9938026532390822
2024-11-29,PROD_023,Liforme Yoga Pad,Wellness,Rodillera Yoga,35,False,8,266.0,2024,11,29,Friday,4,False,False,True,False,False,False,,True,False,True,False,False,False,48,4,334,32,False,29,True,False,2.0,2.0,2.0,2.0,2.0,3.0,1.0,2.0,5.0,1.0667308309271735
2024-11-30,PROD_023,Liforme Yoga Pad,Wellness,Rodillera Yoga,35,False,9,302.4,2024,11,30,Saturday,5,True,False,False,True,False,False,,False,False,True,False,False,False,48,4,335,31,False,30,True,False,8.0,2.0,2.0,2.0,2.0,2.0,3.0,3.0,3.999999999999996,1.0087060942659862
2021-11-01,PROD_024,Lotuscrafts Yoga Bolster,Wellness,Cojín Yoga,50,False,1,50.41,2021,11,1,Monday,0,False,True,False,False,False,True,Todos los Santos,False,False,True,False,False,False,44,4,305,60,False,1,False,True,1.0,1.0,1.0,1.0,1.0,1.0,1.0,1.0,-0.8199999999999932,1.036816125051419
2021-11-02,PROD_024,Lotuscrafts Yoga Bolster,Wellness,Cojín Yoga,50,False,1,49.8,2021,11,2,Tuesday,1,False,False,False,False,False,False,,False,False,True,False,False,False,44,4,306,59,False,2,False,True,1.0,1.0,1.0,1.0,1.0,1.0,1.0,1.0,0.40000000000000563,1.0776888119454662
2021-11-03,PROD_024,Lotuscrafts Yoga Bolster,Wellness,Cojín Yoga,50,False,1,51.48,2021,11,3,Wednesday,2,False,False,False,False,False,False,,False,False,True,False,False,False,44,4,307,58,False,3,False,True,1.0,1.0,1.0,1.0,1.0,1.0,1.0,1.0,-2.9599999999999937,1.0376940133037695
2021-11-04,PROD_024,Lotuscrafts Yoga Bolster,Wellness,Cojín Yoga,50,False,1,48.94,2021,11,4,Thursday,3,False,False,False,False,False,False,,False,False,True,False,False,False,44,4,308,57,False,4,False,False,1.0,1.0,1.0,1.0,1.0,1.0,1.0,1.0,2.1200000000000045,1.0476666190951904
2021-11-05,PROD_024,Lotuscrafts Yoga Bolster,Wellness,Cojín Yoga,50,False,1,49.24,2021,11,5,Friday,4,False,False,True,False,False,False,,False,False,True,False,False,False,44,4,309,56,False,5,False,False,1.0,1.0,1.0,1.0,1.0,1.0,1.0,1.0,1.519999999999996,1.0168651476560886
2021-11-06,PROD_024,Lotuscrafts Yoga Bolster,Wellness,Cojín Yoga,50,False,2,99.48,2021,11,6,Saturday,5,True,False,False,True,False,False,,False,False,True,False,False,False,44,4,310,55,False,6,False,False,1.0,1.0,1.0,1.0,1.0,1.0,1.0,1.0,0.519999999999996,1.0333795013850415
2021-11-07,PROD_024,Lotuscrafts Yoga Bolster,Wellness,Cojín Yoga,50,False,1,51.22,2021,11,7,Sunday,6,True,False,False,False,True,False,,False,False,True,False,False,False,44,4,311,54,False,7,False,False,2.0,1.0,1.0,1.0,1.0,1.0,1.0,1.1428571428571428,-2.4399999999999977,1.0585560760540091
2021-11-08,PROD_024,Lotuscrafts Yoga Bolster,Wellness,Cojín Yoga,50,False,1,50.36,2021,11,8,Monday,0,False,True,False,False,False,False,,False,False,True,False,False,False,45,4,312,53,False,8,False,False,1.0,2.0,1.0,1.0,1.0,1.0,1.0,1.1428571428571428,-0.7199999999999989,1.024271186440678
2021-11-09,PROD_024,Lotuscrafts Yoga Bolster,Wellness,Cojín Yoga,50,False,1,49.34,2021,11,9,Tuesday,1,False,False,False,False,False,False,,False,False,True,False,False,False,45,4,313,52,False,9,False,False,1.0,1.0,2.0,1.0,1.0,1.0,1.0,1.1428571428571428,1.3199999999999932,1.054423707080781
2021-11-10,PROD_024,Lotuscrafts Yoga Bolster,Wellness,Cojín Yoga,50,False,1,50.46,2021,11,10,Wednesday,2,False,False,False,False,False,False,,False,False,True,False,False,False,45,4,314,51,False,10,False,False,1.0,1.0,1.0,2.0,1.0,1.0,1.0,1.1428571428571428,-0.9200000000000017,1.020768712070128
2021-11-11,PROD_024,Lotuscrafts Yoga Bolster,Wellness,Cojín Yoga,50,False,1,50.56,2021,11,11,Thursday,3,False,False,False,False,False,False,,False,False,True,False,False,False,45,4,315,50,False,11,False,False,1.0,1.0,1.0,1.0,2.0,1.0,1.0,1.1428571428571428,-1.1200000000000045,1.069600169240533
2021-11-12,PROD_024,Lotuscrafts Yoga Bolster,Wellness,Cojín Yoga,50,False,1,50.25,2021,11,12,Friday,4,False,False,True,False,False,False,,False,False,True,False,False,False,45,4,316,49,False,12,False,False,1.0,1.0,1.0,1.0,1.0,2.0,1.0,1.1428571428571428,-0.5,1.0596049764532227
2021-11-13,PROD_024,Lotuscrafts Yoga Bolster,Wellness,Cojín Yoga,50,False,1,50.13,2021,11,13,Saturday,5,True,False,False,True,False,False,,False,False,True,False,False,False,45,4,317,48,False,13,False,False,1.0,1.0,1.0,1.0,1.0,1.0,2.0,1.1428571428571428,-0.2600000000000051,0.9845499181669395
2021-11-14,PROD_024,Lotuscrafts Yoga Bolster,Wellness,Cojín Yoga,50,False,1,49.66,2021,11,14,Sunday,6,True,False,False,False,True,False,,False,False,True,False,False,False,45,4,318,47,False,14,False,False,1.0,1.0,1.0,1.0,1.0,1.0,1.0,1.0,0.6800000000000068,1.0192939244663382
2021-11-15,PROD_024,Lotuscrafts Yoga Bolster,Wellness,Cojín Yoga,50,False,1,48.7,2021,11,15,Monday,0,False,True,False,False,False,False,,False,False,True,False,False,False,46,4,319,46,False,15,False,False,1.0,1.0,1.0,1.0,1.0,1.0,1.0,1.0,2.5999999999999943,1.0311970638057595
2021-11-16,PROD_024,Lotuscrafts Yoga Bolster,Wellness,Cojín Yoga,50,False,1,49.99,2021,11,16,Tuesday,1,False,False,False,False,False,False,,False,False,True,False,False,False,46,4,320,45,False,16,False,False,1.0,1.0,1.0,1.0,1.0,1.0,1.0,1.0,0.01999999999999602,0.9847659071508308
2021-11-17,PROD_024,Lotuscrafts Yoga Bolster,Wellness,Cojín Yoga,50,False,1,51.05,2021,11,17,Wednesday,2,False,False,False,False,False,False,,False,False,True,False,False,False,46,4,321,44,False,17,False,False,1.0,1.0,1.0,1.0,1.0,1.0,1.0,1.0,-2.0999999999999943,1.0373907742328794
2021-11-18,PROD_024,Lotuscrafts Yoga Bolster,Wellness,Cojín Yoga,50,False,1,49.3,2021,11,18,Thursday,3,False,False,False,False,False,False,,False,False,True,False,False,False,46,4,322,43,False,18,False,False,1.0,1.0,1.0,1.0,1.0,1.0,1.0,1.0,1.4000000000000057,1.0212677806932744
2021-11-19,PROD_024,Lotuscrafts Yoga Bolster,Wellness,Cojín Yoga,50,False,1,51.37,2021,11,19,Friday,4,False,False,True,False,False,False,,False,False,True,False,False,False,46,4,323,42,False,19,False,False,1.0,1.0,1.0,1.0,1.0,1.0,1.0,1.0,-2.739999999999995,1.0521608520516146
2021-11-20,PROD_024,Lotuscrafts Yoga Bolster,Wellness,Cojín Yoga,50,False,1,49.19,2021,11,20,Saturday,5,True,False,False,True,False,False,,False,False,True,False,False,False,46,4,324,41,False,20,False,False,1.0,1.0,1.0,1.0,1.0,1.0,1.0,1.0,1.6200000000000043,1.0499466382070437
2021-11-21,PROD_024,Lotuscrafts Yoga Bolster,Wellness,Cojín Yoga,50,False,1,49.93,2021,11,21,Sunday,6,True,False,False,False,True,False,,False,False,True,False,False,False,46,4,325,40,False,21,False,False,1.0,1.0,1.0,1.0,1.0,1.0,1.0,1.0,0.14000000000000057,1.0379018847006654
2021-11-22,PROD_024,Lotuscrafts Yoga Bolster,Wellness,Cojín Yoga,50,False,1,50.48,2021,11,22,Monday,0,False,True,False,False,False,False,,False,False,True,False,False,False,47,4,326,39,False,22,False,False,1.0,1.0,1.0,1.0,1.0,1.0,1.0,1.0,-0.9599999999999936,1.035557986870897
2021-11-23,PROD_024,Lotuscrafts Yoga Bolster,Wellness,Cojín Yoga,50,False,2,102.8,2021,11,23,Tuesday,1,False,False,False,False,False,False,,False,False,True,False,False,False,47,4,327,38,False,23,False,False,1.0,1.0,1.0,1.0,1.0,1.0,1.0,1.0,-2.799999999999997,1.0137400565380315
2021-11-24,PROD_024,Lotuscrafts Yoga Bolster,Wellness,Cojín Yoga,50,False,2,102.82,2021,11,24,Wednesday,2,False,False,False,False,False,False,,False,False,True,False,False,False,47,4,328,37,False,24,False,False,2.0,1.0,1.0,1.0,1.0,1.0,1.0,1.1428571428571428,-2.819999999999993,1.1140566310314937
2021-11-25,PROD_024,Lotuscrafts Yoga Bolster,Wellness,Cojín Yoga,50,False,2,101.04,2021,11,25,Thursday,3,False,False,False,False,False,False,,False,False,True,False,False,False,47,4,329,36,False,25,False,False,2.0,2.0,1.0,1.0,1.0,1.0,1.0,1.2857142857142858,-1.0400000000000063,1.072459666006227
2021-11-26,PROD_024,Lotuscrafts Yoga Bolster,Wellness,Cojín Yoga,50,False,7,332.5,2021,11,26,Friday,4,False,False,True,False,False,False,,True,False,True,False,False,False,47,4,330,35,False,26,False,False,2.0,2.0,2.0,1.0,1.0,1.0,1.0,1.4285714285714286,5.0,1.09245630174793
2021-11-27,PROD_024,Lotuscrafts Yoga Bolster,Wellness,Cojín Yoga,50,False,7,336.0,2021,11,27,Saturday,5,True,False,False,True,False,False,,False,False,True,False,False,False,47,4,331,34,False,27,False,False,7.0,2.0,2.0,2.0,1.0,1.0,1.0,2.2857142857142856,4.0,0.9754775775640157
2021-11-28,PROD_024,Lotuscrafts Yoga Bolster,Wellness,Cojín Yoga,50,False,5,240.0,2021,11,28,Sunday,6,True,False,False,False,True,False,,False,False,True,False,False,False,47,4,332,33,False,28,True,False,7.0,7.0,2.0,2.0,2.0,1.0,1.0,3.142857142857143,4.0,1.0015997774222718
2021-11-29,PROD_024,Lotuscrafts Yoga Bolster,Wellness,Cojín Yoga,50,False,5,237.5,2021,11,29,Monday,0,False,True,False,False,False,False,,False,True,True,False,False,False,48,4,333,32,False,29,True,False,5.0,7.0,7.0,2.0,2.0,2.0,1.0,3.7142857142857144,5.0,0.957468252368474
2021-11-30,PROD_024,Lotuscrafts Yoga Bolster,Wellness,Cojín Yoga,50,False,2,97.0,2021,11,30,Tuesday,1,False,False,False,False,False,False,,False,False,True,False,False,False,48,4,334,31,False,30,True,False,5.0,5.0,7.0,7.0,2.0,2.0,2.0,4.285714285714286,3.0,1.0248644079735156
2022-10-25,PROD_024,Lotuscrafts Yoga Bolster,Wellness,Cojín Yoga,50,False,1,50.66,2022,10,25,Tuesday,1,False,False,False,False,False,False,,False,False,False,False,False,False,43,4,298,67,True,25,False,False,2.0,5.0,5.0,7.0,7.0,2.0,2.0,4.285714285714286,-1.3199999999999932,1.0717912552891398
2022-10-26,PROD_024,Lotuscrafts Yoga Bolster,Wellness,Cojín Yoga,50,False,1,48.76,2022,10,26,Wednesday,2,False,False,False,False,False,False,,False,False,False,False,False,False,43,4,299,66,True,26,False,False,1.0,2.0,5.0,5.0,7.0,7.0,2.0,4.142857142857143,2.480000000000004,1.0023984101966694
2022-10-27,PROD_024,Lotuscrafts Yoga Bolster,Wellness,Cojín Yoga,50,False,1,49.53,2022,10,27,Thursday,3,False,False,False,False,False,False,,False,False,False,False,False,False,43,4,300,65,True,27,False,False,1.0,1.0,2.0,5.0,5.0,7.0,7.0,4.0,0.9399999999999977,0.9835837691136561
2022-10-28,PROD_024,Lotuscrafts Yoga Bolster,Wellness,Cojín Yoga,50,False,1,48.57,2022,10,28,Friday,4,False,False,True,False,False,False,,False,False,False,False,False,False,43,4,301,64,True,28,True,False,1.0,1.0,1.0,2.0,5.0,5.0,7.0,3.142857142857143,2.8599999999999994,0.9671445639187575
2022-10-29,PROD_024,Lotuscrafts Yoga Bolster,Wellness,Cojín Yoga,50,False,2,101.12,2022,10,29,Saturday,5,True,False,False,True,False,False,,False,False,False,False,False,False,43,4,302,63,True,29,True,False,1.0,1.0,1.0,1.0,2.0,5.0,5.0,2.2857142857142856,-1.1200000000000045,1.0759736114066822
2022-10-30,PROD_024,Lotuscrafts Yoga Bolster,Wellness,Cojín Yoga,50,False,1,49.08,2022,10,30,Sunday,6,True,False,False,False,True,False,,False,False,False,False,False,False,43,4,303,62,True,30,True,False,2.0,1.0,1.0,1.0,1.0,2.0,5.0,1.8571428571428572,1.8400000000000034,1.0586712683347714
2022-10-31,PROD_024,Lotuscrafts Yoga Bolster,Wellness,Cojín Yoga,50,False,1,50.93,2022,10,31,Monday,0,False,True,False,False,False,False,,False,False,False,False,False,False,44,4,304,61,True,31,True,False,1.0,2.0,1.0,1.0,1.0,1.0,2.0,1.2857142857142858,-1.8599999999999994,0.9949208829849581
2022-11-01,PROD_024,Lotuscrafts Yoga Bolster,Wellness,Cojín Yoga,50,False,1,50.29,2022,11,1,Tuesday,1,False,False,False,False,False,True,Todos los Santos,False,False,True,False,False,False,44,4,305,60,False,1,False,True,1.0,1.0,2.0,1.0,1.0,1.0,1.0,1.1428571428571428,-0.5799999999999983,1.042712004976156
2022-11-02,PROD_024,Lotuscrafts Yoga Bolster,Wellness,Cojín Yoga,50,False,2,99.8,2022,11,2,Wednesday,2,False,False,False,False,False,False,,False,False,True,False,False,False,44,4,306,59,False,2,False,True,1.0,1.0,1.0,2.0,1.0,1.0,1.0,1.1428571428571428,0.20000000000000281,1.032271410839884
2022-11-03,PROD_024,Lotuscrafts Yoga Bolster,Wellness,Cojín Yoga,50,False,1,50.24,2022,11,3,Thursday,3,False,False,False,False,False,False,,False,False,True,False,False,False,44,4,307,58,False,3,False,True,2.0,1.0,1.0,1.0,2.0,1.0,1.0,1.2857142857142858,-0.4800000000000039,1.0043982407037184
2022-11-04,PROD_024,Lotuscrafts Yoga Bolster,Wellness,Cojín Yoga,50,False,1,49.66,2022,11,4,Friday,4,False,False,True,False,False,False,,False,False,True,False,False,False,44,4,308,57,False,4,False,False,1.0,2.0,1.0,1.0,1.0,2.0,1.0,1.2857142857142858,0.6800000000000068,1.0279445249430759
2022-11-05,PROD_024,Lotuscrafts Yoga Bolster,Wellness,Cojín Yoga,50,False,2,100.78,2022,11,5,Saturday,5,True,False,False,True,False,False,,False,False,True,False,False,False,44,4,309,56,False,5,False,False,1.0,1.0,2.0,1.0,1.0,1.0,2.0,1.2857142857142858,-0.7800000000000011,1.0280875952121873
2022-11-06,PROD_024,Lotuscrafts Yoga Bolster,Wellness,Cojín Yoga,50,False,1,51.36,2022,11,6,Sunday,6,True,False,False,False,True,False,,False,False,True,False,False,False,44,4,310,55,False,6,False,False,2.0,1.0,1.0,2.0,1.0,1.0,1.0,1.2857142857142858,-2.719999999999999,1.0328462260356617
2022-11-07,PROD_024,Lotuscrafts Yoga Bolster,Wellness,Cojín Yoga,50,False,1,49.02,2022,11,7,Monday,0,False,True,False,False,False,False,,False,False,True,False,False,False,45,4,311,54,False,7,False,False,1.0,2.0,1.0,1.0,2.0,1.0,1.0,1.2857142857142858,1.9599999999999937,0.9955994854783023
2022-11-08,PROD_024,Lotuscrafts Yoga Bolster,Wellness,Cojín Yoga,50,False,1,49.78,2022,11,8,Tuesday,1,False,False,False,False,False,False,,False,False,True,False,False,False,45,4,312,53,False,8,False,False,1.0,1.0,2.0,1.0,1.0,2.0,1.0,1.2857142857142858,0.43999999999999767,1.0350706958691434
2022-11-09,PROD_024,Lotuscrafts Yoga Bolster,Wellness,Cojín Yoga,50,False,1,49.88,2022,11,9,Wednesday,2,False,False,False,False,False,False,,False,False,True,False,False,False,45,4,313,52,False,9,False,False,1.0,1.0,1.0,2.0,1.0,1.0,2.0,1.2857142857142858,0.2399999999999949,0.9900099239166391
2022-11-10,PROD_024,Lotuscrafts Yoga Bolster,Wellness,Cojín Yoga,50,False,1,50.85,2022,11,10,Thursday,3,False,False,False,False,False,False,,False,False,True,False,False,False,45,4,314,51,False,10,False,False,1.0,1.0,1.0,1.0,2.0,1.0,1.0,1.1428571428571428,-1.7000000000000028,1.0821451372632476
2022-11-11,PROD_024,Lotuscrafts Yoga Bolster,Wellness,Cojín Yoga,50,False,2,101.9,2022,11,11,Friday,4,False,False,True,False,False,False,,False,False,True,False,False,False,45,4,315,50,False,11,False,False,1.0,1.0,1.0,1.0,1.0,2.0,1.0,1.1428571428571428,-1.900000000000006,1.0964849354375896
2022-11-12,PROD_024,Lotuscrafts Yoga Bolster,Wellness,Cojín Yoga,50,False,2,98.36,2022,11,12,Saturday,5,True,False,False,True,False,False,,False,False,True,False,False,False,45,4,316,49,False,12,False,False,2.0,1.0,1.0,1.0,1.0,1.0,2.0,1.2857142857142858,1.6400000000000006,1.050181507580611
2022-11-13,PROD_024,Lotuscrafts Yoga Bolster,Wellness,Cojín Yoga,50,False,1,49.55,2022,11,13,Sunday,6,True,False,False,False,True,False,,False,False,True,False,False,False,45,4,317,48,False,13,False,False,2.0,2.0,1.0,1.0,1.0,1.0,1.0,1.2857142857142858,0.9000000000000057,1.0371171422591223
2022-11-14,PROD_024,Lotuscrafts Yoga Bolster,Wellness,Cojín Yoga,50,False,1,49.19,2022,11,14,Monday,0,False,True,False,False,False,False,,False,False,True,False,False,False,46,4,318,47,False,14,False,False,1.0,2.0,2.0,1.0,1.0,1.0,1.0,1.2857142857142858,1.6200000000000043,1.0145754554829836
2022-11-15,PROD_024,Lotuscrafts Yoga Bolster,Wellness,Cojín Yoga,50,False,1,50.51,2022,11,15,Tuesday,1,False,False,False,False,False,False,,False,False,True,False,False,False,46,4,319,46,False,15,False,False,1.0,1.0,2.0,2.0,1.0,1.0,1.0,1.2857142857142858,-1.019999999999996,0.9965145337366829
2022-11-16,PROD_024,Lotuscrafts Yoga Bolster,Wellness,Cojín Yoga,50,False,1,49.37,2022,11,16,Wednesday,2,False,False,False,False,False,False,,False,False,True,False,False,False,46,4,320,45,False,16,False,False,1.0,1.0,1.0,2.0,2.0,1.0,1.0,1.2857142857142858,1.2600000000000051,1.0239905973451326
2022-11-17,PROD_024,Lotuscrafts Yoga Bolster,Wellness,Cojín Yoga,50,False,1,50.82,2022,11,17,Thursday,3,False,False,False,False,False,False,,False,False,True,False,False,False,46,4,321,44,False,17,False,False,1.0,1.0,1.0,1.0,2.0,2.0,1.0,1.2857142857142858,-1.6400000000000006,1.0637733742673736
2022-11-18,PROD_024,Lotuscrafts Yoga Bolster,Wellness,Cojín Yoga,50,False,1,50.57,2022,11,18,Friday,4,False,False,True,False,False,False,,False,False,True,False,False,False,46,4,322,43,False,18,False,False,1.0,1.0,1.0,1.0,1.0,2.0,2.0,1.2857142857142858,-1.1400000000000006,1.0702645502645503
2022-11-19,PROD_024,Lotuscrafts Yoga Bolster,Wellness,Cojín Yoga,50,False,2,98.0,2022,11,19,Saturday,5,True,False,False,True,False,False,,False,False,True,False,False,False,46,4,323,42,False,19,False,False,1.0,1.0,1.0,1.0,1.0,1.0,2.0,1.1428571428571428,2.0,0.9915682967959528
2022-11-20,PROD_024,Lotuscrafts Yoga Bolster,Wellness,Cojín Yoga,50,False,1,50.05,2022,11,20,Sunday,6,True,False,False,False,True,False,,False,False,True,False,False,False,46,4,324,41,False,20,False,False,2.0,1.0,1.0,1.0,1.0,1.0,1.0,1.1428571428571428,-0.09999999999999432,1.031675140854748
2022-11-21,PROD_024,Lotuscrafts Yoga Bolster,Wellness,Cojín Yoga,50,False,1,49.21,2022,11,21,Monday,0,False,True,False,False,False,False,,False,False,True,False,False,False,47,4,325,40,False,21,False,False,1.0,2.0,1.0,1.0,1.0,1.0,1.0,1.1428571428571428,1.5799999999999985,0.9918038293584145
2022-11-22,PROD_024,Lotuscrafts Yoga Bolster,Wellness,Cojín Yoga,50,False,2,98.82,2022,11,22,Tuesday,1,False,False,False,False,False,False,,False,False,True,False,False,False,47,4,326,39,False,22,False,False,1.0,1.0,2.0,1.0,1.0,1.0,1.0,1.1428571428571428,1.1800000000000068,0.9868841544607191
2022-11-23,PROD_024,Lotuscrafts Yoga Bolster,Wellness,Cojín Yoga,50,False,2,100.0,2022,11,23,Wednesday,2,False,False,False,False,False,False,,False,False,True,False,False,False,47,4,327,38,False,23,False,False,2.0,1.0,1.0,2.0,1.0,1.0,1.0,1.2857142857142858,0.0,1.0187449062754685
2022-11-24,PROD_024,Lotuscrafts Yoga Bolster,Wellness,Cojín Yoga,50,False,1,48.96,2022,11,24,Thursday,3,False,False,False,False,False,False,,False,False,True,False,False,False,47,4,328,37,False,24,False,False,2.0,2.0,1.0,1.0,2.0,1.0,1.0,1.4285714285714286,2.0799999999999983,0.9797878727236342
2022-11-25,PROD_024,Lotuscrafts Yoga Bolster,Wellness,Cojín Yoga,50,False,7,332.5,2022,11,25,Friday,4,False,False,True,False,False,False,,True,False,True,False,False,False,47,4,329,36,False,25,False,False,1.0,2.0,2.0,1.0,1.0,2.0,1.0,1.4285714285714286,5.0,1.1034536162304474
2022-11-26,PROD_024,Lotuscrafts Yoga Bolster,Wellness,Cojín Yoga,50,False,8,384.0,2022,11,26,Saturday,5,True,False,False,True,False,False,,False,False,True,False,False,False,47,4,330,35,False,26,False,False,7.0,1.0,2.0,2.0,1.0,1.0,2.0,2.2857142857142856,4.0,0.962116656644618
2022-11-27,PROD_024,Lotuscrafts Yoga Bolster,Wellness,Cojín Yoga,50,False,6,288.0,2022,11,27,Sunday,6,True,False,False,False,True,False,,False,False,True,False,False,False,47,4,331,34,False,27,False,False,8.0,7.0,1.0,2.0,2.0,1.0,1.0,3.142857142857143,4.0,1.0193968568596914
2022-11-28,PROD_024,Lotuscrafts Yoga Bolster,Wellness,Cojín Yoga,50,False,7,332.5,2022,11,28,Monday,0,False,True,False,False,False,False,,False,True,True,False,False,False,48,4,332,33,False,28,True,False,6.0,8.0,7.0,1.0,2.0,2.0,1.0,3.857142857142857,5.0,0.9817430244574578
2022-11-29,PROD_024,Lotuscrafts Yoga Bolster,Wellness,Cojín Yoga,50,False,3,145.5,2022,11,29,Tuesday,1,False,False,False,False,False,False,,False,False,True,False,False,False,48,4,333,32,False,29,True,False,7.0,6.0,8.0,7.0,1.0,2.0,2.0,4.714285714285714,3.0,0.994667760459393
2022-11-30,PROD_024,Lotuscrafts Yoga Bolster,Wellness,Cojín Yoga,50,False,3,145.5,2022,11,30,Wednesday,2,False,False,False,False,False,False,,False,False,True,False,False,False,48,4,334,31,False,30,True,False,3.0,7.0,6.0,8.0,7.0,1.0,2.0,4.857142857142857,3.0,0.9640230570463129
2023-10-25,PROD_024,Lotuscrafts Yoga Bolster,Wellness,Cojín Yoga,50,False,1,51.33,2023,10,25,Wednesday,2,False,False,False,False,False,False,,False,False,False,False,False,False,43,4,298,67,True,25,False,False,3.0,3.0,7.0,6.0,8.0,7.0,1.0,5.0,-2.6599999999999966,1.0516287645974185
2023-10-26,PROD_024,Lotuscrafts Yoga Bolster,Wellness,Cojín Yoga,50,False,1,51.13,2023,10,26,Thursday,3,False,False,False,False,False,False,,False,False,False,False,False,False,43,4,299,66,True,26,False,False,1.0,3.0,3.0,7.0,6.0,8.0,7.0,5.0,-2.260000000000005,1.0607150266233316
2023-10-27,PROD_024,Lotuscrafts Yoga Bolster,Wellness,Cojín Yoga,50,False,2,99.94,2023,10,27,Friday,4,False,False,True,False,False,False,,False,False,False,False,False,False,43,4,300,65,True,27,False,False,1.0,1.0,3.0,3.0,7.0,6.0,8.0,4.142857142857143,0.060000000000002274,1.0267808219178083
2023-10-28,PROD_024,Lotuscrafts Yoga Bolster,Wellness,Cojín Yoga,50,False,2,100.8,2023,10,28,Saturday,5,True,False,False,True,False,False,,False,False,False,False,False,False,43,4,301,64,True,28,True,False,2.0,1.0,1.0,3.0,3.0,7.0,6.0,3.2857142857142856,-0.7999999999999973,1.0294117647058822
2023-10-29,PROD_024,Lotuscrafts Yoga Bolster,Wellness,Cojín Yoga,50,False,1,50.52,2023,10,29,Sunday,6,True,False,False,False,True,False,,False,False,False,False,False,False,43,4,302,63,True,29,True,False,2.0,2.0,1.0,1.0,3.0,3.0,7.0,2.7142857142857144,-1.0400000000000063,1.064026958719461
2023-10-30,PROD_024,Lotuscrafts Yoga Bolster,Wellness,Cojín Yoga,50,False,1,49.18,2023,10,30,Monday,0,False,True,False,False,False,False,,False,False,False,False,False,False,44,4,303,62,True,30,True,False,1.0,2.0,2.0,1.0,1.0,3.0,3.0,1.8571428571428572,1.6400000000000006,1.038063744459298
2023-10-31,PROD_024,Lotuscrafts Yoga Bolster,Wellness,Cojín Yoga,50,False,1,50.21,2023,10,31,Tuesday,1,False,False,False,False,False,False,,False,False,False,False,False,False,44,4,304,61,True,31,True,False,1.0,1.0,2.0,2.0,1.0,1.0,3.0,1.5714285714285714,-0.4200000000000017,1.061821514168899
2023-11-01,PROD_024,Lotuscrafts Yoga Bolster,Wellness,Cojín Yoga,50,False,1,50.15,2023,11,1,Wednesday,2,False,False,False,False,False,True,Todos los Santos,False,False,True,False,False,False,44,4,305,60,False,1,False,True,1.0,1.0,1.0,2.0,2.0,1.0,1.0,1.2857142857142858,-0.29999999999999716,1.0059507889810109
2023-11-02,PROD_024,Lotuscrafts Yoga Bolster,Wellness,Cojín Yoga,50,False,1,49.73,2023,11,2,Thursday,3,False,False,False,False,False,False,,False,False,True,False,False,False,44,4,306,59,False,2,False,True,1.0,1.0,1.0,1.0,2.0,2.0,1.0,1.2857142857142858,0.5400000000000063,1.0613217614000143
2023-11-03,PROD_024,Lotuscrafts Yoga Bolster,Wellness,Cojín Yoga,50,False,2,99.6,2023,11,3,Friday,4,False,False,True,False,False,False,,False,False,True,False,False,False,44,4,307,58,False,3,False,True,1.0,1.0,1.0,1.0,1.0,2.0,2.0,1.2857142857142858,0.40000000000000563,0.9919001460629397
2023-11-04,PROD_024,Lotuscrafts Yoga Bolster,Wellness,Cojín Yoga,50,False,2,102.08,2023,11,4,Saturday,5,True,False,False,True,False,False,,False,False,True,False,False,False,44,4,308,57,False,4,False,False,2.0,1.0,1.0,1.0,1.0,1.0,2.0,1.2857142857142858,-2.0799999999999983,1.0232558139534884
2023-11-05,PROD_024,Lotuscrafts Yoga Bolster,Wellness,Cojín Yoga,50,False,2,97.18,2023,11,5,Sunday,6,True,False,False,False,True,False,,False,False,True,False,False,False,44,4,309,56,False,5,False,False,2.0,2.0,1.0,1.0,1.0,1.0,1.0,1.2857142857142858,2.819999999999993,1.0071162083736356
2023-11-06,PROD_024,Lotuscrafts Yoga Bolster,Wellness,Cojín Yoga,50,False,1,48.52,2023,11,6,Monday,0,False,True,False,False,False,False,,False,False,True,False,False,False,45,4,310,55,False,6,False,False,2.0,2.0,2.0,1.0,1.0,1.0,1.0,1.4285714285714286,2.9599999999999937,1.0124504416776796
2023-11-07,PROD_024,Lotuscrafts Yoga Bolster,Wellness,Cojín Yoga,50,False,1,50.7,2023,11,7,Tuesday,1,False,False,False,False,False,False,,False,False,True,False,False,False,45,4,311,54,False,7,False,False,1.0,2.0,2.0,2.0,1.0,1.0,1.0,1.4285714285714286,-1.4000000000000057,1.0381543921916594
2023-11-08,PROD_024,Lotuscrafts Yoga Bolster,Wellness,Cojín Yoga,50,False,1,48.65,2023,11,8,Wednesday,2,False,False,False,False,False,False,,False,False,True,False,False,False,45,4,312,53,False,8,False,False,1.0,1.0,2.0,2.0,2.0,1.0,1.0,1.4285714285714286,2.700000000000003,0.9963137415523242
2023-11-09,PROD_024,Lotuscrafts Yoga Bolster,Wellness,Cojín Yoga,50,False,1,50.35,2023,11,9,Thursday,3,False,False,False,False,False,False,,False,False,True,False,False,False,45,4,313,52,False,9,False,False,1.0,1.0,1.0,2.0,2.0,2.0,1.0,1.4285714285714286,-0.7000000000000028,1.0119924963151548
2023-11-10,PROD_024,Lotuscrafts Yoga Bolster,Wellness,Cojín Yoga,50,False,2,99.78,2023,11,10,Friday,4,False,False,True,False,False,False,,False,False,True,False,False,False,45,4,314,51,False,10,False,False,1.0,1.0,1.0,1.0,2.0,2.0,2.0,1.4285714285714286,0.21999999999999884,1.035850231849955
2023-11-11,PROD_024,Lotuscrafts Yoga Bolster,Wellness,Cojín Yoga,50,False,2,99.58,2023,11,11,Saturday,5,True,False,False,True,False,False,,False,False,True,False,False,False,45,4,315,50,False,11,False,False,2.0,1.0,1.0,1.0,1.0,2.0,2.0,1.4285714285714286,0.4200000000000017,1.0429409300377042
2023-11-12,PROD_024,Lotuscrafts Yoga Bolster,Wellness,Cojín Yoga,50,False,1,50.37,2023,11,12,Sunday,6,True,False,False,False,True,False,,False,False,True,False,False,False,45,4,316,49,False,12,False,False,2.0,2.0,1.0,1.0,1.0,1.0,2.0,1.4285714285714286,-0.7399999999999949,1.0097560975609756
2023-11-13,PROD_024,Lotuscrafts Yoga Bolster,Wellness,Cojín Yoga,50,False,1,51.38,2023,11,13,Monday,0,False,True,False,False,False,False,,False,False,True,False,False,False,46,4,317,48,False,13,False,False,1.0,2.0,2.0,1.0,1.0,1.0,1.0,1.2857142857142858,-2.760000000000005,1.080168185003504
2023-11-14,PROD_024,Lotuscrafts Yoga Bolster,Wellness,Cojín Yoga,50,False,1,51.41,2023,11,14,Tuesday,1,False,False,False,False,False,False,,False,False,True,False,False,False,46,4,318,47,False,14,False,False,1.0,1.0,2.0,2.0,1.0,1.0,1.0,1.2857142857142858,-2.819999999999993,1.0668926397343663
2023-11-15,PROD_024,Lotuscrafts Yoga Bolster,Wellness,Cojín Yoga,50,False,1,50.1,2023,11,15,Wednesday,2,False,False,False,False,False,False,,False,False,True,False,False,False,46,4,319,46,False,15,False,False,1.0,1.0,1.0,2.0,2.0,1.0,1.0,1.2857142857142858,-0.20000000000000281,0.9990693964371178
2023-11-16,PROD_024,Lotuscrafts Yoga Bolster,Wellness,Cojín Yoga,50,False,1,49.87,2023,11,16,Thursday,3,False,False,False,False,False,False,,False,False,True,False,False,False,46,4,320,45,False,16,False,False,1.0,1.0,1.0,1.0,2.0,2.0,1.0,1.2857142857142858,0.2600000000000051,1.0360085866629736
2023-11-17,PROD_024,Lotuscrafts Yoga Bolster,Wellness,Cojín Yoga,50,False,1,50.29,2023,11,17,Friday,4,False,False,True,False,False,False,,False,False,True,False,False,False,46,4,321,44,False,17,False,False,1.0,1.0,1.0,1.0,1.0,2.0,2.0,1.2857142857142858,-0.5799999999999983,1.0013274042609677
2023-11-18,PROD_024,Lotuscrafts Yoga Bolster,Wellness,Cojín Yoga,50,False,1,50.21,2023,11,18,Saturday,5,True,False,False,True,False,False,,False,False,True,False,False,False,46,4,322,43,False,18,False,False,1.0,1.0,1.0,1.0,1.0,1.0,2.0,1.1428571428571428,-0.4200000000000017,1.0358272589740063
2023-11-19,PROD_024,Lotuscrafts Yoga Bolster,Wellness,Cojín Yoga,50,False,1,49.46,2023,11,19,Sunday,6,True,False,False,False,True,False,,False,False,True,False,False,False,46,4,323,42,False,19,False,False,1.0,1.0,1.0,1.0,1.0,1.0,1.0,1.0,1.0799999999999983,1.01860369327933
2023-11-20,PROD_024,Lotuscrafts Yoga Bolster,Wellness,Cojín Yoga,50,False,1,48.56,2023,11,20,Monday,0,False,True,False,False,False,False,,False,False,True,False,False,False,47,4,324,41,False,20,False,False,1.0,1.0,1.0,1.0,1.0,1.0,1.0,1.0,2.8799999999999955,0.9941991401078278
2023-11-21,PROD_024,Lotuscrafts Yoga Bolster,Wellness,Cojín Yoga,50,False,2,100.22,2023,11,21,Tuesday,1,False,False,False,False,False,False,,False,False,True,False,False,False,47,4,325,40,False,21,False,False,1.0,1.0,1.0,1.0,1.0,1.0,1.0,1.0,-0.21999999999999884,1.0696598833072435
2023-11-22,PROD_024,Lotuscrafts Yoga Bolster,Wellness,Cojín Yoga,50,False,2,97.84,2023,11,22,Wednesday,2,False,False,False,False,False,False,,False,False,True,False,False,False,47,4,326,39,False,22,False,False,2.0,1.0,1.0,1.0,1.0,1.0,1.0,1.1428571428571428,2.1599999999999966,0.9747608926673752
2023-11-23,PROD_024,Lotuscrafts Yoga Bolster,Wellness,Cojín Yoga,50,False,1,51.43,2023,11,23,Thursday,3,False,False,False,False,False,False,,False,False,True,False,False,False,47,4,327,38,False,23,False,False,2.0,2.0,1.0,1.0,1.0,1.0,1.0,1.2857142857142858,-2.8599999999999994,1.0171402201859054
2023-11-24,PROD_024,Lotuscrafts Yoga Bolster,Wellness,Cojín Yoga,50,False,6,285.0,2023,11,24,Friday,4,False,False,True,False,False,False,,True,False,True,False,False,False,47,4,328,37,False,24,False,False,1.0,2.0,2.0,1.0,1.0,1.0,1.0,1.2857142857142858,5.0,1.1433844178769157
2023-11-25,PROD_024,Lotuscrafts Yoga Bolster,Wellness,Cojín Yoga,50,False,8,384.0,2023,11,25,Saturday,5,True,False,False,True,False,False,,False,False,True,False,False,False,47,4,329,36,False,25,False,False,6.0,1.0,2.0,2.0,1.0,1.0,1.0,2.0,4.0,0.965924335927019
2023-11-26,PROD_024,Lotuscrafts Yoga Bolster,Wellness,Cojín Yoga,50,False,6,288.0,2023,11,26,Sunday,6,True,False,False,False,True,False,,False,False,True,False,False,False,47,4,330,35,False,26,False,False,8.0,6.0,1.0,2.0,2.0,1.0,1.0,3.0,4.0,0.979525202367186
2023-11-27,PROD_024,Lotuscrafts Yoga Bolster,Wellness,Cojín Yoga,50,False,5,237.5,2023,11,27,Monday,0,False,True,False,False,False,False,,False,True,True,False,False,False,48,4,331,34,False,27,False,False,6.0,8.0,6.0,1.0,2.0,2.0,1.0,3.7142857142857144,5.0,0.9466551517969839
2023-11-28,PROD_024,Lotuscrafts Yoga Bolster,Wellness,Cojín Yoga,50,False,4,194.0,2023,11,28,Tuesday,1,False,False,False,False,False,False,,False,False,True,False,False,False,48,4,332,33,False,28,True,False,5.0,6.0,8.0,6.0,1.0,2.0,2.0,4.285714285714286,3.0,1.0067810683642404
2023-11-29,PROD_024,Lotuscrafts Yoga Bolster,Wellness,Cojín Yoga,50,False,3,145.5,2023,11,29,Wednesday,2,False,False,False,False,False,False,,False,False,True,False,False,False,48,4,333,32,False,29,True,False,4.0,5.0,6.0,8.0,6.0,1.0,2.0,4.571428571428571,3.0,1.0013075493771935
2023-11-30,PROD_024,Lotuscrafts Yoga Bolster,Wellness,Cojín Yoga,50,False,1,51.43,2023,11,30,Thursday,3,False,False,False,False,False,False,,False,False,True,False,False,False,48,4,334,31,False,30,True,False,3.0,4.0,5.0,6.0,8.0,6.0,1.0,4.714285714285714,-2.8599999999999994,1.039129849137931
2024-10-25,PROD_024,Lotuscrafts Yoga Bolster,Wellness,Cojín Yoga,50,False,2,99.56,2024,10,25,Friday,4,False,False,True,False,False,False,,False,False,False,False,False,False,43,4,299,67,True,25,False,False,1.0,3.0,4.0,5.0,6.0,8.0,6.0,4.714285714285714,0.43999999999999767,1.0417131696428572
2024-10-26,PROD_024,Lotuscrafts Yoga Bolster,Wellness,Cojín Yoga,50,False,2,102.16,2024,10,26,Saturday,5,True,False,False,True,False,False,,False,False,False,False,False,False,43,4,300,66,True,26,False,False,2.0,1.0,3.0,4.0,5.0,6.0,8.0,4.142857142857143,-2.1599999999999966,1.0247425438009896
2024-10-27,PROD_024,Lotuscrafts Yoga Bolster,Wellness,Cojín Yoga,50,False,2,101.22,2024,10,27,Sunday,6,True,False,False,False,True,False,,False,False,False,False,False,False,43,4,301,65,True,27,False,False,2.0,2.0,1.0,3.0,4.0,5.0,6.0,3.2857142857142856,-1.2199999999999989,1.05679682605972
2024-10-28,PROD_024,Lotuscrafts Yoga Bolster,Wellness,Cojín Yoga,50,False,1,49.74,2024,10,28,Monday,0,False,True,False,False,False,False,,False,False,False,False,False,False,44,4,302,64,True,28,True,False,2.0,2.0,2.0,1.0,3.0,4.0,5.0,2.7142857142857144,0.519999999999996,1.009402692281675
2024-10-29,PROD_024,Lotuscrafts Yoga Bolster,Wellness,Cojín Yoga,50,False,1,51.12,2024,10,29,Tuesday,1,False,False,False,False,False,False,,False,False,False,False,False,False,44,4,303,63,True,29,True,False,1.0,2.0,2.0,2.0,1.0,3.0,4.0,2.142857142857143,-2.239999999999995,1.0595550642531435
2024-10-30,PROD_024,Lotuscrafts Yoga Bolster,Wellness,Cojín Yoga,50,False,2,101.1,2024,10,30,Wednesday,2,False,False,False,False,False,False,,False,False,False,False,False,False,44,4,304,62,True,30,True,False,1.0,1.0,2.0,2.0,2.0,1.0,3.0,1.7142857142857142,-1.0999999999999943,0.9846763197194985
2024-10-31,PROD_024,Lotuscrafts Yoga Bolster,Wellness,Cojín Yoga,50,False,1,49.42,2024,10,31,Thursday,3,False,False,False,False,False,False,,False,False,False,False,False,False,44,4,305,61,True,31,True,False,2.0,1.0,1.0,2.0,2.0,2.0,1.0,1.5714285714285714,1.1599999999999966,1.025594908688434
2024-11-01,PROD_024,Lotuscrafts Yoga Bolster,Wellness,Cojín Yoga,50,False,1,49.42,2024,11,1,Friday,4,False,False,True,False,False,True,Todos los Santos,False,False,True,False,False,False,44,4,306,60,False,1,False,True,1.0,2.0,1.0,1.0,2.0,2.0,2.0,1.5714285714285714,1.1599999999999966,1.0437170010559664
2024-11-02,PROD_024,Lotuscrafts Yoga Bolster,Wellness,Cojín Yoga,50,False,2,101.28,2024,11,2,Saturday,5,True,False,False,True,False,False,,False,False,True,False,False,False,44,4,307,59,False,2,False,True,1.0,1.0,2.0,1.0,1.0,2.0,2.0,1.4285714285714286,-1.2800000000000011,1.0321353352809295
2024-11-03,PROD_024,Lotuscrafts Yoga Bolster,Wellness,Cojín Yoga,50,False,1,50.5,2024,11,3,Sunday,6,True,False,False,False,True,False,,False,False,True,False,False,False,44,4,308,58,False,3,False,True,2.0,1.0,1.0,2.0,1.0,1.0,2.0,1.4285714285714286,-1.0,1.0856323898244356
2024-11-04,PROD_024,Lotuscrafts Yoga Bolster,Wellness,Cojín Yoga,50,False,2,102.2,2024,11,4,Monday,0,False,True,False,False,False,False,,False,False,True,False,False,False,45,4,309,57,False,4,False,False,1.0,2.0,1.0,1.0,2.0,1.0,1.0,1.2857142857142858,-2.200000000000003,1.077150084317032
2024-11-05,PROD_024,Lotuscrafts Yoga Bolster,Wellness,Cojín Yoga,50,False,1,49.43,2024,11,5,Tuesday,1,False,False,False,False,False,False,,False,False,True,False,False,False,45,4,310,56,False,5,False,False,2.0,1.0,2.0,1.0,1.0,2.0,1.0,1.4285714285714286,1.1400000000000006,0.995168109522851
2024-11-06,PROD_024,Lotuscrafts Yoga Bolster,Wellness,Cojín Yoga,50,False,1,49.28,2024,11,6,Wednesday,2,False,False,False,False,False,False,,False,False,True,False,False,False,45,4,311,55,False,6,False,False,1.0,2.0,1.0,2.0,1.0,1.0,2.0,1.4285714285714286,1.4399999999999977,0.9980422601768717
2024-11-07,PROD_024,Lotuscrafts Yoga Bolster,Wellness,Cojín Yoga,50,False,1,50.96,2024,11,7,Thursday,3,False,False,False,False,False,False,,False,False,True,False,False,False,45,4,312,54,False,7,False,False,1.0,1.0,2.0,1.0,2.0,1.0,1.0,1.2857142857142858,-1.9200000000000015,1.052892561983471
2024-11-08,PROD_024,Lotuscrafts Yoga Bolster,Wellness,Cojín Yoga,50,False,2,100.56,2024,11,8,Friday,4,False,False,True,False,False,False,,False,False,True,False,False,False,45,4,313,53,False,8,False,False,1.0,1.0,1.0,2.0,1.0,2.0,1.0,1.2857142857142858,-0.5600000000000023,1.0311026044158862
2024-11-09,PROD_024,Lotuscrafts Yoga Bolster,Wellness,Cojín Yoga,50,False,2,97.98,2024,11,9,Saturday,5,True,False,False,True,False,False,,False,False,True,False,False,False,45,4,314,52,False,9,False,False,2.0,1.0,1.0,1.0,2.0,1.0,2.0,1.4285714285714286,2.019999999999996,1.0485873287671235
2024-11-10,PROD_024,Lotuscrafts Yoga Bolster,Wellness,Cojín Yoga,50,False,1,51.17,2024,11,10,Sunday,6,True,False,False,False,True,False,,False,False,True,False,False,False,45,4,315,51,False,10,False,False,2.0,2.0,1.0,1.0,1.0,2.0,1.0,1.4285714285714286,-2.3400000000000034,1.040463603090687
2024-11-11,PROD_024,Lotuscrafts Yoga Bolster,Wellness,Cojín Yoga,50,False,1,50.36,2024,11,11,Monday,0,False,True,False,False,False,False,,False,False,True,False,False,False,46,4,316,50,False,11,False,False,1.0,2.0,2.0,1.0,1.0,1.0,2.0,1.4285714285714286,-0.7199999999999989,1.0212938552017845
2024-11-12,PROD_024,Lotuscrafts Yoga Bolster,Wellness,Cojín Yoga,50,False,1,49.6,2024,11,12,Tuesday,1,False,False,False,False,False,False,,False,False,True,False,False,False,46,4,317,49,False,12,False,False,1.0,1.0,2.0,2.0,1.0,1.0,1.0,1.2857142857142858,0.7999999999999973,1.0271986745823556
2024-11-13,PROD_024,Lotuscrafts Yoga Bolster,Wellness,Cojín Yoga,50,False,1,48.63,2024,11,13,Wednesday,2,False,False,False,False,False,False,,False,False,True,False,False,False,46,4,318,48,False,13,False,False,1.0,1.0,1.0,2.0,2.0,1.0,1.0,1.2857142857142858,2.739999999999995,1.0064155629139073
2024-11-14,PROD_024,Lotuscrafts Yoga Bolster,Wellness,Cojín Yoga,50,False,1,49.31,2024,11,14,Thursday,3,False,False,False,False,False,False,,False,False,True,False,False,False,46,4,319,47,False,14,False,False,1.0,1.0,1.0,1.0,2.0,2.0,1.0,1.2857142857142858,1.3799999999999955,1.0643977550726722
2024-11-15,PROD_024,Lotuscrafts Yoga Bolster,Wellness,Cojín Yoga,50,False,2,101.64,2024,11,15,Friday,4,False,False,True,False,False,False,,False,False,True,False,False,False,46,4,320,46,False,15,False,False,1.0,1.0,1.0,1.0,1.0,2.0,2.0,1.2857142857142858,-1.6400000000000006,1.057941849975713
2024-11-16,PROD_024,Lotuscrafts Yoga Bolster,Wellness,Cojín Yoga,50,False,2,102.04,2024,11,16,Saturday,5,True,False,False,True,False,False,,False,False,True,False,False,False,46,4,321,45,False,16,False,False,2.0,1.0,1.0,1.0,1.0,1.0,2.0,1.2857142857142858,-2.0400000000000063,1.0709487825356843
2024-11-17,PROD_024,Lotuscrafts Yoga Bolster,Wellness,Cojín Yoga,50,False,2,97.5,2024,11,17,Sunday,6,True,False,False,False,True,False,,False,False,True,False,False,False,46,4,322,44,False,17,False,False,2.0,2.0,1.0,1.0,1.0,1.0,1.0,1.2857142857142858,2.5,1.0077172190449941
2024-11-18,PROD_024,Lotuscrafts Yoga Bolster,Wellness,Cojín Yoga,50,False,1,51.14,2024,11,18,Monday,0,False,True,False,False,False,False,,False,False,True,False,False,False,47,4,323,43,False,18,False,False,2.0,2.0,2.0,1.0,1.0,1.0,1.0,1.4285714285714286,-2.280000000000001,1.0559570514144123
2024-11-19,PROD_024,Lotuscrafts Yoga Bolster,Wellness,Cojín Yoga,50,False,1,49.62,2024,11,19,Tuesday,1,False,False,False,False,False,False,,False,False,True,False,False,False,47,4,324,42,False,19,False,False,1.0,2.0,2.0,2.0,1.0,1.0,1.0,1.4285714285714286,0.7600000000000051,1.0278966993509184
2024-11-20,PROD_024,Lotuscrafts Yoga Bolster,Wellness,Cojín Yoga,50,False,1,49.37,2024,11,20,Wednesday,2,False,False,False,False,False,False,,False,False,True,False,False,False,47,4,325,41,False,20,False,False,1.0,1.0,2.0,2.0,2.0,1.0,1.0,1.4285714285714286,1.2600000000000051,1.0556664290805415
2024-11-21,PROD_024,Lotuscrafts Yoga Bolster,Wellness,Cojín Yoga,50,False,1,51.38,2024,11,21,Thursday,3,False,False,False,False,False,False,,False,False,True,False,False,False,47,4,326,40,False,21,False,False,1.0,1.0,1.0,2.0,2.0,2.0,1.0,1.4285714285714286,-2.760000000000005,1.0409238249594817
2024-11-22,PROD_024,Lotuscrafts Yoga Bolster,Wellness,Cojín Yoga,50,False,1,49.03,2024,11,22,Friday,4,False,False,True,False,False,False,,False,False,True,False,False,False,47,4,327,39,False,22,False,False,1.0,1.0,1.0,1.0,2.0,2.0,2.0,1.4285714285714286,1.9399999999999977,1.0298977734210897
2024-11-23,PROD_024,Lotuscrafts Yoga Bolster,Wellness,Cojín Yoga,50,False,2,97.4,2024,11,23,Saturday,5,True,False,False,True,False,False,,False,False,True,False,False,False,47,4,328,38,False,23,False,False,1.0,1.0,1.0,1.0,1.0,2.0,2.0,1.2857142857142858,2.5999999999999943,0.9799449996646322
2024-11-24,PROD_024,Lotuscrafts Yoga Bolster,Wellness,Cojín Yoga,50,False,1,51.07,2024,11,24,Sunday,6,True,False,False,False,True,False,,False,False,True,False,False,False,47,4,329,37,False,24,False,False,2.0,1.0,1.0,1.0,1.0,1.0,2.0,1.2857142857142858,-2.1400000000000006,1.096393301846286
2024-11-25,PROD_024,Lotuscrafts Yoga Bolster,Wellness,Cojín Yoga,50,False,2,97.5,2024,11,25,Monday,0,False,True,False,False,False,False,,False,False,True,False,False,False,48,4,330,36,False,25,False,False,1.0,2.0,1.0,1.0,1.0,1.0,1.0,1.1428571428571428,2.5,1.0318188231974037
2024-11-26,PROD_024,Lotuscrafts Yoga Bolster,Wellness,Cojín Yoga,50,False,2,97.38,2024,11,26,Tuesday,1,False,False,False,False,False,False,,False,False,True,False,False,False,48,4,331,35,False,26,False,False,2.0,1.0,2.0,1.0,1.0,1.0,1.0,1.2857142857142858,2.6200000000000045,1.0134600707694443
2024-11-27,PROD_024,Lotuscrafts Yoga Bolster,Wellness,Cojín Yoga,50,False,2,99.54,2024,11,27,Wednesday,2,False,False,False,False,False,False,,False,False,True,False,False,False,48,4,332,34,False,27,False,False,2.0,2.0,1.0,2.0,1.0,1.0,1.0,1.4285714285714286,0.45999999999999375,1.0150928003263309
2024-11-28,PROD_024,Lotuscrafts Yoga Bolster,Wellness,Cojín Yoga,50,False,2,99.66,2024,11,28,Thursday,3,False,False,False,False,False,False,,False,False,True,False,False,False,48,4,333,33,False,28,True,False,2.0,2.0,2.0,1.0,2.0,1.0,1.0,1.5714285714285714,0.3400000000000034,1.0090448869389133
2024-11-29,PROD_024,Lotuscrafts Yoga Bolster,Wellness,Cojín Yoga,50,False,8,380.0,2024,11,29,Friday,4,False,False,True,False,False,False,,True,False,True,False,False,False,48,4,334,32,False,29,True,False,2.0,2.0,2.0,2.0,1.0,2.0,1.0,1.7142857142857142,5.0,1.144578313253012
2024-11-30,PROD_024,Lotuscrafts Yoga Bolster,Wellness,Cojín Yoga,50,False,9,432.0,2024,11,30,Saturday,5,True,False,False,True,False,False,,False,False,True,False,False,False,48,4,335,31,False,30,True,False,8.0,2.0,2.0,2.0,2.0,1.0,2.0,2.7142857142857144,4.0,1.0123734533183353
