fecha,producto_id,nombre,categoria,subcategoria,precio_base,es_estrella,unidades_vendidas,precio_venta,ingresos,Amazon,Decathlon,Deporvillage,año,mes,día_mes,día_semana,día_semana_num,es_fin_semana,es_lunes,es_viernes,es_sabado,es_domingo,es_festivo,nombre_festivo,es_black_friday,es_cyber_monday,es_temporada_navidad,es_inicio_año,es_verano,es_cuarentena_pascua,num_semana,trimestre,día_año,días_hasta_fin_año,mes_tiene_31_dias,día_en_mes,es_fin_mes,es_inicio_mes,descuento_porcentaje,precio_competencia,ratio_precio,lag_1_unidades_vendidas,lag_2_unidades_vendidas,lag_3_unidades_vendidas,lag_4_unidades_vendidas,lag_5_unidades_vendidas,lag_6_unidades_vendidas,lag_7_unidades_vendidas,media_movil_7_unidades_vendidas
2025-11-01,PROD_001,Nike Air Zoom Pegasus 40,Running,Zapatillas Running,115,True,,115.0,,81.78,117.08,102.97,2025,11,1,Saturday,5,True,False,False,True,False,True,Todos los Santos,False,False,True,False,False,False,44,4,305,60,False,1,False,True,0.0,100.61000000000001,1.1430275320544676,14.0,10.0,14.0,15.0,16.0,20.0,26.0,16.428571428571427
2025-11-02,PROD_001,Nike Air Zoom Pegasus 40,Running,Zapatillas Running,115,True,,115.0,,86.36,110.03,96.83,2025,11,2,Sunday,6,True,False,False,False,True,False,,False,False,True,False,False,False,44,4,306,59,False,2,False,True,0.0,97.74,1.1765909555964804,,,,,,,,
2025-11-03,PROD_001,Nike Air Zoom Pegasus 40,Running,Zapatillas Running,115,True,,115.0,,80.95,111.73,105.86,2025,11,3,Monday,0,False,True,False,False,False,False,,False,False,True,False,False,False,45,4,307,58,False,3,False,True,0.0,99.51333333333334,1.155624036979969,,,,,,,,
2025-11-04,PROD_001,Nike Air Zoom Pegasus 40,Running,Zapatillas Running,115,True,,115.0,,89.83,120.46,106.37,2025,11,4,Tuesday,1,False,False,False,False,False,False,,False,False,True,False,False,False,45,4,308,57,False,4,False,False,0.0,105.55333333333333,1.0894966209814945,,,,,,,,
2025-11-05,PROD_001,Nike Air Zoom Pegasus 40,Running,Zapatillas Running,115,True,,115.0,,88.32,114.45,98.06,2025,11,5,Wednesday,2,False,False,False,False,False,False,,False,False,True,False,False,False,45,4,309,56,False,5,False,False,0.0,100.27666666666666,1.146827111657747,,,,,,,,
2025-11-06,PROD_001,Nike Air Zoom Pegasus 40,Running,Zapatillas Running,115,True,,115.0,,95.91,119.89,93.57,2025,11,6,Thursday,3,False,False,False,False,False,False,,False,False,True,False,False,False,45,4,310,55,False,6,False,False,0.0,103.12333333333333,1.115169538093545,,,,,,,,
2025-11-07,PROD_001,Nike Air Zoom Pegasus 40,Running,Zapatillas Running,115,True,,115.0,,87.44,108.78,103.82,2025,11,7,Friday,4,False,False,True,False,False,False,,False,False,True,False,False,False,45,4,311,54,False,7,False,False,0.0,100.01333333333332,1.1498466871083857,,,,,,,,
2025-11-08,PROD_001,Nike Air Zoom Pegasus 40,Running,Zapatillas Running,115,True,,115.0,,88.92,110.37,106.09,2025,11,8,Saturday,5,True,False,False,True,False,False,,False,False,True,False,False,False,45,4,312,53,False,8,False,False,0.0,101.79333333333334,1.1297399960704695,,,,,,,,
2025-11-09,PROD_001,Nike Air Zoom Pegasus 40,Running,Zapatillas Running,115,True,,115.0,,87.49,117.96,99.82,2025,11,9,Sunday,6,True,False,False,False,True,False,,False,False,True,False,False,False,45,4,313,52,False,9,False,False,0.0,101.75666666666666,1.1301470829102107,,,,,,,,
2025-11-10,PROD_001,Nike Air Zoom Pegasus 40,Running,Zapatillas Running,115,True,,115.0,,83.89,112.42,103.57,2025,11,10,Monday,0,False,True,False,False,False,False,,False,False,True,False,False,False,46,4,314,51,False,10,False,False,0.0,99.96,1.1504601840736295,,,,,,,,
2025-11-11,PROD_001,Nike Air Zoom Pegasus 40,Running,Zapatillas Running,115,True,,115.0,,86.17,115.98,97.15,2025,11,11,Tuesday,1,False,False,False,False,False,False,,False,False,True,False,False,False,46,4,315,50,False,11,False,False,0.0,99.76666666666667,1.1526896090878718,,,,,,,,
2025-11-12,PROD_001,Nike Air Zoom Pegasus 40,Running,Zapatillas Running,115,True,,115.0,,95.91,109.73,97.08,2025,11,12,Wednesday,2,False,False,False,False,False,False,,False,False,True,False,False,False,46,4,316,49,False,12,False,False,0.0,100.90666666666665,1.1396670190274842,,,,,,,,
2025-11-13,PROD_001,Nike Air Zoom Pegasus 40,Running,Zapatillas Running,115,True,,115.0,,92.67,105.39,98.33,2025,11,13,Thursday,3,False,False,False,False,False,False,,False,False,True,False,False,False,46,4,317,48,False,13,False,False,0.0,98.79666666666667,1.1640068828233072,,,,,,,,
2025-11-14,PROD_001,Nike Air Zoom Pegasus 40,Running,Zapatillas Running,115,True,,115.0,,95.91,123.88,100.14,2025,11,14,Friday,4,False,False,True,False,False,False,,False,False,True,False,False,False,46,4,318,47,False,14,False,False,0.0,106.64333333333333,1.0783608914450036,,,,,,,,
2025-11-15,PROD_001,Nike Air Zoom Pegasus 40,Running,Zapatillas Running,115,True,,115.0,,87.26,103.16,100.97,2025,11,15,Saturday,5,True,False,False,True,False,False,,False,False,True,False,False,False,46,4,319,46,False,15,False,False,0.0,97.13,1.1839802326778546,,,,,,,,
2025-11-16,PROD_001,Nike Air Zoom Pegasus 40,Running,Zapatillas Running,115,True,,115.0,,84.42,115.38,100.85,2025,11,16,Sunday,6,True,False,False,False,True,False,,False,False,True,False,False,False,46,4,320,45,False,16,False,False,0.0,100.21666666666665,1.1475137202727426,,,,,,,,
2025-11-17,PROD_001,Nike Air Zoom Pegasus 40,Running,Zapatillas Running,115,True,,115.0,,88.27,110.02,94.07,2025,11,17,Monday,0,False,True,False,False,False,False,,False,False,True,False,False,False,47,4,321,44,False,17,False,False,0.0,97.45333333333333,1.1800519906964018,,,,,,,,
2025-11-18,PROD_001,Nike Air Zoom Pegasus 40,Running,Zapatillas Running,115,True,,115.0,,84.63,111.51,98.36,2025,11,18,Tuesday,1,False,False,False,False,False,False,,False,False,True,False,False,False,47,4,322,43,False,18,False,False,0.0,98.16666666666667,1.1714770797962648,,,,,,,,
2025-11-19,PROD_001,Nike Air Zoom Pegasus 40,Running,Zapatillas Running,115,True,,115.0,,79.72,105.21,101.68,2025,11,19,Wednesday,2,False,False,False,False,False,False,,False,False,True,False,False,False,47,4,323,42,False,19,False,False,0.0,95.53666666666668,1.2037263179930915,,,,,,,,
2025-11-20,PROD_001,Nike Air Zoom Pegasus 40,Running,Zapatillas Running,115,True,,115.0,,89.86,113.07,103.35,2025,11,20,Thursday,3,False,False,False,False,False,False,,False,False,True,False,False,False,47,4,324,41,False,20,False,False,0.0,102.09333333333332,1.1264202690348701,,,,,,,,
2025-11-21,PROD_001,Nike Air Zoom Pegasus 40,Running,Zapatillas Running,115,True,,115.0,,83.11,103.87,99.61,2025,11,21,Friday,4,False,False,True,False,False,False,,False,False,True,False,False,False,47,4,325,40,False,21,False,False,0.0,95.53000000000002,1.203810321365016,,,,,,,,
2025-11-22,PROD_001,Nike Air Zoom Pegasus 40,Running,Zapatillas Running,115,True,,115.0,,90.93,109.47,101.8,2025,11,22,Saturday,5,True,False,False,True,False,False,,False,False,True,False,False,False,47,4,326,39,False,22,False,False,0.0,100.73333333333333,1.1416280608868299,,,,,,,,
2025-11-23,PROD_001,Nike Air Zoom Pegasus 40,Running,Zapatillas Running,115,True,,115.0,,93.77,117.81,101.14,2025,11,23,Sunday,6,True,False,False,False,True,False,,False,False,True,False,False,False,47,4,327,38,False,23,False,False,0.0,104.24,1.1032233307751345,,,,,,,,
2025-11-24,PROD_001,Nike Air Zoom Pegasus 40,Running,Zapatillas Running,115,True,,115.0,,80.2,122.64,100.61,2025,11,24,Monday,0,False,True,False,False,False,False,,False,False,True,False,False,False,48,4,328,37,False,24,False,False,0.0,101.14999999999999,1.1369253583786456,,,,,,,,
2025-11-25,PROD_001,Nike Air Zoom Pegasus 40,Running,Zapatillas Running,115,True,,115.0,,92.19,112.71,95.7,2025,11,25,Tuesday,1,False,False,False,False,False,False,,False,False,True,False,False,False,48,4,329,36,False,25,False,False,0.0,100.19999999999999,1.1477045908183634,,,,,,,,
2025-11-26,PROD_001,Nike Air Zoom Pegasus 40,Running,Zapatillas Running,115,True,,115.0,,85.94,112.14,94.15,2025,11,26,Wednesday,2,False,False,False,False,False,False,,False,False,True,False,False,False,48,4,330,35,False,26,False,False,0.0,97.41000000000001,1.1805769428190123,,,,,,,,
2025-11-27,PROD_001,Nike Air Zoom Pegasus 40,Running,Zapatillas Running,115,True,,115.0,,90.02,117.47,99.83,2025,11,27,Thursday,3,False,False,False,False,False,False,,False,False,True,False,False,False,48,4,331,34,False,27,False,False,0.0,102.44,1.1226083561108942,,,,,,,,
2025-11-28,PROD_001,Nike Air Zoom Pegasus 40,Running,Zapatillas Running,115,True,,97.75,,84.62,116.68,98.96,2025,11,28,Friday,4,False,False,True,False,False,False,,True,False,True,False,False,False,48,4,332,33,False,28,True,False,15.0,100.08666666666666,0.9766535669086792,,,,,,,,
2025-11-29,PROD_001,Nike Air Zoom Pegasus 40,Running,Zapatillas Running,115,True,,115.0,,89.41,115.61,106.52,2025,11,29,Saturday,5,True,False,False,True,False,False,,False,False,True,False,False,False,48,4,333,32,False,29,True,False,0.0,103.84666666666665,1.1074019387558582,,,,,,,,
2025-11-30,PROD_001,Nike Air Zoom Pegasus 40,Running,Zapatillas Running,115,True,,115.0,,89.5,115.22,96.99,2025,11,30,Sunday,6,True,False,False,False,True,False,,False,False,True,False,False,False,48,4,334,31,False,30,True,False,0.0,100.57,1.14348215173511,,,,,,,,
2025-11-01,PROD_002,Adidas Ultraboost 23,Running,Zapatillas Running,135,True,,135.0,,121.0,116.13,120.11,2025,11,1,Saturday,5,True,False,False,True,False,True,Todos los Santos,False,False,True,False,False,False,44,4,305,60,False,1,False,True,0.0,119.08,1.133691635875042,13.0,13.0,14.0,12.0,15.0,19.0,27.0,16.142857142857142
2025-11-02,PROD_002,Adidas Ultraboost 23,Running,Zapatillas Running,135,True,,135.0,,114.52,113.78,126.45,2025,11,2,Sunday,6,True,False,False,False,True,False,,False,False,True,False,False,False,44,4,306,59,False,2,False,True,0.0,118.25,1.1416490486257929,,,,,,,,
2025-11-03,PROD_002,Adidas Ultraboost 23,Running,Zapatillas Running,135,True,,135.0,,120.78,107.31,125.41,2025,11,3,Monday,0,False,True,False,False,False,False,,False,False,True,False,False,False,45,4,307,58,False,3,False,True,0.0,117.83333333333333,1.1456859971711457,,,,,,,,
2025-11-04,PROD_002,Adidas Ultraboost 23,Running,Zapatillas Running,135,True,,135.0,,123.43,112.46,129.05,2025,11,4,Tuesday,1,False,False,False,False,False,False,,False,False,True,False,False,False,45,4,308,57,False,4,False,False,0.0,121.64666666666666,1.109771469282622,,,,,,,,
2025-11-05,PROD_002,Adidas Ultraboost 23,Running,Zapatillas Running,135,True,,135.0,,131.62,117.72,111.92,2025,11,5,Wednesday,2,False,False,False,False,False,False,,False,False,True,False,False,False,45,4,309,56,False,5,False,False,0.0,120.42,1.1210762331838564,,,,,,,,
2025-11-06,PROD_002,Adidas Ultraboost 23,Running,Zapatillas Running,135,True,,135.0,,116.53,121.22,119.94,2025,11,6,Thursday,3,False,False,False,False,False,False,,False,False,True,False,False,False,45,4,310,55,False,6,False,False,0.0,119.23,1.1322653694539964,,,,,,,,
2025-11-07,PROD_002,Adidas Ultraboost 23,Running,Zapatillas Running,135,True,,135.0,,120.68,110.89,124.77,2025,11,7,Friday,4,False,False,True,False,False,False,,False,False,True,False,False,False,45,4,311,54,False,7,False,False,0.0,118.77999999999999,1.1365549755851154,,,,,,,,
2025-11-08,PROD_002,Adidas Ultraboost 23,Running,Zapatillas Running,135,True,,135.0,,121.34,118.71,128.24,2025,11,8,Saturday,5,True,False,False,True,False,False,,False,False,True,False,False,False,45,4,312,53,False,8,False,False,0.0,122.76333333333334,1.099676885063401,,,,,,,,
2025-11-09,PROD_002,Adidas Ultraboost 23,Running,Zapatillas Running,135,True,,135.0,,121.44,113.49,124.94,2025,11,9,Sunday,6,True,False,False,False,True,False,,False,False,True,False,False,False,45,4,313,52,False,9,False,False,0.0,119.95666666666666,1.1254063967543835,,,,,,,,
2025-11-10,PROD_002,Adidas Ultraboost 23,Running,Zapatillas Running,135,True,,135.0,,116.05,109.66,125.85,2025,11,10,Monday,0,False,True,False,False,False,False,,False,False,True,False,False,False,46,4,314,51,False,10,False,False,0.0,117.18666666666665,1.1520081920582548,,,,,,,,
2025-11-11,PROD_002,Adidas Ultraboost 23,Running,Zapatillas Running,135,True,,135.0,,122.63,122.69,123.66,2025,11,11,Tuesday,1,False,False,False,False,False,False,,False,False,True,False,False,False,46,4,315,50,False,11,False,False,0.0,122.99333333333334,1.0976204672339964,,,,,,,,
2025-11-12,PROD_002,Adidas Ultraboost 23,Running,Zapatillas Running,135,True,,135.0,,115.83,103.14,121.07,2025,11,12,Wednesday,2,False,False,False,False,False,False,,False,False,True,False,False,False,46,4,316,49,False,12,False,False,0.0,113.34666666666665,1.1910363486648632,,,,,,,,
2025-11-13,PROD_002,Adidas Ultraboost 23,Running,Zapatillas Running,135,True,,135.0,,119.51,114.47,121.54,2025,11,13,Thursday,3,False,False,False,False,False,False,,False,False,True,False,False,False,46,4,317,48,False,13,False,False,0.0,118.50666666666667,1.139176417641764,,,,,,,,
2025-11-14,PROD_002,Adidas Ultraboost 23,Running,Zapatillas Running,135,True,,135.0,,125.38,117.78,132.83,2025,11,14,Friday,4,False,False,True,False,False,False,,False,False,True,False,False,False,46,4,318,47,False,14,False,False,0.0,125.33,1.0771563073485997,,,,,,,,
2025-11-15,PROD_002,Adidas Ultraboost 23,Running,Zapatillas Running,135,True,,135.0,,111.55,117.92,126.61,2025,11,15,Saturday,5,True,False,False,True,False,False,,False,False,True,False,False,False,46,4,319,46,False,15,False,False,0.0,118.69333333333333,1.1373848573354304,,,,,,,,
2025-11-16,PROD_002,Adidas Ultraboost 23,Running,Zapatillas Running,135,True,,135.0,,118.13,117.61,129.04,2025,11,16,Sunday,6,True,False,False,False,True,False,,False,False,True,False,False,False,46,4,320,45,False,16,False,False,0.0,121.59333333333332,1.1102582378419872,,,,,,,,
2025-11-17,PROD_002,Adidas Ultraboost 23,Running,Zapatillas Running,135,True,,135.0,,115.55,108.22,134.81,2025,11,17,Monday,0,False,True,False,False,False,False,,False,False,True,False,False,False,47,4,321,44,False,17,False,False,0.0,119.52666666666666,1.1294550727871049,,,,,,,,
2025-11-18,PROD_002,Adidas Ultraboost 23,Running,Zapatillas Running,135,True,,135.0,,114.23,114.48,119.17,2025,11,18,Tuesday,1,False,False,False,False,False,False,,False,False,True,False,False,False,47,4,322,43,False,18,False,False,0.0,115.96,1.164194549844774,,,,,,,,
2025-11-19,PROD_002,Adidas Ultraboost 23,Running,Zapatillas Running,135,True,,135.0,,121.05,109.2,128.3,2025,11,19,Wednesday,2,False,False,False,False,False,False,,False,False,True,False,False,False,47,4,323,42,False,19,False,False,0.0,119.51666666666667,1.1295495746757775,,,,,,,,
2025-11-20,PROD_002,Adidas Ultraboost 23,Running,Zapatillas Running,135,True,,135.0,,115.81,114.69,123.37,2025,11,20,Thursday,3,False,False,False,False,False,False,,False,False,True,False,False,False,47,4,324,41,False,20,False,False,0.0,117.95666666666666,1.1444880888461866,,,,,,,,
2025-11-21,PROD_002,Adidas Ultraboost 23,Running,Zapatillas Running,135,True,,135.0,,119.59,123.49,126.37,2025,11,21,Friday,4,False,False,True,False,False,False,,False,False,True,False,False,False,47,4,325,40,False,21,False,False,0.0,123.14999999999999,1.0962241169305726,,,,,,,,
2025-11-22,PROD_002,Adidas Ultraboost 23,Running,Zapatillas Running,135,True,,135.0,,116.57,116.86,126.41,2025,11,22,Saturday,5,True,False,False,True,False,False,,False,False,True,False,False,False,47,4,326,39,False,22,False,False,0.0,119.94666666666667,1.1255002223210315,,,,,,,,
2025-11-23,PROD_002,Adidas Ultraboost 23,Running,Zapatillas Running,135,True,,135.0,,121.18,107.98,136.76,2025,11,23,Sunday,6,True,False,False,False,True,False,,False,False,True,False,False,False,47,4,327,38,False,23,False,False,0.0,121.97333333333334,1.1067993003935286,,,,,,,,
2025-11-24,PROD_002,Adidas Ultraboost 23,Running,Zapatillas Running,135,True,,135.0,,116.88,108.61,114.06,2025,11,24,Monday,0,False,True,False,False,False,False,,False,False,True,False,False,False,48,4,328,37,False,24,False,False,0.0,113.18333333333334,1.192755117066706,,,,,,,,
2025-11-25,PROD_002,Adidas Ultraboost 23,Running,Zapatillas Running,135,True,,135.0,,131.62,114.54,124.42,2025,11,25,Tuesday,1,False,False,False,False,False,False,,False,False,True,False,False,False,48,4,329,36,False,25,False,False,0.0,123.52666666666669,1.0928814291111228,,,,,,,,
2025-11-26,PROD_002,Adidas Ultraboost 23,Running,Zapatillas Running,135,True,,135.0,,114.75,108.06,135.22,2025,11,26,Wednesday,2,False,False,False,False,False,False,,False,False,True,False,False,False,48,4,330,35,False,26,False,False,0.0,119.34333333333332,1.1311901237326483,,,,,,,,
2025-11-27,PROD_002,Adidas Ultraboost 23,Running,Zapatillas Running,135,True,,135.0,,121.46,107.29,130.07,2025,11,27,Thursday,3,False,False,False,False,False,False,,False,False,True,False,False,False,48,4,331,34,False,27,False,False,0.0,119.60666666666667,1.1286996265537037,,,,,,,,
2025-11-28,PROD_002,Adidas Ultraboost 23,Running,Zapatillas Running,135,True,,114.75,,116.78,108.83,120.26,2025,11,28,Friday,4,False,False,True,False,False,False,,True,False,True,False,False,False,48,4,332,33,False,28,True,False,15.0,115.29,0.9953161592505855,,,,,,,,
2025-11-29,PROD_002,Adidas Ultraboost 23,Running,Zapatillas Running,135,True,,135.0,,129.59,119.82,112.9,2025,11,29,Saturday,5,True,False,False,True,False,False,,False,False,True,False,False,False,48,4,333,32,False,29,True,False,0.0,120.77,1.1178272749855096,,,,,,,,
2025-11-30,PROD_002,Adidas Ultraboost 23,Running,Zapatillas Running,135,True,,135.0,,123.73,111.02,125.09,2025,11,30,Sunday,6,True,False,False,False,True,False,,False,False,True,False,False,False,48,4,334,31,False,30,True,False,0.0,119.94666666666667,1.1255002223210315,,,,,,,,
2025-11-01,PROD_003,Asics Gel Nimbus 25,Running,Zapatillas Running,85,False,,86.39,,88.64,74.21,85.22,2025,11,1,Saturday,5,True,False,False,True,False,True,Todos los Santos,False,False,True,False,False,False,44,4,305,60,False,1,False,True,-1.6352941176470595,82.69,1.0447454347563188,2.0,4.0,8.0,6.0,3.0,5.0,5.0,4.714285714285714
2025-11-02,PROD_003,Asics Gel Nimbus 25,Running,Zapatillas Running,85,False,,85.16,,76.03,78.17,87.39,2025,11,2,Sunday,6,True,False,False,False,True,False,,False,False,True,False,False,False,44,4,306,59,False,2,False,True,-0.18823529411764306,80.52999999999999,1.0574941015770523,,,,,,,,
2025-11-03,PROD_003,Asics Gel Nimbus 25,Running,Zapatillas Running,85,False,,86.43,,84.38,76.74,79.77,2025,11,3,Monday,0,False,True,False,False,False,False,,False,False,True,False,False,False,45,4,307,58,False,3,False,True,-1.6823529411764786,80.29666666666667,1.0763834115156297,,,,,,,,
2025-11-04,PROD_003,Asics Gel Nimbus 25,Running,Zapatillas Running,85,False,,86.12,,81.64,73.86,81.7,2025,11,4,Tuesday,1,False,False,False,False,False,False,,False,False,True,False,False,False,45,4,308,57,False,4,False,False,-1.317647058823535,79.06666666666666,1.0892074198988198,,,,,,,,
2025-11-05,PROD_003,Asics Gel Nimbus 25,Running,Zapatillas Running,85,False,,85.15,,86.38,76.51,82.36,2025,11,5,Wednesday,2,False,False,False,False,False,False,,False,False,True,False,False,False,45,4,309,56,False,5,False,False,-0.1764705882353008,81.75,1.0415902140672784,,,,,,,,
2025-11-06,PROD_003,Asics Gel Nimbus 25,Running,Zapatillas Running,85,False,,83.32,,87.68,79.18,87.41,2025,11,6,Thursday,3,False,False,False,False,False,False,,False,False,True,False,False,False,45,4,310,55,False,6,False,False,1.9764705882353022,84.75666666666667,0.9830495142958271,,,,,,,,
2025-11-07,PROD_003,Asics Gel Nimbus 25,Running,Zapatillas Running,85,False,,85.78,,81.1,76.72,85.61,2025,11,7,Friday,4,False,False,True,False,False,False,,False,False,True,False,False,False,45,4,311,54,False,7,False,False,-0.9176470588235307,81.14333333333333,1.057141683440825,,,,,,,,
2025-11-08,PROD_003,Asics Gel Nimbus 25,Running,Zapatillas Running,85,False,,84.43,,89.33,77.08,83.22,2025,11,8,Saturday,5,True,False,False,True,False,False,,False,False,True,False,False,False,45,4,312,53,False,8,False,False,0.6705882352941096,83.21,1.0146616993149864,,,,,,,,
2025-11-09,PROD_003,Asics Gel Nimbus 25,Running,Zapatillas Running,85,False,,84.41,,88.59,81.31,84.31,2025,11,9,Sunday,6,True,False,False,False,True,False,,False,False,True,False,False,False,45,4,313,52,False,9,False,False,0.6941176470588275,84.73666666666666,0.9961449195546989,,,,,,,,
2025-11-10,PROD_003,Asics Gel Nimbus 25,Running,Zapatillas Running,85,False,,83.71,,89.46,80.25,87.11,2025,11,10,Monday,0,False,True,False,False,False,False,,False,False,True,False,False,False,46,4,314,51,False,10,False,False,1.5176470588235367,85.60666666666667,0.977844404641383,,,,,,,,
2025-11-11,PROD_003,Asics Gel Nimbus 25,Running,Zapatillas Running,85,False,,85.21,,84.74,81.89,76.09,2025,11,11,Tuesday,1,False,False,False,False,False,False,,False,False,True,False,False,False,46,4,315,50,False,11,False,False,-0.2470588235294044,80.90666666666667,1.0531888595912986,,,,,,,,
2025-11-12,PROD_003,Asics Gel Nimbus 25,Running,Zapatillas Running,85,False,,83.39,,88.63,73.66,87.9,2025,11,12,Wednesday,2,False,False,False,False,False,False,,False,False,True,False,False,False,46,4,316,49,False,12,False,False,1.8941176470588228,83.39666666666666,0.9999200607538271,,,,,,,,
2025-11-13,PROD_003,Asics Gel Nimbus 25,Running,Zapatillas Running,85,False,,85.03,,83.91,78.56,89.31,2025,11,13,Thursday,3,False,False,False,False,False,False,,False,False,True,False,False,False,46,4,317,48,False,13,False,False,-0.03529411764706016,83.92666666666666,1.013146397648741,,,,,,,,
2025-11-14,PROD_003,Asics Gel Nimbus 25,Running,Zapatillas Running,85,False,,84.08,,82.56,76.99,83.17,2025,11,14,Friday,4,False,False,True,False,False,False,,False,False,True,False,False,False,46,4,318,47,False,14,False,False,1.0823529411764727,80.90666666666668,1.0392221489782463,,,,,,,,
2025-11-15,PROD_003,Asics Gel Nimbus 25,Running,Zapatillas Running,85,False,,83.85,,89.06,78.48,82.83,2025,11,15,Saturday,5,True,False,False,True,False,False,,False,False,True,False,False,False,46,4,319,46,False,15,False,False,1.352941176470595,83.45666666666666,1.0047130247234093,,,,,,,,
2025-11-16,PROD_003,Asics Gel Nimbus 25,Running,Zapatillas Running,85,False,,86.33,,87.23,81.35,85.11,2025,11,16,Sunday,6,True,False,False,False,True,False,,False,False,True,False,False,False,46,4,320,45,False,16,False,False,-1.5647058823529392,84.56333333333333,1.0208916394024203,,,,,,,,
2025-11-17,PROD_003,Asics Gel Nimbus 25,Running,Zapatillas Running,85,False,,86.35,,81.73,76.67,83.28,2025,11,17,Monday,0,False,True,False,False,False,False,,False,False,True,False,False,False,47,4,321,44,False,17,False,False,-1.5882352941176403,80.56,1.0718718967229393,,,,,,,,
2025-11-18,PROD_003,Asics Gel Nimbus 25,Running,Zapatillas Running,85,False,,86.08,,78.27,70.25,85.66,2025,11,18,Tuesday,1,False,False,False,False,False,False,,False,False,True,False,False,False,47,4,322,43,False,18,False,False,-1.2705882352941158,78.05999999999999,1.102741480912119,,,,,,,,
2025-11-19,PROD_003,Asics Gel Nimbus 25,Running,Zapatillas Running,85,False,,84.06,,83.35,75.36,84.02,2025,11,19,Wednesday,2,False,False,False,False,False,False,,False,False,True,False,False,False,47,4,323,42,False,19,False,False,1.1058823529411737,80.90999999999998,1.0389321468298112,,,,,,,,
2025-11-20,PROD_003,Asics Gel Nimbus 25,Running,Zapatillas Running,85,False,,85.06,,86.74,74.97,89.07,2025,11,20,Thursday,3,False,False,False,False,False,False,,False,False,True,False,False,False,47,4,324,41,False,20,False,False,-0.07058823529412032,83.59333333333332,1.0175452587925673,,,,,,,,
2025-11-21,PROD_003,Asics Gel Nimbus 25,Running,Zapatillas Running,85,False,,86.6,,76.21,77.5,84.74,2025,11,21,Friday,4,False,False,True,False,False,False,,False,False,True,False,False,False,47,4,325,40,False,21,False,False,-1.882352941176464,79.48333333333333,1.0895365904801844,,,,,,,,
2025-11-22,PROD_003,Asics Gel Nimbus 25,Running,Zapatillas Running,85,False,,83.48,,96.07,78.89,83.71,2025,11,22,Saturday,5,True,False,False,True,False,False,,False,False,True,False,False,False,47,4,326,39,False,22,False,False,1.7882352941176423,86.22333333333331,0.9681833996984578,,,,,,,,
2025-11-23,PROD_003,Asics Gel Nimbus 25,Running,Zapatillas Running,85,False,,84.11,,84.75,74.35,88.23,2025,11,23,Sunday,6,True,False,False,False,True,False,,False,False,True,False,False,False,47,4,327,38,False,23,False,False,1.0470588235294125,82.44333333333333,1.0202159058747422,,,,,,,,
2025-11-24,PROD_003,Asics Gel Nimbus 25,Running,Zapatillas Running,85,False,,84.11,,88.32,75.36,89.01,2025,11,24,Monday,0,False,True,False,False,False,False,,False,False,True,False,False,False,48,4,328,37,False,24,False,False,1.0470588235294125,84.23,0.9985753294550634,,,,,,,,
2025-11-25,PROD_003,Asics Gel Nimbus 25,Running,Zapatillas Running,85,False,,85.45,,87.57,83.61,81.35,2025,11,25,Tuesday,1,False,False,False,False,False,False,,False,False,True,False,False,False,48,4,329,36,False,25,False,False,-0.5294117647058857,84.17666666666666,1.0151269156139866,,,,,,,,
2025-11-26,PROD_003,Asics Gel Nimbus 25,Running,Zapatillas Running,85,False,,83.44,,82.34,82.28,87.36,2025,11,26,Wednesday,2,False,False,False,False,False,False,,False,False,True,False,False,False,48,4,330,35,False,26,False,False,1.8352941176470614,83.99333333333334,0.9934121755694896,,,,,,,,
2025-11-27,PROD_003,Asics Gel Nimbus 25,Running,Zapatillas Running,85,False,,83.36,,77.88,77.76,81.12,2025,11,27,Thursday,3,False,False,False,False,False,False,,False,False,True,False,False,False,48,4,331,34,False,27,False,False,1.929411764705883,78.92,1.0562595032944755,,,,,,,,
2025-11-28,PROD_003,Asics Gel Nimbus 25,Running,Zapatillas Running,85,False,,72.25,,85.09,74.81,80.79,2025,11,28,Friday,4,False,False,True,False,False,False,,True,False,True,False,False,False,48,4,332,33,False,28,True,False,15.0,80.23,0.900535959117537,,,,,,,,
2025-11-29,PROD_003,Asics Gel Nimbus 25,Running,Zapatillas Running,85,False,,83.69,,80.89,79.81,80.57,2025,11,29,Saturday,5,True,False,False,True,False,False,,False,False,True,False,False,False,48,4,333,32,False,29,True,False,1.541176470588238,80.42333333333333,1.0406183943300038,,,,,,,,
2025-11-30,PROD_003,Asics Gel Nimbus 25,Running,Zapatillas Running,85,False,,86.08,,91.09,84.57,83.5,2025,11,30,Sunday,6,True,False,False,False,True,False,,False,False,True,False,False,False,48,4,334,31,False,30,True,False,-1.2705882352941158,86.38666666666666,0.9964500694551629,,,,,,,,
2025-11-01,PROD_004,New Balance Fresh Foam X 1080v12,Running,Zapatillas Running,75,False,,74.09,,85.42,65.98,76.98,2025,11,1,Saturday,5,True,False,False,True,False,True,Todos los Santos,False,False,True,False,False,False,44,4,305,60,False,1,False,True,1.2133333333333287,76.12666666666667,0.9732463438129434,3.0,9.0,1.0,5.0,6.0,1.0,3.0,4.0
2025-11-02,PROD_004,New Balance Fresh Foam X 1080v12,Running,Zapatillas Running,75,False,,73.57,,70.19,69.57,73.81,2025,11,2,Sunday,6,True,False,False,False,True,False,,False,False,True,False,False,False,44,4,306,59,False,2,False,True,1.9066666666666756,71.19,1.0334316617502457,,,,,,,,
2025-11-03,PROD_004,New Balance Fresh Foam X 1080v12,Running,Zapatillas Running,75,False,,73.55,,77.36,68.06,76.36,2025,11,3,Monday,0,False,True,False,False,False,False,,False,False,True,False,False,False,45,4,307,58,False,3,False,True,1.9333333333333373,73.92666666666668,0.9949048606727385,,,,,,,,
2025-11-04,PROD_004,New Balance Fresh Foam X 1080v12,Running,Zapatillas Running,75,False,,76.4,,71.09,64.61,73.22,2025,11,4,Tuesday,1,False,False,False,False,False,False,,False,False,True,False,False,False,45,4,308,57,False,4,False,False,-1.866666666666674,69.64,1.0970706490522688,,,,,,,,
2025-11-05,PROD_004,New Balance Fresh Foam X 1080v12,Running,Zapatillas Running,75,False,,74.01,,77.93,70.14,74.65,2025,11,5,Wednesday,2,False,False,False,False,False,False,,False,False,True,False,False,False,45,4,309,56,False,5,False,False,1.3199999999999932,74.24,0.9969019396551726,,,,,,,,
2025-11-06,PROD_004,New Balance Fresh Foam X 1080v12,Running,Zapatillas Running,75,False,,75.59,,70.94,68.76,74.56,2025,11,6,Thursday,3,False,False,False,False,False,False,,False,False,True,False,False,False,45,4,310,55,False,6,False,False,-0.7866666666666713,71.42,1.058387006440773,,,,,,,,
2025-11-07,PROD_004,New Balance Fresh Foam X 1080v12,Running,Zapatillas Running,75,False,,76.13,,69.9,70.54,77.22,2025,11,7,Friday,4,False,False,True,False,False,False,,False,False,True,False,False,False,45,4,311,54,False,7,False,False,-1.5066666666666606,72.55333333333333,1.0492970688229348,,,,,,,,
2025-11-08,PROD_004,New Balance Fresh Foam X 1080v12,Running,Zapatillas Running,75,False,,75.61,,68.96,66.04,75.76,2025,11,8,Saturday,5,True,False,False,True,False,False,,False,False,True,False,False,False,45,4,312,53,False,8,False,False,-0.8133333333333326,70.25333333333333,1.0762478648699942,,,,,,,,
2025-11-09,PROD_004,New Balance Fresh Foam X 1080v12,Running,Zapatillas Running,75,False,,76.1,,76.56,68.43,76.7,2025,11,9,Sunday,6,True,False,False,False,True,False,,False,False,True,False,False,False,45,4,313,52,False,9,False,False,-1.466666666666659,73.89666666666666,1.029816410302675,,,,,,,,
2025-11-10,PROD_004,New Balance Fresh Foam X 1080v12,Running,Zapatillas Running,75,False,,75.0,,76.79,71.2,76.92,2025,11,10,Monday,0,False,True,False,False,False,False,,False,False,True,False,False,False,46,4,314,51,False,10,False,False,0.0,74.97000000000001,1.0004001600640255,,,,,,,,
2025-11-11,PROD_004,New Balance Fresh Foam X 1080v12,Running,Zapatillas Running,75,False,,76.17,,77.11,65.51,70.44,2025,11,11,Tuesday,1,False,False,False,False,False,False,,False,False,True,False,False,False,46,4,315,50,False,11,False,False,-1.5600000000000023,71.02,1.0725147845677274,,,,,,,,
2025-11-12,PROD_004,New Balance Fresh Foam X 1080v12,Running,Zapatillas Running,75,False,,73.78,,72.54,68.58,80.51,2025,11,12,Wednesday,2,False,False,False,False,False,False,,False,False,True,False,False,False,46,4,316,49,False,12,False,False,1.6266666666666652,73.87666666666667,0.9986915128818301,,,,,,,,
2025-11-13,PROD_004,New Balance Fresh Foam X 1080v12,Running,Zapatillas Running,75,False,,74.36,,66.99,67.34,74.61,2025,11,13,Thursday,3,False,False,False,False,False,False,,False,False,True,False,False,False,46,4,317,48,False,13,False,False,0.853333333333334,69.64666666666666,1.0676749306020867,,,,,,,,
2025-11-14,PROD_004,New Balance Fresh Foam X 1080v12,Running,Zapatillas Running,75,False,,73.61,,72.6,71.08,74.57,2025,11,14,Friday,4,False,False,True,False,False,False,,False,False,True,False,False,False,46,4,318,47,False,14,False,False,1.8533333333333342,72.75,1.0118213058419243,,,,,,,,
2025-11-15,PROD_004,New Balance Fresh Foam X 1080v12,Running,Zapatillas Running,75,False,,75.81,,70.16,69.74,71.05,2025,11,15,Saturday,5,True,False,False,True,False,False,,False,False,True,False,False,False,46,4,319,46,False,15,False,False,-1.080000000000003,70.31666666666666,1.0781227779094573,,,,,,,,
2025-11-16,PROD_004,New Balance Fresh Foam X 1080v12,Running,Zapatillas Running,75,False,,73.76,,74.68,66.75,80.06,2025,11,16,Sunday,6,True,False,False,False,True,False,,False,False,True,False,False,False,46,4,320,45,False,16,False,False,1.6533333333333264,73.83,0.9990518759311934,,,,,,,,
2025-11-17,PROD_004,New Balance Fresh Foam X 1080v12,Running,Zapatillas Running,75,False,,75.68,,77.04,68.41,75.57,2025,11,17,Monday,0,False,True,False,False,False,False,,False,False,True,False,False,False,47,4,321,44,False,17,False,False,-0.9066666666666757,73.67333333333333,1.0272373540856032,,,,,,,,
2025-11-18,PROD_004,New Balance Fresh Foam X 1080v12,Running,Zapatillas Running,75,False,,74.47,,71.84,70.49,72.31,2025,11,18,Tuesday,1,False,False,False,False,False,False,,False,False,True,False,False,False,47,4,322,43,False,18,False,False,0.7066666666666682,71.54666666666667,1.0408591129332836,,,,,,,,
2025-11-19,PROD_004,New Balance Fresh Foam X 1080v12,Running,Zapatillas Running,75,False,,73.58,,74.03,66.45,78.79,2025,11,19,Wednesday,2,False,False,False,False,False,False,,False,False,True,False,False,False,47,4,323,42,False,19,False,False,1.8933333333333358,73.09000000000002,1.0067040634833764,,,,,,,,
2025-11-20,PROD_004,New Balance Fresh Foam X 1080v12,Running,Zapatillas Running,75,False,,74.02,,72.59,66.75,79.06,2025,11,20,Thursday,3,False,False,False,False,False,False,,False,False,True,False,False,False,47,4,324,41,False,20,False,False,1.306666666666672,72.8,1.0167582417582417,,,,,,,,
2025-11-21,PROD_004,New Balance Fresh Foam X 1080v12,Running,Zapatillas Running,75,False,,75.48,,76.12,69.31,78.76,2025,11,21,Friday,4,False,False,True,False,False,False,,False,False,True,False,False,False,47,4,325,40,False,21,False,False,-0.6400000000000053,74.73,1.0100361300682457,,,,,,,,
2025-11-22,PROD_004,New Balance Fresh Foam X 1080v12,Running,Zapatillas Running,75,False,,75.34,,68.39,67.17,77.75,2025,11,22,Saturday,5,True,False,False,True,False,False,,False,False,True,False,False,False,47,4,326,39,False,22,False,False,-0.45333333333333786,71.10333333333334,1.0595846420702264,,,,,,,,
2025-11-23,PROD_004,New Balance Fresh Foam X 1080v12,Running,Zapatillas Running,75,False,,73.54,,71.65,67.78,79.34,2025,11,23,Sunday,6,True,False,False,False,True,False,,False,False,True,False,False,False,47,4,327,38,False,23,False,False,1.9466666666666583,72.92333333333333,1.0084563697033415,,,,,,,,
2025-11-24,PROD_004,New Balance Fresh Foam X 1080v12,Running,Zapatillas Running,75,False,,73.79,,61.48,65.83,73.73,2025,11,24,Monday,0,False,True,False,False,False,False,,False,False,True,False,False,False,48,4,328,37,False,24,False,False,1.6133333333333248,67.01333333333334,1.1011241543971348,,,,,,,,
2025-11-25,PROD_004,New Balance Fresh Foam X 1080v12,Running,Zapatillas Running,75,False,,74.7,,69.48,72.21,77.9,2025,11,25,Tuesday,1,False,False,False,False,False,False,,False,False,True,False,False,False,48,4,329,36,False,25,False,False,0.3999999999999962,73.19666666666667,1.0205382758777721,,,,,,,,
2025-11-26,PROD_004,New Balance Fresh Foam X 1080v12,Running,Zapatillas Running,75,False,,73.64,,80.28,64.8,77.47,2025,11,26,Wednesday,2,False,False,False,False,False,False,,False,False,True,False,False,False,48,4,330,35,False,26,False,False,1.8133333333333324,74.18333333333332,0.9926758031902945,,,,,,,,
2025-11-27,PROD_004,New Balance Fresh Foam X 1080v12,Running,Zapatillas Running,75,False,,75.48,,74.53,67.87,74.56,2025,11,27,Thursday,3,False,False,False,False,False,False,,False,False,True,False,False,False,48,4,331,34,False,27,False,False,-0.6400000000000053,72.32000000000001,1.0436946902654867,,,,,,,,
2025-11-28,PROD_004,New Balance Fresh Foam X 1080v12,Running,Zapatillas Running,75,False,,63.75,,72.75,70.15,69.0,2025,11,28,Friday,4,False,False,True,False,False,False,,True,False,True,False,False,False,48,4,332,33,False,28,True,False,15.0,70.63333333333334,0.9025483718735252,,,,,,,,
2025-11-29,PROD_004,New Balance Fresh Foam X 1080v12,Running,Zapatillas Running,75,False,,74.87,,77.25,68.55,75.56,2025,11,29,Saturday,5,True,False,False,True,False,False,,False,False,True,False,False,False,48,4,333,32,False,29,True,False,0.1733333333333273,73.78666666666668,1.0146819660281894,,,,,,,,
2025-11-30,PROD_004,New Balance Fresh Foam X 1080v12,Running,Zapatillas Running,75,False,,76.22,,74.06,69.07,72.76,2025,11,30,Sunday,6,True,False,False,False,True,False,,False,False,True,False,False,False,48,4,334,31,False,30,True,False,-1.6266666666666652,71.96333333333332,1.0591504933067768,,,,,,,,
2025-11-01,PROD_005,Nike Dri-FIT Miler,Running,Ropa Running,35,False,,34.76,,36.95,32.91,35.69,2025,11,1,Saturday,5,True,False,False,True,False,True,Todos los Santos,False,False,True,False,False,False,44,4,305,60,False,1,False,True,0.6857142857142914,35.18333333333333,0.9879677877783042,4.0,2.0,5.0,2.0,1.0,6.0,3.0,3.2857142857142856
2025-11-02,PROD_005,Nike Dri-FIT Miler,Running,Ropa Running,35,False,,34.43,,35.95,31.24,34.87,2025,11,2,Sunday,6,True,False,False,False,True,False,,False,False,True,False,False,False,44,4,306,59,False,2,False,True,1.6285714285714292,34.02,1.0120517342739563,,,,,,,,
2025-11-03,PROD_005,Nike Dri-FIT Miler,Running,Ropa Running,35,False,,35.07,,36.61,31.86,33.8,2025,11,3,Monday,0,False,True,False,False,False,False,,False,False,True,False,False,False,45,4,307,58,False,3,False,True,-0.20000000000000082,34.089999999999996,1.0287474332648872,,,,,,,,
2025-11-04,PROD_005,Nike Dri-FIT Miler,Running,Ropa Running,35,False,,34.5,,34.17,32.71,36.65,2025,11,4,Tuesday,1,False,False,False,False,False,False,,False,False,True,False,False,False,45,4,308,57,False,4,False,False,1.4285714285714286,34.51,0.999710228919154,,,,,,,,
2025-11-05,PROD_005,Nike Dri-FIT Miler,Running,Ropa Running,35,False,,34.44,,35.23,31.45,34.26,2025,11,5,Wednesday,2,False,False,False,False,False,False,,False,False,True,False,False,False,45,4,309,56,False,5,False,False,1.6000000000000065,33.64666666666667,1.0235783633841886,,,,,,,,
2025-11-06,PROD_005,Nike Dri-FIT Miler,Running,Ropa Running,35,False,,34.42,,35.21,33.32,34.26,2025,11,6,Thursday,3,False,False,False,False,False,False,,False,False,True,False,False,False,45,4,310,55,False,6,False,False,1.6571428571428521,34.26333333333333,1.004572429224633,,,,,,,,
2025-11-07,PROD_005,Nike Dri-FIT Miler,Running,Ropa Running,35,False,,35.63,,33.42,31.78,35.28,2025,11,7,Friday,4,False,False,True,False,False,False,,False,False,True,False,False,False,45,4,311,54,False,7,False,False,-1.8000000000000071,33.49333333333333,1.0637937898089174,,,,,,,,
2025-11-08,PROD_005,Nike Dri-FIT Miler,Running,Ropa Running,35,False,,34.89,,37.55,31.68,34.87,2025,11,8,Saturday,5,True,False,False,True,False,False,,False,False,True,False,False,False,45,4,312,53,False,8,False,False,0.31428571428571267,34.699999999999996,1.0054755043227668,,,,,,,,
2025-11-09,PROD_005,Nike Dri-FIT Miler,Running,Ropa Running,35,False,,34.96,,35.38,31.09,35.55,2025,11,9,Sunday,6,True,False,False,False,True,False,,False,False,True,False,False,False,45,4,313,52,False,9,False,False,0.11428571428571184,34.00666666666667,1.0280337188786512,,,,,,,,
2025-11-10,PROD_005,Nike Dri-FIT Miler,Running,Ropa Running,35,False,,35.65,,37.66,30.4,33.78,2025,11,10,Monday,0,False,True,False,False,False,False,,False,False,True,False,False,False,46,4,314,51,False,10,False,False,-1.857142857142853,33.946666666666665,1.0501767478397486,,,,,,,,
2025-11-11,PROD_005,Nike Dri-FIT Miler,Running,Ropa Running,35,False,,35.52,,35.19,32.04,35.0,2025,11,11,Tuesday,1,False,False,False,False,False,False,,False,False,True,False,False,False,46,4,315,50,False,11,False,False,-1.4857142857142946,34.07666666666666,1.0423554729531452,,,,,,,,
2025-11-12,PROD_005,Nike Dri-FIT Miler,Running,Ropa Running,35,False,,35.66,,33.31,34.57,35.41,2025,11,12,Wednesday,2,False,False,False,False,False,False,,False,False,True,False,False,False,46,4,316,49,False,12,False,False,-1.885714285714276,34.43,1.0357246587278535,,,,,,,,
2025-11-13,PROD_005,Nike Dri-FIT Miler,Running,Ropa Running,35,False,,35.27,,38.83,31.16,36.01,2025,11,13,Thursday,3,False,False,False,False,False,False,,False,False,True,False,False,False,46,4,317,48,False,13,False,False,-0.7714285714285803,35.333333333333336,0.9982075471698113,,,,,,,,
2025-11-14,PROD_005,Nike Dri-FIT Miler,Running,Ropa Running,35,False,,34.36,,35.12,31.9,36.15,2025,11,14,Friday,4,False,False,True,False,False,False,,False,False,True,False,False,False,46,4,318,47,False,14,False,False,1.82857142857143,34.38999999999999,0.9991276533876129,,,,,,,,
2025-11-15,PROD_005,Nike Dri-FIT Miler,Running,Ropa Running,35,False,,35.17,,33.19,31.35,32.11,2025,11,15,Saturday,5,True,False,False,True,False,False,,False,False,True,False,False,False,46,4,319,46,False,15,False,False,-0.4857142857142906,32.21666666666666,1.0916709777547855,,,,,,,,
2025-11-16,PROD_005,Nike Dri-FIT Miler,Running,Ropa Running,35,False,,35.12,,33.78,29.88,35.35,2025,11,16,Sunday,6,True,False,False,False,True,False,,False,False,True,False,False,False,46,4,320,45,False,16,False,False,-0.34285714285713553,33.00333333333333,1.0641349358650642,,,,,,,,
2025-11-17,PROD_005,Nike Dri-FIT Miler,Running,Ropa Running,35,False,,35.44,,33.08,32.57,33.16,2025,11,17,Monday,0,False,True,False,False,False,False,,False,False,True,False,False,False,47,4,321,44,False,17,False,False,-1.2571428571428507,32.93666666666667,1.076004452990588,,,,,,,,
2025-11-18,PROD_005,Nike Dri-FIT Miler,Running,Ropa Running,35,False,,35.61,,38.22,31.94,34.51,2025,11,18,Tuesday,1,False,False,False,False,False,False,,False,False,True,False,False,False,47,4,322,43,False,18,False,False,-1.742857142857141,34.88999999999999,1.0206362854686157,,,,,,,,
2025-11-19,PROD_005,Nike Dri-FIT Miler,Running,Ropa Running,35,False,,35.43,,31.54,33.54,34.73,2025,11,19,Wednesday,2,False,False,False,False,False,False,,False,False,True,False,False,False,47,4,323,42,False,19,False,False,-1.2285714285714278,33.27,1.0649233543733092,,,,,,,,
2025-11-20,PROD_005,Nike Dri-FIT Miler,Running,Ropa Running,35,False,,34.88,,37.1,31.9,34.8,2025,11,20,Thursday,3,False,False,False,False,False,False,,False,False,True,False,False,False,47,4,324,41,False,20,False,False,0.34285714285713553,34.6,1.0080924855491329,,,,,,,,
2025-11-21,PROD_005,Nike Dri-FIT Miler,Running,Ropa Running,35,False,,35.51,,34.78,32.07,34.29,2025,11,21,Friday,4,False,False,True,False,False,False,,False,False,True,False,False,False,47,4,325,40,False,21,False,False,-1.4571428571428515,33.71333333333333,1.053292465888867,,,,,,,,
2025-11-22,PROD_005,Nike Dri-FIT Miler,Running,Ropa Running,35,False,,34.93,,35.94,30.49,35.57,2025,11,22,Saturday,5,True,False,False,True,False,False,,False,False,True,False,False,False,47,4,326,39,False,22,False,False,0.20000000000000082,34.0,1.0273529411764706,,,,,,,,
2025-11-23,PROD_005,Nike Dri-FIT Miler,Running,Ropa Running,35,False,,35.24,,31.88,33.45,35.31,2025,11,23,Sunday,6,True,False,False,False,True,False,,False,False,True,False,False,False,47,4,327,38,False,23,False,False,-0.6857142857142914,33.54666666666667,1.0504769475357711,,,,,,,,
2025-11-24,PROD_005,Nike Dri-FIT Miler,Running,Ropa Running,35,False,,35.03,,33.36,32.15,36.9,2025,11,24,Monday,0,False,True,False,False,False,False,,False,False,True,False,False,False,48,4,328,37,False,24,False,False,-0.08571428571428896,34.13666666666666,1.0261693194024022,,,,,,,,
2025-11-25,PROD_005,Nike Dri-FIT Miler,Running,Ropa Running,35,False,,35.49,,38.65,33.99,34.55,2025,11,25,Tuesday,1,False,False,False,False,False,False,,False,False,True,False,False,False,48,4,329,36,False,25,False,False,-1.4000000000000057,35.73,0.9932829554995803,,,,,,,,
2025-11-26,PROD_005,Nike Dri-FIT Miler,Running,Ropa Running,35,False,,34.49,,36.6,33.69,36.02,2025,11,26,Wednesday,2,False,False,False,False,False,False,,False,False,True,False,False,False,48,4,330,35,False,26,False,False,1.4571428571428515,35.43666666666667,0.9732856739723451,,,,,,,,
2025-11-27,PROD_005,Nike Dri-FIT Miler,Running,Ropa Running,35,False,,34.6,,36.76,30.05,33.34,2025,11,27,Thursday,3,False,False,False,False,False,False,,False,False,True,False,False,False,48,4,331,34,False,27,False,False,1.1428571428571388,33.38333333333333,1.036445332001997,,,,,,,,
2025-11-28,PROD_005,Nike Dri-FIT Miler,Running,Ropa Running,35,False,,29.75,,34.09,28.7,33.22,2025,11,28,Friday,4,False,False,True,False,False,False,,True,False,True,False,False,False,48,4,332,33,False,28,True,False,15.0,32.00333333333334,0.9295906676387875,,,,,,,,
2025-11-29,PROD_005,Nike Dri-FIT Miler,Running,Ropa Running,35,False,,35.17,,37.28,30.11,34.8,2025,11,29,Saturday,5,True,False,False,True,False,False,,False,False,True,False,False,False,48,4,333,32,False,29,True,False,-0.4857142857142906,34.06333333333333,1.0324885018103533,,,,,,,,
2025-11-30,PROD_005,Nike Dri-FIT Miler,Running,Ropa Running,35,False,,34.94,,34.76,32.47,36.34,2025,11,30,Sunday,6,True,False,False,False,True,False,,False,False,True,False,False,False,48,4,334,31,False,30,True,False,0.17142857142857792,34.52333333333333,1.0120691319880273,,,,,,,,
2025-11-01,PROD_006,Adidas Own The Run Jacket,Running,Ropa Running,65,False,,63.8,,63.82,60.99,61.98,2025,11,1,Saturday,5,True,False,False,True,False,True,Todos los Santos,False,False,True,False,False,False,44,4,305,60,False,1,False,True,1.8461538461538505,62.26333333333333,1.024680122062209,1.0,3.0,3.0,1.0,2.0,1.0,1.0,1.7142857142857142
2025-11-02,PROD_006,Adidas Own The Run Jacket,Running,Ropa Running,65,False,,66.03,,74.72,61.51,64.08,2025,11,2,Sunday,6,True,False,False,False,True,False,,False,False,True,False,False,False,44,4,306,59,False,2,False,True,-1.5846153846153863,66.77,0.9889171783735211,,,,,,,,
2025-11-03,PROD_006,Adidas Own The Run Jacket,Running,Ropa Running,65,False,,65.08,,61.5,57.73,62.19,2025,11,3,Monday,0,False,True,False,False,False,False,,False,False,True,False,False,False,45,4,307,58,False,3,False,True,-0.12307692307692046,60.47333333333333,1.0761768272516812,,,,,,,,
2025-11-04,PROD_006,Adidas Own The Run Jacket,Running,Ropa Running,65,False,,64.68,,62.52,57.2,68.52,2025,11,4,Tuesday,1,False,False,False,False,False,False,,False,False,True,False,False,False,45,4,308,57,False,4,False,False,0.49230769230768184,62.74666666666667,1.0308117297067574,,,,,,,,
2025-11-05,PROD_006,Adidas Own The Run Jacket,Running,Ropa Running,65,False,,65.75,,67.52,57.6,64.39,2025,11,5,Wednesday,2,False,False,False,False,False,False,,False,False,True,False,False,False,45,4,309,56,False,5,False,False,-1.153846153846154,63.169999999999995,1.0408421719170493,,,,,,,,
2025-11-06,PROD_006,Adidas Own The Run Jacket,Running,Ropa Running,65,False,,65.1,,69.63,60.37,61.86,2025,11,6,Thursday,3,False,False,False,False,False,False,,False,False,True,False,False,False,45,4,310,55,False,6,False,False,-0.1538461538461451,63.95333333333334,1.0179297404357341,,,,,,,,
2025-11-07,PROD_006,Adidas Own The Run Jacket,Running,Ropa Running,65,False,,64.44,,64.01,62.05,61.2,2025,11,7,Friday,4,False,False,True,False,False,False,,False,False,True,False,False,False,45,4,311,54,False,7,False,False,0.8615384615384649,62.419999999999995,1.032361422620955,,,,,,,,
2025-11-08,PROD_006,Adidas Own The Run Jacket,Running,Ropa Running,65,False,,65.18,,60.05,60.42,62.81,2025,11,8,Saturday,5,True,False,False,True,False,False,,False,False,True,False,False,False,45,4,312,53,False,8,False,False,-0.2769230769230874,61.093333333333334,1.0668921868179835,,,,,,,,
2025-11-09,PROD_006,Adidas Own The Run Jacket,Running,Ropa Running,65,False,,64.19,,63.04,57.69,63.07,2025,11,9,Sunday,6,True,False,False,False,True,False,,False,False,True,False,False,False,45,4,313,52,False,9,False,False,1.2461538461538497,61.26666666666666,1.047714907508161,,,,,,,,
2025-11-10,PROD_006,Adidas Own The Run Jacket,Running,Ropa Running,65,False,,66.03,,64.79,57.69,65.06,2025,11,10,Monday,0,False,True,False,False,False,False,,False,False,True,False,False,False,46,4,314,51,False,10,False,False,-1.5846153846153863,62.51333333333334,1.0562546656713234,,,,,,,,
2025-11-11,PROD_006,Adidas Own The Run Jacket,Running,Ropa Running,65,False,,63.99,,64.47,60.08,64.19,2025,11,11,Tuesday,1,False,False,False,False,False,False,,False,False,True,False,False,False,46,4,315,50,False,11,False,False,1.5538461538461508,62.913333333333334,1.0171134894563951,,,,,,,,
2025-11-12,PROD_006,Adidas Own The Run Jacket,Running,Ropa Running,65,False,,65.95,,62.74,60.8,65.62,2025,11,12,Wednesday,2,False,False,False,False,False,False,,False,False,True,False,False,False,46,4,316,49,False,12,False,False,-1.461538461538466,63.053333333333335,1.0459399450200888,,,,,,,,
2025-11-13,PROD_006,Adidas Own The Run Jacket,Running,Ropa Running,65,False,,66.12,,61.43,63.32,68.35,2025,11,13,Thursday,3,False,False,False,False,False,False,,False,False,True,False,False,False,46,4,317,48,False,13,False,False,-1.7230769230769298,64.36666666666666,1.0272397721387885,,,,,,,,
2025-11-14,PROD_006,Adidas Own The Run Jacket,Running,Ropa Running,65,False,,64.43,,62.46,60.44,62.53,2025,11,14,Friday,4,False,False,True,False,False,False,,False,False,True,False,False,False,46,4,318,47,False,14,False,False,0.8769230769230665,61.81,1.042387963112765,,,,,,,,
2025-11-15,PROD_006,Adidas Own The Run Jacket,Running,Ropa Running,65,False,,65.02,,58.72,58.42,63.65,2025,11,15,Saturday,5,True,False,False,True,False,False,,False,False,True,False,False,False,46,4,319,46,False,15,False,False,-0.03076923076922465,60.26333333333333,1.0789313568228331,,,,,,,,
2025-11-16,PROD_006,Adidas Own The Run Jacket,Running,Ropa Running,65,False,,65.29,,66.73,56.06,64.24,2025,11,16,Sunday,6,True,False,False,False,True,False,,False,False,True,False,False,False,46,4,320,45,False,16,False,False,-0.4461538461538557,62.343333333333334,1.047265144629204,,,,,,,,
2025-11-17,PROD_006,Adidas Own The Run Jacket,Running,Ropa Running,65,False,,65.08,,60.67,59.03,63.4,2025,11,17,Monday,0,False,True,False,False,False,False,,False,False,True,False,False,False,47,4,321,44,False,17,False,False,-0.12307692307692046,61.03333333333333,1.0663025669033315,,,,,,,,
2025-11-18,PROD_006,Adidas Own The Run Jacket,Running,Ropa Running,65,False,,64.05,,67.93,58.19,66.44,2025,11,18,Tuesday,1,False,False,False,False,False,False,,False,False,True,False,False,False,47,4,322,43,False,18,False,False,1.461538461538466,64.18666666666667,0.9978707935189032,,,,,,,,
2025-11-19,PROD_006,Adidas Own The Run Jacket,Running,Ropa Running,65,False,,65.68,,60.93,57.9,70.34,2025,11,19,Wednesday,2,False,False,False,False,False,False,,False,False,True,False,False,False,47,4,323,42,False,19,False,False,-1.0461538461538566,63.05666666666667,1.0416027911402443,,,,,,,,
2025-11-20,PROD_006,Adidas Own The Run Jacket,Running,Ropa Running,65,False,,64.77,,66.53,58.92,65.3,2025,11,20,Thursday,3,False,False,False,False,False,False,,False,False,True,False,False,False,47,4,324,41,False,20,False,False,0.35384615384615997,63.583333333333336,1.0186631716906944,,,,,,,,
2025-11-21,PROD_006,Adidas Own The Run Jacket,Running,Ropa Running,65,False,,66.14,,62.66,60.27,68.25,2025,11,21,Friday,4,False,False,True,False,False,False,,False,False,True,False,False,False,47,4,325,40,False,21,False,False,-1.7538461538461547,63.72666666666667,1.0378700700910137,,,,,,,,
2025-11-22,PROD_006,Adidas Own The Run Jacket,Running,Ropa Running,65,False,,65.89,,65.74,58.51,63.21,2025,11,22,Saturday,5,True,False,False,True,False,False,,False,False,True,False,False,False,47,4,326,39,False,22,False,False,-1.3692307692307701,62.48666666666667,1.0544649525232048,,,,,,,,
2025-11-23,PROD_006,Adidas Own The Run Jacket,Running,Ropa Running,65,False,,64.13,,63.22,60.38,66.92,2025,11,23,Sunday,6,True,False,False,False,True,False,,False,False,True,False,False,False,47,4,327,38,False,23,False,False,1.3384615384615455,63.50666666666666,1.0098152424942264,,,,,,,,
2025-11-24,PROD_006,Adidas Own The Run Jacket,Running,Ropa Running,65,False,,65.06,,67.49,58.68,67.33,2025,11,24,Monday,0,False,True,False,False,False,False,,False,False,True,False,False,False,48,4,328,37,False,24,False,False,-0.09230769230769581,64.5,1.0086821705426356,,,,,,,,
2025-11-25,PROD_006,Adidas Own The Run Jacket,Running,Ropa Running,65,False,,64.84,,63.3,57.99,58.95,2025,11,25,Tuesday,1,False,False,False,False,False,False,,False,False,True,False,False,False,48,4,329,36,False,25,False,False,0.24615384615384092,60.080000000000005,1.0792276964047935,,,,,,,,
2025-11-26,PROD_006,Adidas Own The Run Jacket,Running,Ropa Running,65,False,,64.48,,64.7,62.61,65.19,2025,11,26,Wednesday,2,False,False,False,False,False,False,,False,False,True,False,False,False,48,4,330,35,False,26,False,False,0.7999999999999939,64.16666666666667,1.004883116883117,,,,,,,,
2025-11-27,PROD_006,Adidas Own The Run Jacket,Running,Ropa Running,65,False,,64.7,,63.92,61.07,64.63,2025,11,27,Thursday,3,False,False,False,False,False,False,,False,False,True,False,False,False,48,4,331,34,False,27,False,False,0.4615384615384572,63.20666666666667,1.023626199767957,,,,,,,,
2025-11-28,PROD_006,Adidas Own The Run Jacket,Running,Ropa Running,65,False,,55.25,,63.61,54.73,65.17,2025,11,28,Friday,4,False,False,True,False,False,False,,True,False,True,False,False,False,48,4,332,33,False,28,True,False,15.0,61.169999999999995,0.9032205329409843,,,,,,,,
2025-11-29,PROD_006,Adidas Own The Run Jacket,Running,Ropa Running,65,False,,64.06,,66.3,61.76,66.76,2025,11,29,Saturday,5,True,False,False,True,False,False,,False,False,True,False,False,False,48,4,333,32,False,29,True,False,1.4461538461538426,64.94,0.9864490298737296,,,,,,,,
2025-11-30,PROD_006,Adidas Own The Run Jacket,Running,Ropa Running,65,False,,65.75,,64.9,58.42,62.32,2025,11,30,Sunday,6,True,False,False,False,True,False,,False,False,True,False,False,False,48,4,334,31,False,30,True,False,-1.153846153846154,61.88,1.062540400775695,,,,,,,,
2025-11-01,PROD_007,Puma Velocity Nitro 2,Running,Zapatillas Running,70,False,,70.3,,75.74,62.67,67.11,2025,11,1,Saturday,5,True,False,False,True,False,True,Todos los Santos,False,False,True,False,False,False,44,4,305,60,False,1,False,True,-0.4285714285714245,68.50666666666666,1.0261775009731413,4.0,3.0,1.0,6.0,2.0,2.0,5.0,3.2857142857142856
2025-11-02,PROD_007,Puma Velocity Nitro 2,Running,Zapatillas Running,70,False,,71.36,,69.56,69.36,70.95,2025,11,2,Sunday,6,True,False,False,False,True,False,,False,False,True,False,False,False,44,4,306,59,False,2,False,True,-1.942857142857142,69.95666666666666,1.0200600371658646,,,,,,,,
2025-11-03,PROD_007,Puma Velocity Nitro 2,Running,Zapatillas Running,70,False,,69.72,,69.44,62.86,67.05,2025,11,3,Monday,0,False,True,False,False,False,False,,False,False,True,False,False,False,45,4,307,58,False,3,False,True,0.40000000000000163,66.45,1.0492099322799096,,,,,,,,
2025-11-04,PROD_007,Puma Velocity Nitro 2,Running,Zapatillas Running,70,False,,70.1,,64.05,63.29,71.22,2025,11,4,Tuesday,1,False,False,False,False,False,False,,False,False,True,False,False,False,45,4,308,57,False,4,False,False,-0.14285714285713474,66.18666666666667,1.059125705076551,,,,,,,,
2025-11-05,PROD_007,Puma Velocity Nitro 2,Running,Zapatillas Running,70,False,,69.57,,68.8,67.45,68.96,2025,11,5,Wednesday,2,False,False,False,False,False,False,,False,False,True,False,False,False,45,4,309,56,False,5,False,False,0.6142857142857241,68.40333333333332,1.017055699040008,,,,,,,,
2025-11-06,PROD_007,Puma Velocity Nitro 2,Running,Zapatillas Running,70,False,,68.99,,64.6,63.78,66.27,2025,11,6,Thursday,3,False,False,False,False,False,False,,False,False,True,False,False,False,45,4,310,55,False,6,False,False,1.4428571428571502,64.88333333333333,1.063293090161829,,,,,,,,
2025-11-07,PROD_007,Puma Velocity Nitro 2,Running,Zapatillas Running,70,False,,69.77,,69.18,65.32,74.31,2025,11,7,Friday,4,False,False,True,False,False,False,,False,False,True,False,False,False,45,4,311,54,False,7,False,False,0.3285714285714343,69.60333333333334,1.002394521335185,,,,,,,,
2025-11-08,PROD_007,Puma Velocity Nitro 2,Running,Zapatillas Running,70,False,,68.64,,74.06,61.57,70.93,2025,11,8,Saturday,5,True,False,False,True,False,False,,False,False,True,False,False,False,45,4,312,53,False,8,False,False,1.942857142857142,68.85333333333334,0.9969016266460108,,,,,,,,
2025-11-09,PROD_007,Puma Velocity Nitro 2,Running,Zapatillas Running,70,False,,71.29,,69.04,61.37,76.15,2025,11,9,Sunday,6,True,False,False,False,True,False,,False,False,True,False,False,False,45,4,313,52,False,9,False,False,-1.8428571428571516,68.85333333333334,1.035389233152595,,,,,,,,
2025-11-10,PROD_007,Puma Velocity Nitro 2,Running,Zapatillas Running,70,False,,68.79,,70.22,62.08,71.33,2025,11,10,Monday,0,False,True,False,False,False,False,,False,False,True,False,False,False,46,4,314,51,False,10,False,False,1.7285714285714195,67.87666666666667,1.0134557776359083,,,,,,,,
2025-11-11,PROD_007,Puma Velocity Nitro 2,Running,Zapatillas Running,70,False,,71.11,,67.95,62.6,69.54,2025,11,11,Tuesday,1,False,False,False,False,False,False,,False,False,True,False,False,False,46,4,315,50,False,11,False,False,-1.5857142857142847,66.69666666666667,1.06617022339947,,,,,,,,
2025-11-12,PROD_007,Puma Velocity Nitro 2,Running,Zapatillas Running,70,False,,70.18,,68.05,66.84,62.87,2025,11,12,Wednesday,2,False,False,False,False,False,False,,False,False,True,False,False,False,46,4,316,49,False,12,False,False,-0.2571428571428669,65.92,1.064623786407767,,,,,,,,
2025-11-13,PROD_007,Puma Velocity Nitro 2,Running,Zapatillas Running,70,False,,69.83,,74.49,59.25,68.75,2025,11,13,Thursday,3,False,False,False,False,False,False,,False,False,True,False,False,False,46,4,317,48,False,13,False,False,0.2428571428571453,67.49666666666667,1.034569608375722,,,,,,,,
2025-11-14,PROD_007,Puma Velocity Nitro 2,Running,Zapatillas Running,70,False,,71.01,,68.67,63.47,70.96,2025,11,14,Friday,4,False,False,True,False,False,False,,False,False,True,False,False,False,46,4,318,47,False,14,False,False,-1.4428571428571502,67.69999999999999,1.0488921713441657,,,,,,,,
2025-11-15,PROD_007,Puma Velocity Nitro 2,Running,Zapatillas Running,70,False,,69.36,,66.01,67.63,72.0,2025,11,15,Saturday,5,True,False,False,True,False,False,,False,False,True,False,False,False,46,4,319,46,False,15,False,False,0.914285714285715,68.54666666666667,1.0118653958373858,,,,,,,,
2025-11-16,PROD_007,Puma Velocity Nitro 2,Running,Zapatillas Running,70,False,,68.68,,74.58,62.25,67.77,2025,11,16,Sunday,6,True,False,False,False,True,False,,False,False,True,False,False,False,46,4,320,45,False,16,False,False,1.885714285714276,68.19999999999999,1.0070381231671557,,,,,,,,
2025-11-17,PROD_007,Puma Velocity Nitro 2,Running,Zapatillas Running,70,False,,70.48,,68.12,64.87,66.52,2025,11,17,Monday,0,False,True,False,False,False,False,,False,False,True,False,False,False,47,4,321,44,False,17,False,False,-0.6857142857142914,66.50333333333333,1.0597965014285,,,,,,,,
2025-11-18,PROD_007,Puma Velocity Nitro 2,Running,Zapatillas Running,70,False,,68.88,,72.58,65.58,67.23,2025,11,18,Tuesday,1,False,False,False,False,False,False,,False,False,True,False,False,False,47,4,322,43,False,18,False,False,1.6000000000000065,68.46333333333332,1.0060859827644968,,,,,,,,
2025-11-19,PROD_007,Puma Velocity Nitro 2,Running,Zapatillas Running,70,False,,71.0,,68.71,66.33,66.88,2025,11,19,Wednesday,2,False,False,False,False,False,False,,False,False,True,False,False,False,47,4,323,42,False,19,False,False,-1.4285714285714286,67.30666666666666,1.0548732171156896,,,,,,,,
2025-11-20,PROD_007,Puma Velocity Nitro 2,Running,Zapatillas Running,70,False,,69.42,,72.23,60.14,74.1,2025,11,20,Thursday,3,False,False,False,False,False,False,,False,False,True,False,False,False,47,4,324,41,False,20,False,False,0.8285714285714261,68.82333333333334,1.0086695403690609,,,,,,,,
2025-11-21,PROD_007,Puma Velocity Nitro 2,Running,Zapatillas Running,70,False,,71.1,,68.13,66.09,67.83,2025,11,21,Friday,4,False,False,True,False,False,False,,False,False,True,False,False,False,47,4,325,40,False,21,False,False,-1.5714285714285632,67.35000000000001,1.0556792873051222,,,,,,,,
2025-11-22,PROD_007,Puma Velocity Nitro 2,Running,Zapatillas Running,70,False,,70.25,,64.94,65.45,66.04,2025,11,22,Saturday,5,True,False,False,True,False,False,,False,False,True,False,False,False,47,4,326,39,False,22,False,False,-0.35714285714285715,65.47666666666667,1.0729012879906328,,,,,,,,
2025-11-23,PROD_007,Puma Velocity Nitro 2,Running,Zapatillas Running,70,False,,69.75,,62.52,67.51,70.16,2025,11,23,Sunday,6,True,False,False,False,True,False,,False,False,True,False,False,False,47,4,327,38,False,23,False,False,0.35714285714285715,66.73,1.0452570058444477,,,,,,,,
2025-11-24,PROD_007,Puma Velocity Nitro 2,Running,Zapatillas Running,70,False,,70.74,,69.66,65.92,69.54,2025,11,24,Monday,0,False,True,False,False,False,False,,False,False,True,False,False,False,48,4,328,37,False,24,False,False,-1.0571428571428498,68.37333333333333,1.034613884555382,,,,,,,,
2025-11-25,PROD_007,Puma Velocity Nitro 2,Running,Zapatillas Running,70,False,,70.84,,68.7,63.67,70.4,2025,11,25,Tuesday,1,False,False,False,False,False,False,,False,False,True,False,False,False,48,4,329,36,False,25,False,False,-1.2000000000000048,67.59,1.0480840361000148,,,,,,,,
2025-11-26,PROD_007,Puma Velocity Nitro 2,Running,Zapatillas Running,70,False,,70.37,,63.86,62.43,68.56,2025,11,26,Wednesday,2,False,False,False,False,False,False,,False,False,True,False,False,False,48,4,330,35,False,26,False,False,-0.5285714285714351,64.95,1.0834488067744419,,,,,,,,
2025-11-27,PROD_007,Puma Velocity Nitro 2,Running,Zapatillas Running,70,False,,70.94,,70.08,64.56,68.25,2025,11,27,Thursday,3,False,False,False,False,False,False,,False,False,True,False,False,False,48,4,331,34,False,27,False,False,-1.3428571428571396,67.63,1.0489427768741684,,,,,,,,
2025-11-28,PROD_007,Puma Velocity Nitro 2,Running,Zapatillas Running,70,False,,59.5,,62.22,63.05,72.47,2025,11,28,Friday,4,False,False,True,False,False,False,,True,False,True,False,False,False,48,4,332,33,False,28,True,False,15.0,65.91333333333334,0.9027005158288661,,,,,,,,
2025-11-29,PROD_007,Puma Velocity Nitro 2,Running,Zapatillas Running,70,False,,70.92,,72.59,64.36,72.11,2025,11,29,Saturday,5,True,False,False,True,False,False,,False,False,True,False,False,False,48,4,333,32,False,29,True,False,-1.3142857142857167,69.68666666666667,1.0176982684396825,,,,,,,,
2025-11-30,PROD_007,Puma Velocity Nitro 2,Running,Zapatillas Running,70,False,,70.28,,66.4,64.91,69.22,2025,11,30,Sunday,6,True,False,False,False,True,False,,False,False,True,False,False,False,48,4,334,31,False,30,True,False,-0.40000000000000163,66.84333333333333,1.0514137535530843,,,,,,,,
2025-11-01,PROD_008,Reebok Floatride Energy 5,Running,Zapatillas Running,65,False,,64.41,,68.08,55.66,67.77,2025,11,1,Saturday,5,True,False,False,True,False,True,Todos los Santos,False,False,True,False,False,False,44,4,305,60,False,1,False,True,0.907692307692313,63.836666666666666,1.0089812542425982,3.0,2.0,1.0,8.0,1.0,2.0,5.0,3.142857142857143
2025-11-02,PROD_008,Reebok Floatride Energy 5,Running,Zapatillas Running,65,False,,63.94,,64.35,60.56,65.42,2025,11,2,Sunday,6,True,False,False,False,True,False,,False,False,True,False,False,False,44,4,306,59,False,2,False,True,1.6307692307692343,63.44333333333333,1.007828508380182,,,,,,,,
2025-11-03,PROD_008,Reebok Floatride Energy 5,Running,Zapatillas Running,65,False,,65.97,,59.86,60.96,66.49,2025,11,3,Monday,0,False,True,False,False,False,False,,False,False,True,False,False,False,45,4,307,58,False,3,False,True,-1.4923076923076906,62.43666666666667,1.0565906785542682,,,,,,,,
2025-11-04,PROD_008,Reebok Floatride Energy 5,Running,Zapatillas Running,65,False,,65.41,,67.59,60.22,64.82,2025,11,4,Tuesday,1,False,False,False,False,False,False,,False,False,True,False,False,False,45,4,308,57,False,4,False,False,-0.6307692307692255,64.21,1.0186886777760473,,,,,,,,
2025-11-05,PROD_008,Reebok Floatride Energy 5,Running,Zapatillas Running,65,False,,64.28,,58.7,60.96,65.32,2025,11,5,Wednesday,2,False,False,False,False,False,False,,False,False,True,False,False,False,45,4,309,56,False,5,False,False,1.107692307692306,61.66,1.0424910801167695,,,,,,,,
2025-11-06,PROD_008,Reebok Floatride Energy 5,Running,Zapatillas Running,65,False,,63.79,,60.77,61.44,64.89,2025,11,6,Thursday,3,False,False,False,False,False,False,,False,False,True,False,False,False,45,4,310,55,False,6,False,False,1.8615384615384627,62.366666666666674,1.0228220203099945,,,,,,,,
2025-11-07,PROD_008,Reebok Floatride Energy 5,Running,Zapatillas Running,65,False,,65.94,,67.05,58.32,67.14,2025,11,7,Friday,4,False,False,True,False,False,False,,False,False,True,False,False,False,45,4,311,54,False,7,False,False,-1.4461538461538426,64.17,1.0275829827021972,,,,,,,,
2025-11-08,PROD_008,Reebok Floatride Energy 5,Running,Zapatillas Running,65,False,,65.86,,64.96,58.33,63.94,2025,11,8,Saturday,5,True,False,False,True,False,False,,False,False,True,False,False,False,45,4,312,53,False,8,False,False,-1.3230769230769222,62.41,1.055279602627784,,,,,,,,
2025-11-09,PROD_008,Reebok Floatride Energy 5,Running,Zapatillas Running,65,False,,63.9,,63.52,57.14,68.09,2025,11,9,Sunday,6,True,False,False,False,True,False,,False,False,True,False,False,False,45,4,313,52,False,9,False,False,1.6923076923076943,62.916666666666664,1.0156291390728478,,,,,,,,
2025-11-10,PROD_008,Reebok Floatride Energy 5,Running,Zapatillas Running,65,False,,65.58,,63.95,58.38,68.5,2025,11,10,Monday,0,False,True,False,False,False,False,,False,False,True,False,False,False,46,4,314,51,False,10,False,False,-0.8923076923076897,63.61000000000001,1.0309699732746422,,,,,,,,
2025-11-11,PROD_008,Reebok Floatride Energy 5,Running,Zapatillas Running,65,False,,64.53,,65.32,61.06,65.68,2025,11,11,Tuesday,1,False,False,False,False,False,False,,False,False,True,False,False,False,46,4,315,50,False,11,False,False,0.7230769230769213,64.02,1.0079662605435802,,,,,,,,
2025-11-12,PROD_008,Reebok Floatride Energy 5,Running,Zapatillas Running,65,False,,65.3,,64.91,61.47,63.74,2025,11,12,Wednesday,2,False,False,False,False,False,False,,False,False,True,False,False,False,46,4,316,49,False,12,False,False,-0.4615384615384572,63.373333333333335,1.0304018514622344,,,,,,,,
2025-11-13,PROD_008,Reebok Floatride Energy 5,Running,Zapatillas Running,65,False,,64.95,,69.64,61.17,65.75,2025,11,13,Thursday,3,False,False,False,False,False,False,,False,False,True,False,False,False,46,4,317,48,False,13,False,False,0.07692307692307256,65.52,0.9913003663003664,,,,,,,,
2025-11-14,PROD_008,Reebok Floatride Energy 5,Running,Zapatillas Running,65,False,,66.26,,63.03,62.27,68.82,2025,11,14,Friday,4,False,False,True,False,False,False,,False,False,True,False,False,False,46,4,318,47,False,14,False,False,-1.9384615384615462,64.70666666666666,1.024005769627035,,,,,,,,
2025-11-15,PROD_008,Reebok Floatride Energy 5,Running,Zapatillas Running,65,False,,64.32,,62.76,58.66,63.04,2025,11,15,Saturday,5,True,False,False,True,False,False,,False,False,True,False,False,False,46,4,319,46,False,15,False,False,1.0461538461538566,61.48666666666666,1.0460804510462973,,,,,,,,
2025-11-16,PROD_008,Reebok Floatride Energy 5,Running,Zapatillas Running,65,False,,64.45,,61.04,57.7,64.91,2025,11,16,Sunday,6,True,False,False,False,True,False,,False,False,True,False,False,False,46,4,320,45,False,16,False,False,0.8461538461538418,61.21666666666667,1.0528178600598965,,,,,,,,
2025-11-17,PROD_008,Reebok Floatride Energy 5,Running,Zapatillas Running,65,False,,64.7,,65.45,57.08,66.65,2025,11,17,Monday,0,False,True,False,False,False,False,,False,False,True,False,False,False,47,4,321,44,False,17,False,False,0.4615384615384572,63.06,1.0260069774817635,,,,,,,,
2025-11-18,PROD_008,Reebok Floatride Energy 5,Running,Zapatillas Running,65,False,,66.17,,68.13,58.84,64.87,2025,11,18,Tuesday,1,False,False,False,False,False,False,,False,False,True,False,False,False,47,4,322,43,False,18,False,False,-1.8000000000000027,63.946666666666665,1.0347685571309424,,,,,,,,
2025-11-19,PROD_008,Reebok Floatride Energy 5,Running,Zapatillas Running,65,False,,65.29,,67.02,61.68,68.92,2025,11,19,Wednesday,2,False,False,False,False,False,False,,False,False,True,False,False,False,47,4,323,42,False,19,False,False,-0.4461538461538557,65.87333333333333,0.9911446209897784,,,,,,,,
2025-11-20,PROD_008,Reebok Floatride Energy 5,Running,Zapatillas Running,65,False,,65.03,,62.35,58.19,63.48,2025,11,20,Thursday,3,False,False,False,False,False,False,,False,False,True,False,False,False,47,4,324,41,False,20,False,False,-0.046153846153847905,61.339999999999996,1.060156504727747,,,,,,,,
2025-11-21,PROD_008,Reebok Floatride Energy 5,Running,Zapatillas Running,65,False,,65.73,,62.64,58.26,64.58,2025,11,21,Friday,4,False,False,True,False,False,False,,False,False,True,False,False,False,47,4,325,40,False,21,False,False,-1.1230769230769293,61.826666666666675,1.0631334914815613,,,,,,,,
2025-11-22,PROD_008,Reebok Floatride Energy 5,Running,Zapatillas Running,65,False,,66.22,,69.68,58.11,62.97,2025,11,22,Saturday,5,True,False,False,True,False,False,,False,False,True,False,False,False,47,4,326,39,False,22,False,False,-1.8769230769230754,63.586666666666666,1.0414132941916545,,,,,,,,
2025-11-23,PROD_008,Reebok Floatride Energy 5,Running,Zapatillas Running,65,False,,65.82,,66.3,57.83,63.28,2025,11,23,Sunday,6,True,False,False,False,True,False,,False,False,True,False,False,False,47,4,327,38,False,23,False,False,-1.261538461538451,62.47,1.0536257403553704,,,,,,,,
2025-11-24,PROD_008,Reebok Floatride Energy 5,Running,Zapatillas Running,65,False,,65.1,,70.13,62.97,63.5,2025,11,24,Monday,0,False,True,False,False,False,False,,False,False,True,False,False,False,48,4,328,37,False,24,False,False,-0.1538461538461451,65.53333333333333,0.9933875890132248,,,,,,,,
2025-11-25,PROD_008,Reebok Floatride Energy 5,Running,Zapatillas Running,65,False,,66.01,,63.24,60.4,67.62,2025,11,25,Tuesday,1,False,False,False,False,False,False,,False,False,True,False,False,False,48,4,329,36,False,25,False,False,-1.5538461538461616,63.75333333333333,1.03539684199519,,,,,,,,
2025-11-26,PROD_008,Reebok Floatride Energy 5,Running,Zapatillas Running,65,False,,65.13,,63.99,57.64,61.64,2025,11,26,Wednesday,2,False,False,False,False,False,False,,False,False,True,False,False,False,48,4,330,35,False,26,False,False,-0.19999999999999302,61.089999999999996,1.06613193648715,,,,,,,,
2025-11-27,PROD_008,Reebok Floatride Energy 5,Running,Zapatillas Running,65,False,,65.58,,62.01,57.55,64.97,2025,11,27,Thursday,3,False,False,False,False,False,False,,False,False,True,False,False,False,48,4,331,34,False,27,False,False,-0.8923076923076897,61.51,1.0661681027475207,,,,,,,,
2025-11-28,PROD_008,Reebok Floatride Energy 5,Running,Zapatillas Running,65,False,,55.25,,59.01,57.47,65.84,2025,11,28,Friday,4,False,False,True,False,False,False,,True,False,True,False,False,False,48,4,332,33,False,28,True,False,15.0,60.77333333333333,0.9091158402808249,,,,,,,,
2025-11-29,PROD_008,Reebok Floatride Energy 5,Running,Zapatillas Running,65,False,,64.95,,68.91,59.99,68.2,2025,11,29,Saturday,5,True,False,False,True,False,False,,False,False,True,False,False,False,48,4,333,32,False,29,True,False,0.07692307692307256,65.7,0.9885844748858448,,,,,,,,
2025-11-30,PROD_008,Reebok Floatride Energy 5,Running,Zapatillas Running,65,False,,65.17,,60.59,60.48,64.12,2025,11,30,Sunday,6,True,False,False,False,True,False,,False,False,True,False,False,False,48,4,334,31,False,30,True,False,-0.26153846153846416,61.73,1.0557265511096712,,,,,,,,
2025-11-01,PROD_009,Bowflex SelectTech 552,Fitness,Mancuernas Ajustables,400,True,,400.0,,389.87,351.56,355.83,2025,11,1,Saturday,5,True,False,False,True,False,True,Todos los Santos,False,False,True,False,False,False,44,4,305,60,False,1,False,True,0.0,365.75333333333333,1.0936332318684723,2.0,2.0,2.0,2.0,2.0,3.0,3.0,2.2857142857142856
2025-11-02,PROD_009,Bowflex SelectTech 552,Fitness,Mancuernas Ajustables,400,True,,400.0,,390.69,360.96,368.63,2025,11,2,Sunday,6,True,False,False,False,True,False,,False,False,True,False,False,False,44,4,306,59,False,2,False,True,0.0,373.4266666666667,1.071160781233263,,,,,,,,
2025-11-03,PROD_009,Bowflex SelectTech 552,Fitness,Mancuernas Ajustables,400,True,,400.0,,392.69,330.84,371.11,2025,11,3,Monday,0,False,True,False,False,False,False,,False,False,True,False,False,False,45,4,307,58,False,3,False,True,0.0,364.87999999999994,1.0962508221881169,,,,,,,,
2025-11-04,PROD_009,Bowflex SelectTech 552,Fitness,Mancuernas Ajustables,400,True,,400.0,,371.38,342.23,359.86,2025,11,4,Tuesday,1,False,False,False,False,False,False,,False,False,True,False,False,False,45,4,308,57,False,4,False,False,0.0,357.8233333333333,1.1178700848649707,,,,,,,,
2025-11-05,PROD_009,Bowflex SelectTech 552,Fitness,Mancuernas Ajustables,400,True,,400.0,,389.03,334.75,383.4,2025,11,5,Wednesday,2,False,False,False,False,False,False,,False,False,True,False,False,False,45,4,309,56,False,5,False,False,0.0,369.05999999999995,1.0838346068389966,,,,,,,,
2025-11-06,PROD_009,Bowflex SelectTech 552,Fitness,Mancuernas Ajustables,400,True,,400.0,,393.77,360.03,352.09,2025,11,6,Thursday,3,False,False,False,False,False,False,,False,False,True,False,False,False,45,4,310,55,False,6,False,False,0.0,368.62999999999994,1.0850988796354069,,,,,,,,
2025-11-07,PROD_009,Bowflex SelectTech 552,Fitness,Mancuernas Ajustables,400,True,,400.0,,378.51,348.4,380.05,2025,11,7,Friday,4,False,False,True,False,False,False,,False,False,True,False,False,False,45,4,311,54,False,7,False,False,0.0,368.9866666666667,1.0840500108405,,,,,,,,
2025-11-08,PROD_009,Bowflex SelectTech 552,Fitness,Mancuernas Ajustables,400,True,,400.0,,370.35,336.54,381.55,2025,11,8,Saturday,5,True,False,False,True,False,False,,False,False,True,False,False,False,45,4,312,53,False,8,False,False,0.0,362.81333333333333,1.1024953143949139,,,,,,,,
2025-11-09,PROD_009,Bowflex SelectTech 552,Fitness,Mancuernas Ajustables,400,True,,400.0,,396.55,332.0,403.6,2025,11,9,Sunday,6,True,False,False,False,True,False,,False,False,True,False,False,False,45,4,313,52,False,9,False,False,0.0,377.3833333333334,1.0599302212604336,,,,,,,,
2025-11-10,PROD_009,Bowflex SelectTech 552,Fitness,Mancuernas Ajustables,400,True,,400.0,,390.11,337.48,360.11,2025,11,10,Monday,0,False,True,False,False,False,False,,False,False,True,False,False,False,46,4,314,51,False,10,False,False,0.0,362.56666666666666,1.1032453801599706,,,,,,,,
2025-11-11,PROD_009,Bowflex SelectTech 552,Fitness,Mancuernas Ajustables,400,True,,400.0,,392.99,358.55,361.34,2025,11,11,Tuesday,1,False,False,False,False,False,False,,False,False,True,False,False,False,46,4,315,50,False,11,False,False,0.0,370.96,1.0782833728703904,,,,,,,,
2025-11-12,PROD_009,Bowflex SelectTech 552,Fitness,Mancuernas Ajustables,400,True,,400.0,,371.63,349.05,374.41,2025,11,12,Wednesday,2,False,False,False,False,False,False,,False,False,True,False,False,False,46,4,316,49,False,12,False,False,0.0,365.03000000000003,1.0958003451771086,,,,,,,,
2025-11-13,PROD_009,Bowflex SelectTech 552,Fitness,Mancuernas Ajustables,400,True,,400.0,,397.06,327.61,365.89,2025,11,13,Thursday,3,False,False,False,False,False,False,,False,False,True,False,False,False,46,4,317,48,False,13,False,False,0.0,363.52,1.1003521126760565,,,,,,,,
2025-11-14,PROD_009,Bowflex SelectTech 552,Fitness,Mancuernas Ajustables,400,True,,400.0,,367.85,358.47,387.03,2025,11,14,Friday,4,False,False,True,False,False,False,,False,False,True,False,False,False,46,4,318,47,False,14,False,False,0.0,371.1166666666666,1.077828176224907,,,,,,,,
2025-11-15,PROD_009,Bowflex SelectTech 552,Fitness,Mancuernas Ajustables,400,True,,400.0,,368.31,337.36,349.76,2025,11,15,Saturday,5,True,False,False,True,False,False,,False,False,True,False,False,False,46,4,319,46,False,15,False,False,0.0,351.81,1.1369773457263863,,,,,,,,
2025-11-16,PROD_009,Bowflex SelectTech 552,Fitness,Mancuernas Ajustables,400,True,,400.0,,375.84,336.27,363.56,2025,11,16,Sunday,6,True,False,False,False,True,False,,False,False,True,False,False,False,46,4,320,45,False,16,False,False,0.0,358.5566666666666,1.115583775693289,,,,,,,,
2025-11-17,PROD_009,Bowflex SelectTech 552,Fitness,Mancuernas Ajustables,400,True,,400.0,,401.82,346.26,394.45,2025,11,17,Monday,0,False,True,False,False,False,False,,False,False,True,False,False,False,47,4,321,44,False,17,False,False,0.0,380.8433333333333,1.0503006485606505,,,,,,,,
2025-11-18,PROD_009,Bowflex SelectTech 552,Fitness,Mancuernas Ajustables,400,True,,400.0,,390.58,345.52,364.19,2025,11,18,Tuesday,1,False,False,False,False,False,False,,False,False,True,False,False,False,47,4,322,43,False,18,False,False,0.0,366.7633333333333,1.0906215634060112,,,,,,,,
2025-11-19,PROD_009,Bowflex SelectTech 552,Fitness,Mancuernas Ajustables,400,True,,400.0,,355.03,345.24,347.09,2025,11,19,Wednesday,2,False,False,False,False,False,False,,False,False,True,False,False,False,47,4,323,42,False,19,False,False,0.0,349.11999999999995,1.1457378551787354,,,,,,,,
2025-11-20,PROD_009,Bowflex SelectTech 552,Fitness,Mancuernas Ajustables,400,True,,400.0,,407.09,350.88,374.34,2025,11,20,Thursday,3,False,False,False,False,False,False,,False,False,True,False,False,False,47,4,324,41,False,20,False,False,0.0,377.43666666666667,1.0597804488170202,,,,,,,,
2025-11-21,PROD_009,Bowflex SelectTech 552,Fitness,Mancuernas Ajustables,400,True,,400.0,,381.57,361.0,333.2,2025,11,21,Friday,4,False,False,True,False,False,False,,False,False,True,False,False,False,47,4,325,40,False,21,False,False,0.0,358.59,1.1154800747371652,,,,,,,,
2025-11-22,PROD_009,Bowflex SelectTech 552,Fitness,Mancuernas Ajustables,400,True,,400.0,,404.69,337.42,363.65,2025,11,22,Saturday,5,True,False,False,True,False,False,,False,False,True,False,False,False,47,4,326,39,False,22,False,False,0.0,368.58666666666664,1.0852264505860223,,,,,,,,
2025-11-23,PROD_009,Bowflex SelectTech 552,Fitness,Mancuernas Ajustables,400,True,,400.0,,387.98,348.33,381.17,2025,11,23,Sunday,6,True,False,False,False,True,False,,False,False,True,False,False,False,47,4,327,38,False,23,False,False,0.0,372.49333333333334,1.073844722053191,,,,,,,,
2025-11-24,PROD_009,Bowflex SelectTech 552,Fitness,Mancuernas Ajustables,400,True,,400.0,,400.75,347.69,345.7,2025,11,24,Monday,0,False,True,False,False,False,False,,False,False,True,False,False,False,48,4,328,37,False,24,False,False,0.0,364.71333333333337,1.0967517867914525,,,,,,,,
2025-11-25,PROD_009,Bowflex SelectTech 552,Fitness,Mancuernas Ajustables,400,True,,400.0,,385.16,349.89,365.86,2025,11,25,Tuesday,1,False,False,False,False,False,False,,False,False,True,False,False,False,48,4,329,36,False,25,False,False,0.0,366.96999999999997,1.0900073575496636,,,,,,,,
2025-11-26,PROD_009,Bowflex SelectTech 552,Fitness,Mancuernas Ajustables,400,True,,400.0,,402.82,368.78,381.1,2025,11,26,Wednesday,2,False,False,False,False,False,False,,False,False,True,False,False,False,48,4,330,35,False,26,False,False,0.0,384.2333333333333,1.0410340938665743,,,,,,,,
2025-11-27,PROD_009,Bowflex SelectTech 552,Fitness,Mancuernas Ajustables,400,True,,400.0,,382.2,337.2,386.86,2025,11,27,Thursday,3,False,False,False,False,False,False,,False,False,True,False,False,False,48,4,331,34,False,27,False,False,0.0,368.75333333333333,1.0847359571890876,,,,,,,,
2025-11-28,PROD_009,Bowflex SelectTech 552,Fitness,Mancuernas Ajustables,400,True,,340.0,,379.53,306.81,334.33,2025,11,28,Friday,4,False,False,True,False,False,False,,True,False,True,False,False,False,48,4,332,33,False,28,True,False,15.0,340.2233333333333,0.9993435684403383,,,,,,,,
2025-11-29,PROD_009,Bowflex SelectTech 552,Fitness,Mancuernas Ajustables,400,True,,400.0,,362.06,335.4,368.86,2025,11,29,Saturday,5,True,False,False,True,False,False,,False,False,True,False,False,False,48,4,333,32,False,29,True,False,0.0,355.44000000000005,1.1253657438667566,,,,,,,,
2025-11-30,PROD_009,Bowflex SelectTech 552,Fitness,Mancuernas Ajustables,400,True,,400.0,,422.4,344.71,388.63,2025,11,30,Sunday,6,True,False,False,False,True,False,,False,False,True,False,False,False,48,4,334,31,False,30,True,False,0.0,385.2466666666666,1.0382958104764048,,,,,,,,
2025-11-01,PROD_010,Domyos BM900,Fitness,Banco Gimnasio,175,True,,175.0,,199.88,158.87,160.44,2025,11,1,Saturday,5,True,False,False,True,False,True,Todos los Santos,False,False,True,False,False,False,44,4,305,60,False,1,False,True,0.0,173.06333333333336,1.011190508291762,3.0,2.0,2.0,3.0,2.0,3.0,3.0,2.5714285714285716
2025-11-02,PROD_010,Domyos BM900,Fitness,Banco Gimnasio,175,True,,175.0,,196.2,153.19,187.25,2025,11,2,Sunday,6,True,False,False,False,True,False,,False,False,True,False,False,False,44,4,306,59,False,2,False,True,0.0,178.88,0.978309481216458,,,,,,,,
2025-11-03,PROD_010,Domyos BM900,Fitness,Banco Gimnasio,175,True,,175.0,,183.74,146.42,173.46,2025,11,3,Monday,0,False,True,False,False,False,False,,False,False,True,False,False,False,45,4,307,58,False,3,False,True,0.0,167.87333333333333,1.0424526428656526,,,,,,,,
2025-11-04,PROD_010,Domyos BM900,Fitness,Banco Gimnasio,175,True,,175.0,,183.96,170.62,154.76,2025,11,4,Tuesday,1,False,False,False,False,False,False,,False,False,True,False,False,False,45,4,308,57,False,4,False,False,0.0,169.78,1.0307456708681824,,,,,,,,
2025-11-05,PROD_010,Domyos BM900,Fitness,Banco Gimnasio,175,True,,175.0,,176.15,154.34,174.69,2025,11,5,Wednesday,2,False,False,False,False,False,False,,False,False,True,False,False,False,45,4,309,56,False,5,False,False,0.0,168.39333333333335,1.0392335405202104,,,,,,,,
2025-11-06,PROD_010,Domyos BM900,Fitness,Banco Gimnasio,175,True,,175.0,,182.69,139.83,161.85,2025,11,6,Thursday,3,False,False,False,False,False,False,,False,False,True,False,False,False,45,4,310,55,False,6,False,False,0.0,161.45666666666668,1.0838821562029026,,,,,,,,
2025-11-07,PROD_010,Domyos BM900,Fitness,Banco Gimnasio,175,True,,175.0,,197.38,145.69,187.25,2025,11,7,Friday,4,False,False,True,False,False,False,,False,False,True,False,False,False,45,4,311,54,False,7,False,False,0.0,176.7733333333333,0.9899683210137277,,,,,,,,
2025-11-08,PROD_010,Domyos BM900,Fitness,Banco Gimnasio,175,True,,175.0,,188.67,155.06,171.44,2025,11,8,Saturday,5,True,False,False,True,False,False,,False,False,True,False,False,False,45,4,312,53,False,8,False,False,0.0,171.72333333333336,1.019081080031834,,,,,,,,
2025-11-09,PROD_010,Domyos BM900,Fitness,Banco Gimnasio,175,True,,175.0,,174.25,145.88,180.18,2025,11,9,Sunday,6,True,False,False,False,True,False,,False,False,True,False,False,False,45,4,313,52,False,9,False,False,0.0,166.77,1.0493494033699107,,,,,,,,
2025-11-10,PROD_010,Domyos BM900,Fitness,Banco Gimnasio,175,True,,175.0,,185.3,144.07,158.63,2025,11,10,Monday,0,False,True,False,False,False,False,,False,False,True,False,False,False,46,4,314,51,False,10,False,False,0.0,162.66666666666666,1.0758196721311477,,,,,,,,
2025-11-11,PROD_010,Domyos BM900,Fitness,Banco Gimnasio,175,True,,175.0,,185.23,155.32,171.27,2025,11,11,Tuesday,1,False,False,False,False,False,False,,False,False,True,False,False,False,46,4,315,50,False,11,False,False,0.0,170.60666666666665,1.0257512406705482,,,,,,,,
2025-11-12,PROD_010,Domyos BM900,Fitness,Banco Gimnasio,175,True,,175.0,,199.97,162.54,165.6,2025,11,12,Wednesday,2,False,False,False,False,False,False,,False,False,True,False,False,False,46,4,316,49,False,12,False,False,0.0,176.03666666666666,0.9941110753441518,,,,,,,,
2025-11-13,PROD_010,Domyos BM900,Fitness,Banco Gimnasio,175,True,,175.0,,184.3,159.19,176.43,2025,11,13,Thursday,3,False,False,False,False,False,False,,False,False,True,False,False,False,46,4,317,48,False,13,False,False,0.0,173.3066666666667,1.0097707339590705,,,,,,,,
2025-11-14,PROD_010,Domyos BM900,Fitness,Banco Gimnasio,175,True,,175.0,,167.53,146.11,153.65,2025,11,14,Friday,4,False,False,True,False,False,False,,False,False,True,False,False,False,46,4,318,47,False,14,False,False,0.0,155.76333333333332,1.1234993259004045,,,,,,,,
2025-11-15,PROD_010,Domyos BM900,Fitness,Banco Gimnasio,175,True,,175.0,,182.67,162.58,162.17,2025,11,15,Saturday,5,True,False,False,True,False,False,,False,False,True,False,False,False,46,4,319,46,False,15,False,False,0.0,169.14,1.034645855504316,,,,,,,,
2025-11-16,PROD_010,Domyos BM900,Fitness,Banco Gimnasio,175,True,,175.0,,165.38,143.56,181.93,2025,11,16,Sunday,6,True,False,False,False,True,False,,False,False,True,False,False,False,46,4,320,45,False,16,False,False,0.0,163.62333333333333,1.0695296106912218,,,,,,,,
2025-11-17,PROD_010,Domyos BM900,Fitness,Banco Gimnasio,175,True,,175.0,,183.92,148.59,183.24,2025,11,17,Monday,0,False,True,False,False,False,False,,False,False,True,False,False,False,47,4,321,44,False,17,False,False,0.0,171.91666666666666,1.0179350460494425,,,,,,,,
2025-11-18,PROD_010,Domyos BM900,Fitness,Banco Gimnasio,175,True,,175.0,,175.12,150.78,176.8,2025,11,18,Tuesday,1,False,False,False,False,False,False,,False,False,True,False,False,False,47,4,322,43,False,18,False,False,0.0,167.56666666666666,1.0443604535508255,,,,,,,,
2025-11-19,PROD_010,Domyos BM900,Fitness,Banco Gimnasio,175,True,,175.0,,177.41,155.59,163.22,2025,11,19,Wednesday,2,False,False,False,False,False,False,,False,False,True,False,False,False,47,4,323,42,False,19,False,False,0.0,165.40666666666667,1.0579984684212647,,,,,,,,
2025-11-20,PROD_010,Domyos BM900,Fitness,Banco Gimnasio,175,True,,175.0,,179.55,151.47,166.82,2025,11,20,Thursday,3,False,False,False,False,False,False,,False,False,True,False,False,False,47,4,324,41,False,20,False,False,0.0,165.94666666666666,1.0545556805399325,,,,,,,,
2025-11-21,PROD_010,Domyos BM900,Fitness,Banco Gimnasio,175,True,,175.0,,185.33,161.16,158.03,2025,11,21,Friday,4,False,False,True,False,False,False,,False,False,True,False,False,False,47,4,325,40,False,21,False,False,0.0,168.17333333333332,1.0405930389280902,,,,,,,,
2025-11-22,PROD_010,Domyos BM900,Fitness,Banco Gimnasio,175,True,,175.0,,174.49,151.8,173.62,2025,11,22,Saturday,5,True,False,False,True,False,False,,False,False,True,False,False,False,47,4,326,39,False,22,False,False,0.0,166.63666666666668,1.0501890340261246,,,,,,,,
2025-11-23,PROD_010,Domyos BM900,Fitness,Banco Gimnasio,175,True,,175.0,,187.52,156.95,163.81,2025,11,23,Sunday,6,True,False,False,False,True,False,,False,False,True,False,False,False,47,4,327,38,False,23,False,False,0.0,169.42666666666668,1.0328952545840875,,,,,,,,
2025-11-24,PROD_010,Domyos BM900,Fitness,Banco Gimnasio,175,True,,175.0,,171.67,152.64,184.47,2025,11,24,Monday,0,False,True,False,False,False,False,,False,False,True,False,False,False,48,4,328,37,False,24,False,False,0.0,169.59333333333333,1.0318801839694955,,,,,,,,
2025-11-25,PROD_010,Domyos BM900,Fitness,Banco Gimnasio,175,True,,175.0,,178.11,151.01,170.17,2025,11,25,Tuesday,1,False,False,False,False,False,False,,False,False,True,False,False,False,48,4,329,36,False,25,False,False,0.0,166.42999999999998,1.0514931202307278,,,,,,,,
2025-11-26,PROD_010,Domyos BM900,Fitness,Banco Gimnasio,175,True,,175.0,,173.15,151.19,174.56,2025,11,26,Wednesday,2,False,False,False,False,False,False,,False,False,True,False,False,False,48,4,330,35,False,26,False,False,0.0,166.3,1.0523150932050511,,,,,,,,
2025-11-27,PROD_010,Domyos BM900,Fitness,Banco Gimnasio,175,True,,175.0,,176.94,144.38,157.37,2025,11,27,Thursday,3,False,False,False,False,False,False,,False,False,True,False,False,False,48,4,331,34,False,27,False,False,0.0,159.56333333333333,1.0967431949696045,,,,,,,,
2025-11-28,PROD_010,Domyos BM900,Fitness,Banco Gimnasio,175,True,,148.75,,184.16,151.84,163.84,2025,11,28,Friday,4,False,False,True,False,False,False,,True,False,True,False,False,False,48,4,332,33,False,28,True,False,15.0,166.61333333333334,0.8927856914212547,,,,,,,,
2025-11-29,PROD_010,Domyos BM900,Fitness,Banco Gimnasio,175,True,,175.0,,187.85,149.64,172.02,2025,11,29,Saturday,5,True,False,False,True,False,False,,False,False,True,False,False,False,48,4,333,32,False,29,True,False,0.0,169.83666666666667,1.0304017585523346,,,,,,,,
2025-11-30,PROD_010,Domyos BM900,Fitness,Banco Gimnasio,175,True,,175.0,,176.95,154.96,185.32,2025,11,30,Sunday,6,True,False,False,False,True,False,,False,False,True,False,False,False,48,4,334,31,False,30,True,False,0.0,172.41,1.0150223304912709,,,,,,,,
2025-11-01,PROD_011,Reebok Professional Deck,Fitness,Esterilla Fitness,45,False,,44.22,,47.31,39.68,45.16,2025,11,1,Saturday,5,True,False,False,True,False,True,Todos los Santos,False,False,True,False,False,False,44,4,305,60,False,1,False,True,1.733333333333336,44.050000000000004,1.0038592508513051,7.0,5.0,1.0,6.0,4.0,6.0,7.0,5.142857142857143
2025-11-02,PROD_011,Reebok Professional Deck,Fitness,Esterilla Fitness,45,False,,44.72,,43.5,40.48,45.15,2025,11,2,Sunday,6,True,False,False,False,True,False,,False,False,True,False,False,False,44,4,306,59,False,2,False,True,0.6222222222222248,43.04333333333333,1.038952993107721,,,,,,,,
2025-11-03,PROD_011,Reebok Professional Deck,Fitness,Esterilla Fitness,45,False,,45.67,,43.81,41.72,47.58,2025,11,3,Monday,0,False,True,False,False,False,False,,False,False,True,False,False,False,45,4,307,58,False,3,False,True,-1.4888888888888927,44.370000000000005,1.0292990759522198,,,,,,,,
2025-11-04,PROD_011,Reebok Professional Deck,Fitness,Esterilla Fitness,45,False,,45.33,,44.87,38.7,44.25,2025,11,4,Tuesday,1,False,False,False,False,False,False,,False,False,True,False,False,False,45,4,308,57,False,4,False,False,-0.7333333333333295,42.60666666666666,1.0639180097011423,,,,,,,,
2025-11-05,PROD_011,Reebok Professional Deck,Fitness,Esterilla Fitness,45,False,,45.89,,41.9,37.98,45.68,2025,11,5,Wednesday,2,False,False,False,False,False,False,,False,False,True,False,False,False,45,4,309,56,False,5,False,False,-1.977777777777779,41.85333333333333,1.0964479133482001,,,,,,,,
2025-11-06,PROD_011,Reebok Professional Deck,Fitness,Esterilla Fitness,45,False,,45.35,,43.93,42.81,47.15,2025,11,6,Thursday,3,False,False,False,False,False,False,,False,False,True,False,False,False,45,4,310,55,False,6,False,False,-0.777777777777781,44.63,1.016132646202106,,,,,,,,
2025-11-07,PROD_011,Reebok Professional Deck,Fitness,Esterilla Fitness,45,False,,44.59,,46.41,41.03,48.06,2025,11,7,Friday,4,False,False,True,False,False,False,,False,False,True,False,False,False,45,4,311,54,False,7,False,False,0.9111111111111035,45.166666666666664,0.9872324723247233,,,,,,,,
2025-11-08,PROD_011,Reebok Professional Deck,Fitness,Esterilla Fitness,45,False,,44.82,,42.71,42.48,44.59,2025,11,8,Saturday,5,True,False,False,True,False,False,,False,False,True,False,False,False,45,4,312,53,False,8,False,False,0.3999999999999994,43.26,1.0360610263522885,,,,,,,,
2025-11-09,PROD_011,Reebok Professional Deck,Fitness,Esterilla Fitness,45,False,,44.51,,42.32,43.27,44.8,2025,11,9,Sunday,6,True,False,False,False,True,False,,False,False,True,False,False,False,45,4,313,52,False,9,False,False,1.0888888888888932,43.46333333333333,1.0240816013497969,,,,,,,,
2025-11-10,PROD_011,Reebok Professional Deck,Fitness,Esterilla Fitness,45,False,,45.84,,47.41,41.57,44.55,2025,11,10,Monday,0,False,True,False,False,False,False,,False,False,True,False,False,False,46,4,314,51,False,10,False,False,-1.866666666666674,44.50999999999999,1.029880925634689,,,,,,,,
2025-11-11,PROD_011,Reebok Professional Deck,Fitness,Esterilla Fitness,45,False,,45.5,,46.23,41.83,46.02,2025,11,11,Tuesday,1,False,False,False,False,False,False,,False,False,True,False,False,False,46,4,315,50,False,11,False,False,-1.1111111111111112,44.693333333333335,1.0180489260143197,,,,,,,,
2025-11-12,PROD_011,Reebok Professional Deck,Fitness,Esterilla Fitness,45,False,,44.34,,47.86,42.99,45.77,2025,11,12,Wednesday,2,False,False,False,False,False,False,,False,False,True,False,False,False,46,4,316,49,False,12,False,False,1.466666666666659,45.54,0.9736495388669303,,,,,,,,
2025-11-13,PROD_011,Reebok Professional Deck,Fitness,Esterilla Fitness,45,False,,44.97,,43.56,43.79,44.87,2025,11,13,Thursday,3,False,False,False,False,False,False,,False,False,True,False,False,False,46,4,317,48,False,13,False,False,0.06666666666666919,44.07333333333333,1.020344879745878,,,,,,,,
2025-11-14,PROD_011,Reebok Professional Deck,Fitness,Esterilla Fitness,45,False,,44.22,,41.93,38.86,45.89,2025,11,14,Friday,4,False,False,True,False,False,False,,False,False,True,False,False,False,46,4,318,47,False,14,False,False,1.733333333333336,42.22666666666667,1.047205557309757,,,,,,,,
2025-11-15,PROD_011,Reebok Professional Deck,Fitness,Esterilla Fitness,45,False,,45.54,,44.05,38.43,44.17,2025,11,15,Saturday,5,True,False,False,True,False,False,,False,False,True,False,False,False,46,4,319,46,False,15,False,False,-1.1999999999999982,42.21666666666666,1.0787208843268852,,,,,,,,
2025-11-16,PROD_011,Reebok Professional Deck,Fitness,Esterilla Fitness,45,False,,45.18,,39.8,42.66,43.09,2025,11,16,Sunday,6,True,False,False,False,True,False,,False,False,True,False,False,False,46,4,320,45,False,16,False,False,-0.3999999999999994,41.85,1.0795698924731183,,,,,,,,
2025-11-17,PROD_011,Reebok Professional Deck,Fitness,Esterilla Fitness,45,False,,45.65,,42.93,41.1,44.93,2025,11,17,Monday,0,False,True,False,False,False,False,,False,False,True,False,False,False,47,4,321,44,False,17,False,False,-1.4444444444444413,42.98666666666667,1.0619571960297765,,,,,,,,
2025-11-18,PROD_011,Reebok Professional Deck,Fitness,Esterilla Fitness,45,False,,45.21,,42.52,41.94,47.95,2025,11,18,Tuesday,1,False,False,False,False,False,False,,False,False,True,False,False,False,47,4,322,43,False,18,False,False,-0.4666666666666685,44.13666666666668,1.0243184049543084,,,,,,,,
2025-11-19,PROD_011,Reebok Professional Deck,Fitness,Esterilla Fitness,45,False,,44.12,,45.46,38.2,44.52,2025,11,19,Wednesday,2,False,False,False,False,False,False,,False,False,True,False,False,False,47,4,323,42,False,19,False,False,1.955555555555561,42.72666666666667,1.0326103916367608,,,,,,,,
2025-11-20,PROD_011,Reebok Professional Deck,Fitness,Esterilla Fitness,45,False,,44.16,,43.54,40.91,43.7,2025,11,20,Thursday,3,False,False,False,False,False,False,,False,False,True,False,False,False,47,4,324,41,False,20,False,False,1.866666666666674,42.71666666666666,1.033788529067499,,,,,,,,
2025-11-21,PROD_011,Reebok Professional Deck,Fitness,Esterilla Fitness,45,False,,44.34,,48.87,42.11,43.97,2025,11,21,Friday,4,False,False,True,False,False,False,,False,False,True,False,False,False,47,4,325,40,False,21,False,False,1.466666666666659,44.98333333333333,0.98569840681734,,,,,,,,
2025-11-22,PROD_011,Reebok Professional Deck,Fitness,Esterilla Fitness,45,False,,44.4,,46.24,41.58,43.59,2025,11,22,Saturday,5,True,False,False,True,False,False,,False,False,True,False,False,False,47,4,326,39,False,22,False,False,1.3333333333333366,43.803333333333335,1.013621489993151,,,,,,,,
2025-11-23,PROD_011,Reebok Professional Deck,Fitness,Esterilla Fitness,45,False,,45.37,,45.14,40.23,46.12,2025,11,23,Sunday,6,True,False,False,False,True,False,,False,False,True,False,False,False,47,4,327,38,False,23,False,False,-0.8222222222222165,43.830000000000005,1.0351357517681952,,,,,,,,
2025-11-24,PROD_011,Reebok Professional Deck,Fitness,Esterilla Fitness,45,False,,45.39,,45.85,40.33,46.78,2025,11,24,Monday,0,False,True,False,False,False,False,,False,False,True,False,False,False,48,4,328,37,False,24,False,False,-0.866666666666668,44.32,1.0241425992779782,,,,,,,,
2025-11-25,PROD_011,Reebok Professional Deck,Fitness,Esterilla Fitness,45,False,,45.57,,47.84,41.46,48.44,2025,11,25,Tuesday,1,False,False,False,False,False,False,,False,False,True,False,False,False,48,4,329,36,False,25,False,False,-1.2666666666666673,45.913333333333334,0.992522143168288,,,,,,,,
2025-11-26,PROD_011,Reebok Professional Deck,Fitness,Esterilla Fitness,45,False,,45.05,,43.53,40.64,45.28,2025,11,26,Wednesday,2,False,False,False,False,False,False,,False,False,True,False,False,False,48,4,330,35,False,26,False,False,-0.1111111111111048,43.15,1.0440324449594438,,,,,,,,
2025-11-27,PROD_011,Reebok Professional Deck,Fitness,Esterilla Fitness,45,False,,44.21,,43.61,40.47,44.39,2025,11,27,Thursday,3,False,False,False,False,False,False,,False,False,True,False,False,False,48,4,331,34,False,27,False,False,1.7555555555555535,42.82333333333333,1.0323811006460653,,,,,,,,
2025-11-28,PROD_011,Reebok Professional Deck,Fitness,Esterilla Fitness,45,False,,38.25,,41.51,39.19,44.6,2025,11,28,Friday,4,False,False,True,False,False,False,,True,False,True,False,False,False,48,4,332,33,False,28,True,False,15.0,41.76666666666666,0.9158020750199523,,,,,,,,
2025-11-29,PROD_011,Reebok Professional Deck,Fitness,Esterilla Fitness,45,False,,45.0,,47.43,43.69,45.67,2025,11,29,Saturday,5,True,False,False,True,False,False,,False,False,True,False,False,False,48,4,333,32,False,29,True,False,0.0,45.59666666666667,0.9869142481175524,,,,,,,,
2025-11-30,PROD_011,Reebok Professional Deck,Fitness,Esterilla Fitness,45,False,,44.51,,42.59,42.0,44.09,2025,11,30,Sunday,6,True,False,False,False,True,False,,False,False,True,False,False,False,48,4,334,31,False,30,True,False,1.0888888888888932,42.89333333333334,1.0376903947777432,,,,,,,,
2025-11-01,PROD_012,Domyos Kit Mancuernas 20kg,Fitness,Pesas Casa,55,False,,54.26,,49.8,50.98,54.82,2025,11,1,Saturday,5,True,False,False,True,False,True,Todos los Santos,False,False,True,False,False,False,44,4,305,60,False,1,False,True,1.3454545454545492,51.86666666666667,1.0461439588688946,5.0,6.0,1.0,8.0,12.0,7.0,6.0,6.428571428571429
2025-11-02,PROD_012,Domyos Kit Mancuernas 20kg,Fitness,Pesas Casa,55,False,,54.47,,51.06,52.3,54.03,2025,11,2,Sunday,6,True,False,False,False,True,False,,False,False,True,False,False,False,44,4,306,59,False,2,False,True,0.9636363636363656,52.46333333333333,1.0382489357646612,,,,,,,,
2025-11-03,PROD_012,Domyos Kit Mancuernas 20kg,Fitness,Pesas Casa,55,False,,56.03,,55.72,47.76,54.43,2025,11,3,Monday,0,False,True,False,False,False,False,,False,False,True,False,False,False,45,4,307,58,False,3,False,True,-1.8727272727272748,52.63666666666666,1.0644671015135205,,,,,,,,
2025-11-04,PROD_012,Domyos Kit Mancuernas 20kg,Fitness,Pesas Casa,55,False,,54.06,,54.96,48.22,57.07,2025,11,4,Tuesday,1,False,False,False,False,False,False,,False,False,True,False,False,False,45,4,308,57,False,4,False,False,1.709090909090905,53.416666666666664,1.01204368174727,,,,,,,,
2025-11-05,PROD_012,Domyos Kit Mancuernas 20kg,Fitness,Pesas Casa,55,False,,54.85,,53.34,51.44,52.1,2025,11,5,Wednesday,2,False,False,False,False,False,False,,False,False,True,False,False,False,45,4,309,56,False,5,False,False,0.27272727272727015,52.29333333333333,1.0488908720040797,,,,,,,,
2025-11-06,PROD_012,Domyos Kit Mancuernas 20kg,Fitness,Pesas Casa,55,False,,55.45,,53.75,49.78,54.33,2025,11,6,Thursday,3,False,False,False,False,False,False,,False,False,True,False,False,False,45,4,310,55,False,6,False,False,-0.8181818181818232,52.620000000000005,1.0537818320030405,,,,,,,,
2025-11-07,PROD_012,Domyos Kit Mancuernas 20kg,Fitness,Pesas Casa,55,False,,55.76,,60.64,50.97,57.7,2025,11,7,Friday,4,False,False,True,False,False,False,,False,False,True,False,False,False,45,4,311,54,False,7,False,False,-1.381818181818178,56.43666666666667,0.9880101588801606,,,,,,,,
2025-11-08,PROD_012,Domyos Kit Mancuernas 20kg,Fitness,Pesas Casa,55,False,,55.81,,54.0,50.03,54.85,2025,11,8,Saturday,5,True,False,False,True,False,False,,False,False,True,False,False,False,45,4,312,53,False,8,False,False,-1.4727272727272769,52.96,1.0538141993957704,,,,,,,,
2025-11-09,PROD_012,Domyos Kit Mancuernas 20kg,Fitness,Pesas Casa,55,False,,55.07,,54.63,50.14,52.85,2025,11,9,Sunday,6,True,False,False,False,True,False,,False,False,True,False,False,False,45,4,313,52,False,9,False,False,-0.1272727272727278,52.54,1.0481537875904072,,,,,,,,
2025-11-10,PROD_012,Domyos Kit Mancuernas 20kg,Fitness,Pesas Casa,55,False,,55.95,,54.96,47.03,56.9,2025,11,10,Monday,0,False,True,False,False,False,False,,False,False,True,False,False,False,46,4,314,51,False,10,False,False,-1.7272727272727324,52.96333333333334,1.056391214047454,,,,,,,,
2025-11-11,PROD_012,Domyos Kit Mancuernas 20kg,Fitness,Pesas Casa,55,False,,54.9,,55.72,46.85,61.11,2025,11,11,Tuesday,1,False,False,False,False,False,False,,False,False,True,False,False,False,46,4,315,50,False,11,False,False,0.1818181818181844,54.56,1.006231671554252,,,,,,,,
2025-11-12,PROD_012,Domyos Kit Mancuernas 20kg,Fitness,Pesas Casa,55,False,,55.37,,57.89,48.62,56.27,2025,11,12,Wednesday,2,False,False,False,False,False,False,,False,False,True,False,False,False,46,4,316,49,False,12,False,False,-0.6727272727272681,54.26,1.0204570586067083,,,,,,,,
2025-11-13,PROD_012,Domyos Kit Mancuernas 20kg,Fitness,Pesas Casa,55,False,,56.03,,51.75,50.82,53.64,2025,11,13,Thursday,3,False,False,False,False,False,False,,False,False,True,False,False,False,46,4,317,48,False,13,False,False,-1.8727272727272748,52.06999999999999,1.0760514691761092,,,,,,,,
2025-11-14,PROD_012,Domyos Kit Mancuernas 20kg,Fitness,Pesas Casa,55,False,,54.88,,54.2,50.72,56.81,2025,11,14,Friday,4,False,False,True,False,False,False,,False,False,True,False,False,False,46,4,318,47,False,14,False,False,0.21818181818181354,53.910000000000004,1.017992951214988,,,,,,,,
2025-11-15,PROD_012,Domyos Kit Mancuernas 20kg,Fitness,Pesas Casa,55,False,,55.98,,56.15,50.31,59.17,2025,11,15,Saturday,5,True,False,False,True,False,False,,False,False,True,False,False,False,46,4,319,46,False,15,False,False,-1.781818181818176,55.21,1.0139467487773954,,,,,,,,
2025-11-16,PROD_012,Domyos Kit Mancuernas 20kg,Fitness,Pesas Casa,55,False,,55.26,,55.31,52.11,57.3,2025,11,16,Sunday,6,True,False,False,False,True,False,,False,False,True,False,False,False,46,4,320,45,False,16,False,False,-0.4727272727272691,54.906666666666666,1.0064351627003398,,,,,,,,
2025-11-17,PROD_012,Domyos Kit Mancuernas 20kg,Fitness,Pesas Casa,55,False,,54.37,,58.11,48.54,58.39,2025,11,17,Monday,0,False,True,False,False,False,False,,False,False,True,False,False,False,47,4,321,44,False,17,False,False,1.14545454545455,55.01333333333334,0.9883058652447889,,,,,,,,
2025-11-18,PROD_012,Domyos Kit Mancuernas 20kg,Fitness,Pesas Casa,55,False,,55.33,,55.6,49.1,54.86,2025,11,18,Tuesday,1,False,False,False,False,False,False,,False,False,True,False,False,False,47,4,322,43,False,18,False,False,-0.5999999999999969,53.18666666666667,1.0402983203810479,,,,,,,,
2025-11-19,PROD_012,Domyos Kit Mancuernas 20kg,Fitness,Pesas Casa,55,False,,55.82,,55.67,50.93,57.98,2025,11,19,Wednesday,2,False,False,False,False,False,False,,False,False,True,False,False,False,47,4,323,42,False,19,False,False,-1.4909090909090914,54.85999999999999,1.0174990885891362,,,,,,,,
2025-11-20,PROD_012,Domyos Kit Mancuernas 20kg,Fitness,Pesas Casa,55,False,,55.52,,54.05,51.97,57.47,2025,11,20,Thursday,3,False,False,False,False,False,False,,False,False,True,False,False,False,47,4,324,41,False,20,False,False,-0.9454545454545511,54.49666666666667,1.018777906905621,,,,,,,,
2025-11-21,PROD_012,Domyos Kit Mancuernas 20kg,Fitness,Pesas Casa,55,False,,55.68,,51.25,51.56,56.32,2025,11,21,Friday,4,False,False,True,False,False,False,,False,False,True,False,False,False,47,4,325,40,False,21,False,False,-1.2363636363636359,53.04333333333333,1.0497077860868473,,,,,,,,
2025-11-22,PROD_012,Domyos Kit Mancuernas 20kg,Fitness,Pesas Casa,55,False,,54.86,,54.31,50.57,54.64,2025,11,22,Saturday,5,True,False,False,True,False,False,,False,False,True,False,False,False,47,4,326,39,False,22,False,False,0.2545454545454556,53.173333333333325,1.0317201604814445,,,,,,,,
2025-11-23,PROD_012,Domyos Kit Mancuernas 20kg,Fitness,Pesas Casa,55,False,,54.61,,54.78,48.23,51.58,2025,11,23,Sunday,6,True,False,False,False,True,False,,False,False,True,False,False,False,47,4,327,38,False,23,False,False,0.7090909090909101,51.529999999999994,1.0597710071802835,,,,,,,,
2025-11-24,PROD_012,Domyos Kit Mancuernas 20kg,Fitness,Pesas Casa,55,False,,55.43,,51.92,46.77,53.67,2025,11,24,Monday,0,False,True,False,False,False,False,,False,False,True,False,False,False,48,4,328,37,False,24,False,False,-0.7818181818181813,50.78666666666667,1.0914281963770018,,,,,,,,
2025-11-25,PROD_012,Domyos Kit Mancuernas 20kg,Fitness,Pesas Casa,55,False,,54.4,,50.98,50.64,53.54,2025,11,25,Tuesday,1,False,False,False,False,False,False,,False,False,True,False,False,False,48,4,329,36,False,25,False,False,1.0909090909090935,51.72,1.051817478731632,,,,,,,,
2025-11-26,PROD_012,Domyos Kit Mancuernas 20kg,Fitness,Pesas Casa,55,False,,55.37,,52.78,54.12,57.04,2025,11,26,Wednesday,2,False,False,False,False,False,False,,False,False,True,False,False,False,48,4,330,35,False,26,False,False,-0.6727272727272681,54.64666666666667,1.0132365499573013,,,,,,,,
2025-11-27,PROD_012,Domyos Kit Mancuernas 20kg,Fitness,Pesas Casa,55,False,,55.04,,53.82,49.6,54.96,2025,11,27,Thursday,3,False,False,False,False,False,False,,False,False,True,False,False,False,48,4,331,34,False,27,False,False,-0.07272727272727117,52.79333333333333,1.042555878267458,,,,,,,,
2025-11-28,PROD_012,Domyos Kit Mancuernas 20kg,Fitness,Pesas Casa,55,False,,46.75,,48.87,50.5,58.27,2025,11,28,Friday,4,False,False,True,False,False,False,,True,False,True,False,False,False,48,4,332,33,False,28,True,False,15.0,52.546666666666674,0.8896853590459273,,,,,,,,
2025-11-29,PROD_012,Domyos Kit Mancuernas 20kg,Fitness,Pesas Casa,55,False,,55.24,,56.67,51.32,54.47,2025,11,29,Saturday,5,True,False,False,True,False,False,,False,False,True,False,False,False,48,4,333,32,False,29,True,False,-0.43636363636364,54.153333333333336,1.0200664779022528,,,,,,,,
2025-11-30,PROD_012,Domyos Kit Mancuernas 20kg,Fitness,Pesas Casa,55,False,,55.94,,55.85,49.1,54.41,2025,11,30,Sunday,6,True,False,False,False,True,False,,False,False,True,False,False,False,48,4,334,31,False,30,True,False,-1.709090909090905,53.120000000000005,1.0530873493975903,,,,,,,,
2025-11-01,PROD_013,Decathlon Bandas Elásticas Set,Fitness,Bandas Elásticas,25,False,,25.4,,23.13,22.22,24.26,2025,11,1,Saturday,5,True,False,False,True,False,True,Todos los Santos,False,False,True,False,False,False,44,4,305,60,False,1,False,True,-1.5999999999999945,23.203333333333333,1.0946703059905185,2.0,6.0,4.0,10.0,1.0,1.0,1.0,3.5714285714285716
2025-11-02,PROD_013,Decathlon Bandas Elásticas Set,Fitness,Bandas Elásticas,25,False,,25.32,,26.08,24.17,24.16,2025,11,2,Sunday,6,True,False,False,False,True,False,,False,False,True,False,False,False,44,4,306,59,False,2,False,True,-1.2800000000000011,24.80333333333333,1.0208305335304395,,,,,,,,
2025-11-03,PROD_013,Decathlon Bandas Elásticas Set,Fitness,Bandas Elásticas,25,False,,24.6,,23.69,24.42,23.81,2025,11,3,Monday,0,False,True,False,False,False,False,,False,False,True,False,False,False,45,4,307,58,False,3,False,True,1.5999999999999945,23.973333333333333,1.0261401557285874,,,,,,,,
2025-11-04,PROD_013,Decathlon Bandas Elásticas Set,Fitness,Bandas Elásticas,25,False,,25.24,,25.27,22.48,25.4,2025,11,4,Tuesday,1,False,False,False,False,False,False,,False,False,True,False,False,False,45,4,308,57,False,4,False,False,-0.9599999999999936,24.383333333333336,1.0351332877648665,,,,,,,,
2025-11-05,PROD_013,Decathlon Bandas Elásticas Set,Fitness,Bandas Elásticas,25,False,,24.6,,24.9,22.64,25.89,2025,11,5,Wednesday,2,False,False,False,False,False,False,,False,False,True,False,False,False,45,4,309,56,False,5,False,False,1.5999999999999945,24.47666666666667,1.0050388124744654,,,,,,,,
2025-11-06,PROD_013,Decathlon Bandas Elásticas Set,Fitness,Bandas Elásticas,25,False,,24.73,,27.89,23.89,23.33,2025,11,6,Thursday,3,False,False,False,False,False,False,,False,False,True,False,False,False,45,4,310,55,False,6,False,False,1.0799999999999983,25.036666666666665,0.9877512980961257,,,,,,,,
2025-11-07,PROD_013,Decathlon Bandas Elásticas Set,Fitness,Bandas Elásticas,25,False,,25.0,,23.73,24.03,26.58,2025,11,7,Friday,4,False,False,True,False,False,False,,False,False,True,False,False,False,45,4,311,54,False,7,False,False,0.0,24.78,1.0088781275221952,,,,,,,,
2025-11-08,PROD_013,Decathlon Bandas Elásticas Set,Fitness,Bandas Elásticas,25,False,,25.19,,24.08,22.99,24.44,2025,11,8,Saturday,5,True,False,False,True,False,False,,False,False,True,False,False,False,45,4,312,53,False,8,False,False,-0.7600000000000051,23.836666666666662,1.0567752761851492,,,,,,,,
2025-11-09,PROD_013,Decathlon Bandas Elásticas Set,Fitness,Bandas Elásticas,25,False,,25.08,,24.32,22.6,24.4,2025,11,9,Sunday,6,True,False,False,False,True,False,,False,False,True,False,False,False,45,4,313,52,False,9,False,False,-0.3199999999999932,23.77333333333333,1.0549635445877734,,,,,,,,
2025-11-10,PROD_013,Decathlon Bandas Elásticas Set,Fitness,Bandas Elásticas,25,False,,24.73,,23.44,22.3,24.77,2025,11,10,Monday,0,False,True,False,False,False,False,,False,False,True,False,False,False,46,4,314,51,False,10,False,False,1.0799999999999983,23.503333333333334,1.0521911785562332,,,,,,,,
2025-11-11,PROD_013,Decathlon Bandas Elásticas Set,Fitness,Bandas Elásticas,25,False,,25.02,,25.16,21.55,25.28,2025,11,11,Tuesday,1,False,False,False,False,False,False,,False,False,True,False,False,False,46,4,315,50,False,11,False,False,-0.0799999999999983,23.99666666666667,1.0426448117794136,,,,,,,,
2025-11-12,PROD_013,Decathlon Bandas Elásticas Set,Fitness,Bandas Elásticas,25,False,,25.03,,25.99,21.84,23.77,2025,11,12,Wednesday,2,False,False,False,False,False,False,,False,False,True,False,False,False,46,4,316,49,False,12,False,False,-0.12000000000000455,23.866666666666664,1.0487430167597767,,,,,,,,
2025-11-13,PROD_013,Decathlon Bandas Elásticas Set,Fitness,Bandas Elásticas,25,False,,25.17,,27.15,23.08,24.28,2025,11,13,Thursday,3,False,False,False,False,False,False,,False,False,True,False,False,False,46,4,317,48,False,13,False,False,-0.6800000000000068,24.836666666666662,1.0134210173131126,,,,,,,,
2025-11-14,PROD_013,Decathlon Bandas Elásticas Set,Fitness,Bandas Elásticas,25,False,,25.06,,24.77,21.99,25.57,2025,11,14,Friday,4,False,False,True,False,False,False,,False,False,True,False,False,False,46,4,318,47,False,14,False,False,-0.2399999999999949,24.11,1.0394027374533388,,,,,,,,
2025-11-15,PROD_013,Decathlon Bandas Elásticas Set,Fitness,Bandas Elásticas,25,False,,25.04,,24.69,22.05,24.25,2025,11,15,Saturday,5,True,False,False,True,False,False,,False,False,True,False,False,False,46,4,319,46,False,15,False,False,-0.1599999999999966,23.663333333333338,1.0581772080574727,,,,,,,,
2025-11-16,PROD_013,Decathlon Bandas Elásticas Set,Fitness,Bandas Elásticas,25,False,,25.16,,26.55,22.34,23.6,2025,11,16,Sunday,6,True,False,False,False,True,False,,False,False,True,False,False,False,46,4,320,45,False,16,False,False,-0.6400000000000006,24.163333333333338,1.0412470685611808,,,,,,,,
2025-11-17,PROD_013,Decathlon Bandas Elásticas Set,Fitness,Bandas Elásticas,25,False,,24.65,,26.51,22.87,27.2,2025,11,17,Monday,0,False,True,False,False,False,False,,False,False,True,False,False,False,47,4,321,44,False,17,False,False,1.4000000000000057,25.526666666666667,0.9656568294593888,,,,,,,,
2025-11-18,PROD_013,Decathlon Bandas Elásticas Set,Fitness,Bandas Elásticas,25,False,,24.59,,25.38,22.35,25.31,2025,11,18,Tuesday,1,False,False,False,False,False,False,,False,False,True,False,False,False,47,4,322,43,False,18,False,False,1.6400000000000006,24.346666666666668,1.0099945235487404,,,,,,,,
2025-11-19,PROD_013,Decathlon Bandas Elásticas Set,Fitness,Bandas Elásticas,25,False,,25.33,,25.82,23.5,24.2,2025,11,19,Wednesday,2,False,False,False,False,False,False,,False,False,True,False,False,False,47,4,323,42,False,19,False,False,-1.3199999999999932,24.506666666666664,1.033596300326442,,,,,,,,
2025-11-20,PROD_013,Decathlon Bandas Elásticas Set,Fitness,Bandas Elásticas,25,False,,24.59,,23.01,22.82,25.64,2025,11,20,Thursday,3,False,False,False,False,False,False,,False,False,True,False,False,False,47,4,324,41,False,20,False,False,1.6400000000000006,23.823333333333334,1.032181334825801,,,,,,,,
2025-11-21,PROD_013,Decathlon Bandas Elásticas Set,Fitness,Bandas Elásticas,25,False,,24.81,,23.32,21.08,25.33,2025,11,21,Friday,4,False,False,True,False,False,False,,False,False,True,False,False,False,47,4,325,40,False,21,False,False,0.7600000000000051,23.24333333333333,1.067402839523878,,,,,,,,
2025-11-22,PROD_013,Decathlon Bandas Elásticas Set,Fitness,Bandas Elásticas,25,False,,25.42,,28.28,22.95,24.96,2025,11,22,Saturday,5,True,False,False,True,False,False,,False,False,True,False,False,False,47,4,326,39,False,22,False,False,-1.6800000000000068,25.396666666666665,1.0009187557422234,,,,,,,,
2025-11-23,PROD_013,Decathlon Bandas Elásticas Set,Fitness,Bandas Elásticas,25,False,,25.35,,24.96,22.68,25.84,2025,11,23,Sunday,6,True,False,False,False,True,False,,False,False,True,False,False,False,47,4,327,38,False,23,False,False,-1.4000000000000057,24.493333333333336,1.0349755035383776,,,,,,,,
2025-11-24,PROD_013,Decathlon Bandas Elásticas Set,Fitness,Bandas Elásticas,25,False,,25.37,,24.44,23.2,25.54,2025,11,24,Monday,0,False,True,False,False,False,False,,False,False,True,False,False,False,48,4,328,37,False,24,False,False,-1.480000000000004,24.393333333333334,1.0400382618201693,,,,,,,,
2025-11-25,PROD_013,Decathlon Bandas Elásticas Set,Fitness,Bandas Elásticas,25,False,,24.8,,24.6,22.17,25.48,2025,11,25,Tuesday,1,False,False,False,False,False,False,,False,False,True,False,False,False,48,4,329,36,False,25,False,False,0.7999999999999973,24.083333333333332,1.029757785467128,,,,,,,,
2025-11-26,PROD_013,Decathlon Bandas Elásticas Set,Fitness,Bandas Elásticas,25,False,,24.85,,23.6,22.79,25.12,2025,11,26,Wednesday,2,False,False,False,False,False,False,,False,False,True,False,False,False,48,4,330,35,False,26,False,False,0.5999999999999943,23.83666666666667,1.0425115368479931,,,,,,,,
2025-11-27,PROD_013,Decathlon Bandas Elásticas Set,Fitness,Bandas Elásticas,25,False,,25.32,,24.81,23.39,26.3,2025,11,27,Thursday,3,False,False,False,False,False,False,,False,False,True,False,False,False,48,4,331,34,False,27,False,False,-1.2800000000000011,24.833333333333332,1.0195973154362417,,,,,,,,
2025-11-28,PROD_013,Decathlon Bandas Elásticas Set,Fitness,Bandas Elásticas,25,False,,21.25,,20.72,22.12,23.86,2025,11,28,Friday,4,False,False,True,False,False,False,,True,False,True,False,False,False,48,4,332,33,False,28,True,False,15.0,22.233333333333334,0.9557721139430284,,,,,,,,
2025-11-29,PROD_013,Decathlon Bandas Elásticas Set,Fitness,Bandas Elásticas,25,False,,24.57,,23.47,22.8,25.47,2025,11,29,Saturday,5,True,False,False,True,False,False,,False,False,True,False,False,False,48,4,333,32,False,29,True,False,1.7199999999999989,23.91333333333333,1.0274602732088096,,,,,,,,
2025-11-30,PROD_013,Decathlon Bandas Elásticas Set,Fitness,Bandas Elásticas,25,False,,25.47,,22.36,22.25,22.17,2025,11,30,Sunday,6,True,False,False,False,True,False,,False,False,True,False,False,False,48,4,334,31,False,30,True,False,-1.8799999999999955,22.26,1.1442048517520214,,,,,,,,
2025-11-01,PROD_014,Sveltus Kettlebell 12kg,Fitness,Pesa Rusa,40,False,,39.22,,40.48,35.36,39.73,2025,11,1,Saturday,5,True,False,False,True,False,True,Todos los Santos,False,False,True,False,False,False,44,4,305,60,False,1,False,True,1.9500000000000028,38.52333333333333,1.0180842779267976,4.0,1.0,11.0,5.0,3.0,8.0,5.0,5.285714285714286
2025-11-02,PROD_014,Sveltus Kettlebell 12kg,Fitness,Pesa Rusa,40,False,,40.08,,42.58,36.38,39.73,2025,11,2,Sunday,6,True,False,False,False,True,False,,False,False,True,False,False,False,44,4,306,59,False,2,False,True,-0.19999999999999576,39.56333333333333,1.0130592299266998,,,,,,,,
2025-11-03,PROD_014,Sveltus Kettlebell 12kg,Fitness,Pesa Rusa,40,False,,39.44,,38.17,38.01,38.53,2025,11,3,Monday,0,False,True,False,False,False,False,,False,False,True,False,False,False,45,4,307,58,False,3,False,True,1.4000000000000057,38.23666666666667,1.0314706651556096,,,,,,,,
2025-11-04,PROD_014,Sveltus Kettlebell 12kg,Fitness,Pesa Rusa,40,False,,39.96,,37.27,34.6,41.88,2025,11,4,Tuesday,1,False,False,False,False,False,False,,False,False,True,False,False,False,45,4,308,57,False,4,False,False,0.09999999999999788,37.916666666666664,1.05389010989011,,,,,,,,
2025-11-05,PROD_014,Sveltus Kettlebell 12kg,Fitness,Pesa Rusa,40,False,,40.63,,39.67,37.98,38.16,2025,11,5,Wednesday,2,False,False,False,False,False,False,,False,False,True,False,False,False,45,4,309,56,False,5,False,False,-1.5750000000000062,38.60333333333333,1.0524997841291772,,,,,,,,
2025-11-06,PROD_014,Sveltus Kettlebell 12kg,Fitness,Pesa Rusa,40,False,,39.9,,41.51,35.98,42.87,2025,11,6,Thursday,3,False,False,False,False,False,False,,False,False,True,False,False,False,45,4,310,55,False,6,False,False,0.25000000000000355,40.12,0.9945164506480558,,,,,,,,
2025-11-07,PROD_014,Sveltus Kettlebell 12kg,Fitness,Pesa Rusa,40,False,,40.25,,38.85,36.92,40.92,2025,11,7,Friday,4,False,False,True,False,False,False,,False,False,True,False,False,False,45,4,311,54,False,7,False,False,-0.625,38.89666666666667,1.0347930413917217,,,,,,,,
2025-11-08,PROD_014,Sveltus Kettlebell 12kg,Fitness,Pesa Rusa,40,False,,40.18,,40.17,35.65,40.43,2025,11,8,Saturday,5,True,False,False,True,False,False,,False,False,True,False,False,False,45,4,312,53,False,8,False,False,-0.4499999999999993,38.75,1.0369032258064517,,,,,,,,
2025-11-09,PROD_014,Sveltus Kettlebell 12kg,Fitness,Pesa Rusa,40,False,,40.02,,38.7,36.3,39.9,2025,11,9,Sunday,6,True,False,False,False,True,False,,False,False,True,False,False,False,45,4,313,52,False,9,False,False,-0.050000000000007816,38.300000000000004,1.0449086161879895,,,,,,,,
2025-11-10,PROD_014,Sveltus Kettlebell 12kg,Fitness,Pesa Rusa,40,False,,39.34,,39.35,36.8,37.84,2025,11,10,Monday,0,False,True,False,False,False,False,,False,False,True,False,False,False,46,4,314,51,False,10,False,False,1.6499999999999915,37.99666666666667,1.0353539784191597,,,,,,,,
2025-11-11,PROD_014,Sveltus Kettlebell 12kg,Fitness,Pesa Rusa,40,False,,39.76,,38.1,37.41,41.43,2025,11,11,Tuesday,1,False,False,False,False,False,False,,False,False,True,False,False,False,46,4,315,50,False,11,False,False,0.600000000000005,38.98,1.0200102616726527,,,,,,,,
2025-11-12,PROD_014,Sveltus Kettlebell 12kg,Fitness,Pesa Rusa,40,False,,39.5,,42.56,37.46,41.2,2025,11,12,Wednesday,2,False,False,False,False,False,False,,False,False,True,False,False,False,46,4,316,49,False,12,False,False,1.25,40.40666666666667,0.977561458505197,,,,,,,,
2025-11-13,PROD_014,Sveltus Kettlebell 12kg,Fitness,Pesa Rusa,40,False,,40.2,,38.54,35.04,39.05,2025,11,13,Thursday,3,False,False,False,False,False,False,,False,False,True,False,False,False,46,4,317,48,False,13,False,False,-0.5000000000000071,37.54333333333333,1.0707626742430971,,,,,,,,
2025-11-14,PROD_014,Sveltus Kettlebell 12kg,Fitness,Pesa Rusa,40,False,,39.39,,42.85,37.26,40.42,2025,11,14,Friday,4,False,False,True,False,False,False,,False,False,True,False,False,False,46,4,318,47,False,14,False,False,1.5249999999999986,40.17666666666667,0.9804198124948145,,,,,,,,
2025-11-15,PROD_014,Sveltus Kettlebell 12kg,Fitness,Pesa Rusa,40,False,,39.27,,44.58,38.36,42.35,2025,11,15,Saturday,5,True,False,False,True,False,False,,False,False,True,False,False,False,46,4,319,46,False,15,False,False,1.8249999999999922,41.76333333333333,0.9402985074626867,,,,,,,,
2025-11-16,PROD_014,Sveltus Kettlebell 12kg,Fitness,Pesa Rusa,40,False,,40.4,,41.22,37.89,39.25,2025,11,16,Sunday,6,True,False,False,False,True,False,,False,False,True,False,False,False,46,4,320,45,False,16,False,False,-0.9999999999999963,39.45333333333333,1.023994592767827,,,,,,,,
2025-11-17,PROD_014,Sveltus Kettlebell 12kg,Fitness,Pesa Rusa,40,False,,40.68,,38.37,35.85,37.93,2025,11,17,Monday,0,False,True,False,False,False,False,,False,False,True,False,False,False,47,4,321,44,False,17,False,False,-1.6999999999999995,37.38333333333333,1.088185465893892,,,,,,,,
2025-11-18,PROD_014,Sveltus Kettlebell 12kg,Fitness,Pesa Rusa,40,False,,39.89,,44.36,35.22,39.45,2025,11,18,Tuesday,1,False,False,False,False,False,False,,False,False,True,False,False,False,47,4,322,43,False,18,False,False,0.2749999999999986,39.67666666666667,1.0053767957657733,,,,,,,,
2025-11-19,PROD_014,Sveltus Kettlebell 12kg,Fitness,Pesa Rusa,40,False,,40.62,,39.53,34.93,41.08,2025,11,19,Wednesday,2,False,False,False,False,False,False,,False,False,True,False,False,False,47,4,323,42,False,19,False,False,-1.5499999999999936,38.513333333333335,1.0546996711095724,,,,,,,,
2025-11-20,PROD_014,Sveltus Kettlebell 12kg,Fitness,Pesa Rusa,40,False,,40.51,,39.76,36.92,39.41,2025,11,20,Thursday,3,False,False,False,False,False,False,,False,False,True,False,False,False,47,4,324,41,False,20,False,False,-1.274999999999995,38.696666666666665,1.0468601946765441,,,,,,,,
2025-11-21,PROD_014,Sveltus Kettlebell 12kg,Fitness,Pesa Rusa,40,False,,40.55,,43.43,37.67,40.82,2025,11,21,Friday,4,False,False,True,False,False,False,,False,False,True,False,False,False,47,4,325,40,False,21,False,False,-1.374999999999993,40.63999999999999,0.9977854330708662,,,,,,,,
2025-11-22,PROD_014,Sveltus Kettlebell 12kg,Fitness,Pesa Rusa,40,False,,40.25,,40.48,34.99,40.34,2025,11,22,Saturday,5,True,False,False,True,False,False,,False,False,True,False,False,False,47,4,326,39,False,22,False,False,-0.625,38.60333333333333,1.0426560746049565,,,,,,,,
2025-11-23,PROD_014,Sveltus Kettlebell 12kg,Fitness,Pesa Rusa,40,False,,40.51,,38.76,36.61,37.63,2025,11,23,Sunday,6,True,False,False,False,True,False,,False,False,True,False,False,False,47,4,327,38,False,23,False,False,-1.274999999999995,37.666666666666664,1.0754867256637168,,,,,,,,
2025-11-24,PROD_014,Sveltus Kettlebell 12kg,Fitness,Pesa Rusa,40,False,,40.55,,40.74,38.67,40.12,2025,11,24,Monday,0,False,True,False,False,False,False,,False,False,True,False,False,False,48,4,328,37,False,24,False,False,-1.374999999999993,39.843333333333334,1.0177361331883208,,,,,,,,
2025-11-25,PROD_014,Sveltus Kettlebell 12kg,Fitness,Pesa Rusa,40,False,,39.68,,45.49,38.8,40.66,2025,11,25,Tuesday,1,False,False,False,False,False,False,,False,False,True,False,False,False,48,4,329,36,False,25,False,False,0.8000000000000007,41.65,0.9527010804321729,,,,,,,,
2025-11-26,PROD_014,Sveltus Kettlebell 12kg,Fitness,Pesa Rusa,40,False,,40.6,,42.77,37.4,39.57,2025,11,26,Wednesday,2,False,False,False,False,False,False,,False,False,True,False,False,False,48,4,330,35,False,26,False,False,-1.5000000000000036,39.913333333333334,1.0172039418740604,,,,,,,,
2025-11-27,PROD_014,Sveltus Kettlebell 12kg,Fitness,Pesa Rusa,40,False,,39.21,,37.57,37.59,38.44,2025,11,27,Thursday,3,False,False,False,False,False,False,,False,False,True,False,False,False,48,4,331,34,False,27,False,False,1.9749999999999979,37.86666666666667,1.035475352112676,,,,,,,,
2025-11-28,PROD_014,Sveltus Kettlebell 12kg,Fitness,Pesa Rusa,40,False,,34.0,,38.05,37.47,39.13,2025,11,28,Friday,4,False,False,True,False,False,False,,True,False,True,False,False,False,48,4,332,33,False,28,True,False,15.0,38.21666666666667,0.8896641953772351,,,,,,,,
2025-11-29,PROD_014,Sveltus Kettlebell 12kg,Fitness,Pesa Rusa,40,False,,40.19,,39.04,35.22,40.17,2025,11,29,Saturday,5,True,False,False,True,False,False,,False,False,True,False,False,False,48,4,333,32,False,29,True,False,-0.47499999999999437,38.14333333333333,1.0536572577121384,,,,,,,,
2025-11-30,PROD_014,Sveltus Kettlebell 12kg,Fitness,Pesa Rusa,40,False,,39.21,,43.11,35.61,40.7,2025,11,30,Sunday,6,True,False,False,False,True,False,,False,False,True,False,False,False,48,4,334,31,False,30,True,False,1.9749999999999979,39.806666666666665,0.9850108859487524,,,,,,,,
2025-11-01,PROD_015,Salomon Speedcross 5 GTX,Outdoor,Zapatillas Trail,150,True,,150.0,,146.88,142.99,143.31,2025,11,1,Saturday,5,True,False,False,True,False,True,Todos los Santos,False,False,True,False,False,False,44,4,305,60,False,1,False,True,0.0,144.39333333333335,1.0388291241516228,4.0,3.0,5.0,4.0,5.0,5.0,6.0,4.571428571428571
2025-11-02,PROD_015,Salomon Speedcross 5 GTX,Outdoor,Zapatillas Trail,150,True,,150.0,,146.67,143.89,130.77,2025,11,2,Sunday,6,True,False,False,False,True,False,,False,False,True,False,False,False,44,4,306,59,False,2,False,True,0.0,140.4433333333333,1.0680464244179149,,,,,,,,
2025-11-03,PROD_015,Salomon Speedcross 5 GTX,Outdoor,Zapatillas Trail,150,True,,150.0,,146.22,158.74,145.11,2025,11,3,Monday,0,False,True,False,False,False,False,,False,False,True,False,False,False,45,4,307,58,False,3,False,True,0.0,150.02333333333334,0.9998444686382117,,,,,,,,
2025-11-04,PROD_015,Salomon Speedcross 5 GTX,Outdoor,Zapatillas Trail,150,True,,150.0,,147.09,138.11,134.81,2025,11,4,Tuesday,1,False,False,False,False,False,False,,False,False,True,False,False,False,45,4,308,57,False,4,False,False,0.0,140.00333333333336,1.0714030618318608,,,,,,,,
2025-11-05,PROD_015,Salomon Speedcross 5 GTX,Outdoor,Zapatillas Trail,150,True,,150.0,,148.32,141.27,135.74,2025,11,5,Wednesday,2,False,False,False,False,False,False,,False,False,True,False,False,False,45,4,309,56,False,5,False,False,0.0,141.77666666666667,1.0580020219594197,,,,,,,,
2025-11-06,PROD_015,Salomon Speedcross 5 GTX,Outdoor,Zapatillas Trail,150,True,,150.0,,140.61,140.9,149.02,2025,11,6,Thursday,3,False,False,False,False,False,False,,False,False,True,False,False,False,45,4,310,55,False,6,False,False,0.0,143.51,1.045223329384712,,,,,,,,
2025-11-07,PROD_015,Salomon Speedcross 5 GTX,Outdoor,Zapatillas Trail,150,True,,150.0,,128.88,149.29,141.97,2025,11,7,Friday,4,False,False,True,False,False,False,,False,False,True,False,False,False,45,4,311,54,False,7,False,False,0.0,140.04666666666665,1.0710715475793784,,,,,,,,
2025-11-08,PROD_015,Salomon Speedcross 5 GTX,Outdoor,Zapatillas Trail,150,True,,150.0,,151.17,145.92,141.69,2025,11,8,Saturday,5,True,False,False,True,False,False,,False,False,True,False,False,False,45,4,312,53,False,8,False,False,0.0,146.26,1.0255709011349652,,,,,,,,
2025-11-09,PROD_015,Salomon Speedcross 5 GTX,Outdoor,Zapatillas Trail,150,True,,150.0,,147.81,155.22,142.24,2025,11,9,Sunday,6,True,False,False,False,True,False,,False,False,True,False,False,False,45,4,313,52,False,9,False,False,0.0,148.42333333333332,1.0106227682080537,,,,,,,,
2025-11-10,PROD_015,Salomon Speedcross 5 GTX,Outdoor,Zapatillas Trail,150,True,,150.0,,137.39,148.82,140.1,2025,11,10,Monday,0,False,True,False,False,False,False,,False,False,True,False,False,False,46,4,314,51,False,10,False,False,0.0,142.10333333333332,1.0555698904553026,,,,,,,,
2025-11-11,PROD_015,Salomon Speedcross 5 GTX,Outdoor,Zapatillas Trail,150,True,,150.0,,137.02,150.64,141.36,2025,11,11,Tuesday,1,False,False,False,False,False,False,,False,False,True,False,False,False,46,4,315,50,False,11,False,False,0.0,143.00666666666666,1.0489021490839587,,,,,,,,
2025-11-12,PROD_015,Salomon Speedcross 5 GTX,Outdoor,Zapatillas Trail,150,True,,150.0,,136.15,154.21,129.09,2025,11,12,Wednesday,2,False,False,False,False,False,False,,False,False,True,False,False,False,46,4,316,49,False,12,False,False,0.0,139.8166666666667,1.072833472404339,,,,,,,,
2025-11-13,PROD_015,Salomon Speedcross 5 GTX,Outdoor,Zapatillas Trail,150,True,,150.0,,134.59,138.71,146.62,2025,11,13,Thursday,3,False,False,False,False,False,False,,False,False,True,False,False,False,46,4,317,48,False,13,False,False,0.0,139.97333333333333,1.0716326919413222,,,,,,,,
2025-11-14,PROD_015,Salomon Speedcross 5 GTX,Outdoor,Zapatillas Trail,150,True,,150.0,,140.49,155.94,148.14,2025,11,14,Friday,4,False,False,True,False,False,False,,False,False,True,False,False,False,46,4,318,47,False,14,False,False,0.0,148.19,1.0122140495310075,,,,,,,,
2025-11-15,PROD_015,Salomon Speedcross 5 GTX,Outdoor,Zapatillas Trail,150,True,,150.0,,145.83,146.39,132.65,2025,11,15,Saturday,5,True,False,False,True,False,False,,False,False,True,False,False,False,46,4,319,46,False,15,False,False,0.0,141.62333333333333,1.0591475039423823,,,,,,,,
2025-11-16,PROD_015,Salomon Speedcross 5 GTX,Outdoor,Zapatillas Trail,150,True,,150.0,,153.7,148.54,141.89,2025,11,16,Sunday,6,True,False,False,False,True,False,,False,False,True,False,False,False,46,4,320,45,False,16,False,False,0.0,148.04333333333332,1.0132168509220274,,,,,,,,
2025-11-17,PROD_015,Salomon Speedcross 5 GTX,Outdoor,Zapatillas Trail,150,True,,150.0,,146.07,142.52,136.72,2025,11,17,Monday,0,False,True,False,False,False,False,,False,False,True,False,False,False,47,4,321,44,False,17,False,False,0.0,141.77,1.058051774000141,,,,,,,,
2025-11-18,PROD_015,Salomon Speedcross 5 GTX,Outdoor,Zapatillas Trail,150,True,,150.0,,145.81,142.97,138.67,2025,11,18,Tuesday,1,False,False,False,False,False,False,,False,False,True,False,False,False,47,4,322,43,False,18,False,False,0.0,142.48333333333332,1.0527547081530004,,,,,,,,
2025-11-19,PROD_015,Salomon Speedcross 5 GTX,Outdoor,Zapatillas Trail,150,True,,150.0,,139.7,158.15,134.11,2025,11,19,Wednesday,2,False,False,False,False,False,False,,False,False,True,False,False,False,47,4,323,42,False,19,False,False,0.0,143.98666666666668,1.0417631262153901,,,,,,,,
2025-11-20,PROD_015,Salomon Speedcross 5 GTX,Outdoor,Zapatillas Trail,150,True,,150.0,,145.07,147.23,139.96,2025,11,20,Thursday,3,False,False,False,False,False,False,,False,False,True,False,False,False,47,4,324,41,False,20,False,False,0.0,144.08666666666667,1.0410401147457549,,,,,,,,
2025-11-21,PROD_015,Salomon Speedcross 5 GTX,Outdoor,Zapatillas Trail,150,True,,150.0,,150.24,153.04,135.2,2025,11,21,Friday,4,False,False,True,False,False,False,,False,False,True,False,False,False,47,4,325,40,False,21,False,False,0.0,146.16,1.026272577996716,,,,,,,,
2025-11-22,PROD_015,Salomon Speedcross 5 GTX,Outdoor,Zapatillas Trail,150,True,,150.0,,147.57,143.4,143.87,2025,11,22,Saturday,5,True,False,False,True,False,False,,False,False,True,False,False,False,47,4,326,39,False,22,False,False,0.0,144.9466666666667,1.0348633980314597,,,,,,,,
2025-11-23,PROD_015,Salomon Speedcross 5 GTX,Outdoor,Zapatillas Trail,150,True,,150.0,,145.6,164.85,147.08,2025,11,23,Sunday,6,True,False,False,False,True,False,,False,False,True,False,False,False,47,4,327,38,False,23,False,False,0.0,152.51,0.9835420628155531,,,,,,,,
2025-11-24,PROD_015,Salomon Speedcross 5 GTX,Outdoor,Zapatillas Trail,150,True,,150.0,,140.56,138.95,136.34,2025,11,24,Monday,0,False,True,False,False,False,False,,False,False,True,False,False,False,48,4,328,37,False,24,False,False,0.0,138.61666666666667,1.0821209570758688,,,,,,,,
2025-11-25,PROD_015,Salomon Speedcross 5 GTX,Outdoor,Zapatillas Trail,150,True,,150.0,,138.6,145.0,138.72,2025,11,25,Tuesday,1,False,False,False,False,False,False,,False,False,True,False,False,False,48,4,329,36,False,25,False,False,0.0,140.77333333333334,1.065542716423565,,,,,,,,
2025-11-26,PROD_015,Salomon Speedcross 5 GTX,Outdoor,Zapatillas Trail,150,True,,150.0,,133.92,155.9,136.38,2025,11,26,Wednesday,2,False,False,False,False,False,False,,False,False,True,False,False,False,48,4,330,35,False,26,False,False,0.0,142.06666666666666,1.0558423275457531,,,,,,,,
2025-11-27,PROD_015,Salomon Speedcross 5 GTX,Outdoor,Zapatillas Trail,150,True,,150.0,,146.53,140.65,149.84,2025,11,27,Thursday,3,False,False,False,False,False,False,,False,False,True,False,False,False,48,4,331,34,False,27,False,False,0.0,145.67333333333332,1.0297011578417465,,,,,,,,
2025-11-28,PROD_015,Salomon Speedcross 5 GTX,Outdoor,Zapatillas Trail,150,True,,127.5,,138.2,148.52,130.33,2025,11,28,Friday,4,False,False,True,False,False,False,,True,False,True,False,False,False,48,4,332,33,False,28,True,False,15.0,139.01666666666668,0.9171562162810214,,,,,,,,
2025-11-29,PROD_015,Salomon Speedcross 5 GTX,Outdoor,Zapatillas Trail,150,True,,150.0,,137.14,145.77,128.51,2025,11,29,Saturday,5,True,False,False,True,False,False,,False,False,True,False,False,False,48,4,333,32,False,29,True,False,0.0,137.14,1.0937727869330611,,,,,,,,
2025-11-30,PROD_015,Salomon Speedcross 5 GTX,Outdoor,Zapatillas Trail,150,True,,150.0,,138.02,164.32,142.78,2025,11,30,Sunday,6,True,False,False,False,True,False,,False,False,True,False,False,False,48,4,334,31,False,30,True,False,0.0,148.37333333333333,1.0109633357296908,,,,,,,,
2025-11-01,PROD_016,Trek Marlin 7,Outdoor,Bicicleta Montaña,830,True,,830.0,,823.61,719.37,850.89,2025,11,1,Saturday,5,True,False,False,True,False,True,Todos los Santos,False,False,True,False,False,False,44,4,305,60,False,1,False,True,0.0,797.9566666666666,1.0401567336572162,3.0,3.0,3.0,3.0,3.0,4.0,5.0,3.4285714285714284
2025-11-02,PROD_016,Trek Marlin 7,Outdoor,Bicicleta Montaña,830,True,,830.0,,797.79,740.68,840.54,2025,11,2,Sunday,6,True,False,False,False,True,False,,False,False,True,False,False,False,44,4,306,59,False,2,False,True,0.0,793.0033333333332,1.0466538602191668,,,,,,,,
2025-11-03,PROD_016,Trek Marlin 7,Outdoor,Bicicleta Montaña,830,True,,830.0,,726.77,715.19,832.28,2025,11,3,Monday,0,False,True,False,False,False,False,,False,False,True,False,False,False,45,4,307,58,False,3,False,True,0.0,758.0799999999999,1.0948712536935417,,,,,,,,
2025-11-04,PROD_016,Trek Marlin 7,Outdoor,Bicicleta Montaña,830,True,,830.0,,820.95,750.95,766.18,2025,11,4,Tuesday,1,False,False,False,False,False,False,,False,False,True,False,False,False,45,4,308,57,False,4,False,False,0.0,779.36,1.0649763908848286,,,,,,,,
2025-11-05,PROD_016,Trek Marlin 7,Outdoor,Bicicleta Montaña,830,True,,830.0,,761.24,725.34,884.18,2025,11,5,Wednesday,2,False,False,False,False,False,False,,False,False,True,False,False,False,45,4,309,56,False,5,False,False,0.0,790.2533333333332,1.0502961075773172,,,,,,,,
2025-11-06,PROD_016,Trek Marlin 7,Outdoor,Bicicleta Montaña,830,True,,830.0,,724.77,732.95,816.34,2025,11,6,Thursday,3,False,False,False,False,False,False,,False,False,True,False,False,False,45,4,310,55,False,6,False,False,0.0,758.02,1.0949579166776602,,,,,,,,
2025-11-07,PROD_016,Trek Marlin 7,Outdoor,Bicicleta Montaña,830,True,,830.0,,790.1,726.44,802.27,2025,11,7,Friday,4,False,False,True,False,False,False,,False,False,True,False,False,False,45,4,311,54,False,7,False,False,0.0,772.9366666666666,1.0738266610890932,,,,,,,,
2025-11-08,PROD_016,Trek Marlin 7,Outdoor,Bicicleta Montaña,830,True,,830.0,,771.65,740.89,856.51,2025,11,8,Saturday,5,True,False,False,True,False,False,,False,False,True,False,False,False,45,4,312,53,False,8,False,False,0.0,789.6833333333334,1.05105422004601,,,,,,,,
2025-11-09,PROD_016,Trek Marlin 7,Outdoor,Bicicleta Montaña,830,True,,830.0,,778.9,716.64,814.06,2025,11,9,Sunday,6,True,False,False,False,True,False,,False,False,True,False,False,False,45,4,313,52,False,9,False,False,0.0,769.8666666666667,1.0781087634222377,,,,,,,,
2025-11-10,PROD_016,Trek Marlin 7,Outdoor,Bicicleta Montaña,830,True,,830.0,,835.7,779.27,804.27,2025,11,10,Monday,0,False,True,False,False,False,False,,False,False,True,False,False,False,46,4,314,51,False,10,False,False,0.0,806.4133333333333,1.029248855012318,,,,,,,,
2025-11-11,PROD_016,Trek Marlin 7,Outdoor,Bicicleta Montaña,830,True,,830.0,,834.77,782.9,893.91,2025,11,11,Tuesday,1,False,False,False,False,False,False,,False,False,True,False,False,False,46,4,315,50,False,11,False,False,0.0,837.1933333333333,0.9914077990746861,,,,,,,,
2025-11-12,PROD_016,Trek Marlin 7,Outdoor,Bicicleta Montaña,830,True,,830.0,,849.3,790.75,791.44,2025,11,12,Wednesday,2,False,False,False,False,False,False,,False,False,True,False,False,False,46,4,316,49,False,12,False,False,0.0,810.4966666666666,1.0240634343550663,,,,,,,,
2025-11-13,PROD_016,Trek Marlin 7,Outdoor,Bicicleta Montaña,830,True,,830.0,,792.06,721.95,875.28,2025,11,13,Thursday,3,False,False,False,False,False,False,,False,False,True,False,False,False,46,4,317,48,False,13,False,False,0.0,796.43,1.042150597039288,,,,,,,,
2025-11-14,PROD_016,Trek Marlin 7,Outdoor,Bicicleta Montaña,830,True,,830.0,,782.2,806.79,753.64,2025,11,14,Friday,4,False,False,True,False,False,False,,False,False,True,False,False,False,46,4,318,47,False,14,False,False,0.0,780.8766666666667,1.0629079282686553,,,,,,,,
2025-11-15,PROD_016,Trek Marlin 7,Outdoor,Bicicleta Montaña,830,True,,830.0,,775.28,711.71,787.93,2025,11,15,Saturday,5,True,False,False,True,False,False,,False,False,True,False,False,False,46,4,319,46,False,15,False,False,0.0,758.3066666666667,1.0945439839642712,,,,,,,,
2025-11-16,PROD_016,Trek Marlin 7,Outdoor,Bicicleta Montaña,830,True,,830.0,,791.25,820.04,857.37,2025,11,16,Sunday,6,True,False,False,False,True,False,,False,False,True,False,False,False,46,4,320,45,False,16,False,False,0.0,822.8866666666667,1.0086443657692838,,,,,,,,
2025-11-17,PROD_016,Trek Marlin 7,Outdoor,Bicicleta Montaña,830,True,,830.0,,745.94,699.31,849.35,2025,11,17,Monday,0,False,True,False,False,False,False,,False,False,True,False,False,False,47,4,321,44,False,17,False,False,0.0,764.8666666666667,1.0851564542839711,,,,,,,,
2025-11-18,PROD_016,Trek Marlin 7,Outdoor,Bicicleta Montaña,830,True,,830.0,,808.06,689.08,833.46,2025,11,18,Tuesday,1,False,False,False,False,False,False,,False,False,True,False,False,False,47,4,322,43,False,18,False,False,0.0,776.8666666666667,1.0683944048742813,,,,,,,,
2025-11-19,PROD_016,Trek Marlin 7,Outdoor,Bicicleta Montaña,830,True,,830.0,,811.28,708.34,832.9,2025,11,19,Wednesday,2,False,False,False,False,False,False,,False,False,True,False,False,False,47,4,323,42,False,19,False,False,0.0,784.1733333333333,1.0584394606634588,,,,,,,,
2025-11-20,PROD_016,Trek Marlin 7,Outdoor,Bicicleta Montaña,830,True,,830.0,,855.73,779.75,797.38,2025,11,20,Thursday,3,False,False,False,False,False,False,,False,False,True,False,False,False,47,4,324,41,False,20,False,False,0.0,810.9533333333334,1.0234867604383318,,,,,,,,
2025-11-21,PROD_016,Trek Marlin 7,Outdoor,Bicicleta Montaña,830,True,,830.0,,803.53,820.04,818.46,2025,11,21,Friday,4,False,False,True,False,False,False,,False,False,True,False,False,False,47,4,325,40,False,21,False,False,0.0,814.0099999999999,1.019643493323178,,,,,,,,
2025-11-22,PROD_016,Trek Marlin 7,Outdoor,Bicicleta Montaña,830,True,,830.0,,831.13,763.42,888.8,2025,11,22,Saturday,5,True,False,False,True,False,False,,False,False,True,False,False,False,47,4,326,39,False,22,False,False,0.0,827.7833333333333,1.0026778343769505,,,,,,,,
2025-11-23,PROD_016,Trek Marlin 7,Outdoor,Bicicleta Montaña,830,True,,830.0,,840.2,730.41,769.84,2025,11,23,Sunday,6,True,False,False,False,True,False,,False,False,True,False,False,False,47,4,327,38,False,23,False,False,0.0,780.1500000000001,1.0638979683394219,,,,,,,,
2025-11-24,PROD_016,Trek Marlin 7,Outdoor,Bicicleta Montaña,830,True,,830.0,,768.96,677.28,808.66,2025,11,24,Monday,0,False,True,False,False,False,False,,False,False,True,False,False,False,48,4,328,37,False,24,False,False,0.0,751.6333333333333,1.1042618297928954,,,,,,,,
2025-11-25,PROD_016,Trek Marlin 7,Outdoor,Bicicleta Montaña,830,True,,830.0,,769.63,802.34,727.91,2025,11,25,Tuesday,1,False,False,False,False,False,False,,False,False,True,False,False,False,48,4,329,36,False,25,False,False,0.0,766.6266666666667,1.0826651825312625,,,,,,,,
2025-11-26,PROD_016,Trek Marlin 7,Outdoor,Bicicleta Montaña,830,True,,830.0,,765.06,774.03,829.35,2025,11,26,Wednesday,2,False,False,False,False,False,False,,False,False,True,False,False,False,48,4,330,35,False,26,False,False,0.0,789.48,1.0513249227339514,,,,,,,,
2025-11-27,PROD_016,Trek Marlin 7,Outdoor,Bicicleta Montaña,830,True,,830.0,,703.01,809.21,819.67,2025,11,27,Thursday,3,False,False,False,False,False,False,,False,False,True,False,False,False,48,4,331,34,False,27,False,False,0.0,777.2966666666666,1.067803369798747,,,,,,,,
2025-11-28,PROD_016,Trek Marlin 7,Outdoor,Bicicleta Montaña,830,True,,705.5,,727.16,732.98,747.2,2025,11,28,Friday,4,False,False,True,False,False,False,,True,False,True,False,False,False,48,4,332,33,False,28,True,False,15.0,735.7800000000001,0.9588463943026447,,,,,,,,
2025-11-29,PROD_016,Trek Marlin 7,Outdoor,Bicicleta Montaña,830,True,,830.0,,744.12,700.42,770.41,2025,11,29,Saturday,5,True,False,False,True,False,False,,False,False,True,False,False,False,48,4,333,32,False,29,True,False,0.0,738.3166666666666,1.1241788753696473,,,,,,,,
2025-11-30,PROD_016,Trek Marlin 7,Outdoor,Bicicleta Montaña,830,True,,830.0,,757.9,771.23,851.27,2025,11,30,Sunday,6,True,False,False,False,True,False,,False,False,True,False,False,False,48,4,334,31,False,30,True,False,0.0,793.4666666666667,1.0460426819022013,,,,,,,,
2025-11-01,PROD_017,The North Face Borealis,Outdoor,Mochila Trekking,95,False,,95.07,,88.71,86.24,91.85,2025,11,1,Saturday,5,True,False,False,True,False,True,Todos los Santos,False,False,True,False,False,False,44,4,305,60,False,1,False,True,-0.07368421052630861,88.93333333333332,1.0690029985007496,3.0,2.0,6.0,3.0,1.0,1.0,3.0,2.7142857142857144
2025-11-02,PROD_017,The North Face Borealis,Outdoor,Mochila Trekking,95,False,,93.44,,85.12,88.18,89.53,2025,11,2,Sunday,6,True,False,False,False,True,False,,False,False,True,False,False,False,44,4,306,59,False,2,False,True,1.6421052631578972,87.61000000000001,1.066544914964045,,,,,,,,
2025-11-03,PROD_017,The North Face Borealis,Outdoor,Mochila Trekking,95,False,,95.9,,89.3,92.14,98.79,2025,11,3,Monday,0,False,True,False,False,False,False,,False,False,True,False,False,False,45,4,307,58,False,3,False,True,-0.9473684210526375,93.41000000000001,1.0266566748742103,,,,,,,,
2025-11-04,PROD_017,The North Face Borealis,Outdoor,Mochila Trekking,95,False,,93.55,,97.27,90.1,93.33,2025,11,4,Tuesday,1,False,False,False,False,False,False,,False,False,True,False,False,False,45,4,308,57,False,4,False,False,1.5263157894736872,93.56666666666666,0.9998218738867118,,,,,,,,
2025-11-05,PROD_017,The North Face Borealis,Outdoor,Mochila Trekking,95,False,,94.56,,103.73,91.24,92.67,2025,11,5,Wednesday,2,False,False,False,False,False,False,,False,False,True,False,False,False,45,4,309,56,False,5,False,False,0.4631578947368397,95.88,0.986232790988736,,,,,,,,
2025-11-06,PROD_017,The North Face Borealis,Outdoor,Mochila Trekking,95,False,,94.37,,88.82,85.28,97.18,2025,11,6,Thursday,3,False,False,False,False,False,False,,False,False,True,False,False,False,45,4,310,55,False,6,False,False,0.6631578947368373,90.42666666666666,1.0436080802123269,,,,,,,,
2025-11-07,PROD_017,The North Face Borealis,Outdoor,Mochila Trekking,95,False,,95.07,,95.98,86.37,92.75,2025,11,7,Friday,4,False,False,True,False,False,False,,False,False,True,False,False,False,45,4,311,54,False,7,False,False,-0.07368421052630861,91.7,1.036750272628135,,,,,,,,
2025-11-08,PROD_017,The North Face Borealis,Outdoor,Mochila Trekking,95,False,,96.42,,86.47,85.73,95.86,2025,11,8,Saturday,5,True,False,False,True,False,False,,False,False,True,False,False,False,45,4,312,53,False,8,False,False,-1.494736842105265,89.35333333333334,1.0790867716182944,,,,,,,,
2025-11-09,PROD_017,The North Face Borealis,Outdoor,Mochila Trekking,95,False,,96.15,,88.57,78.52,94.32,2025,11,9,Sunday,6,True,False,False,False,True,False,,False,False,True,False,False,False,45,4,313,52,False,9,False,False,-1.2105263157894797,87.13666666666666,1.1034390421177462,,,,,,,,
2025-11-10,PROD_017,The North Face Borealis,Outdoor,Mochila Trekking,95,False,,94.76,,103.17,89.39,97.2,2025,11,10,Monday,0,False,True,False,False,False,False,,False,False,True,False,False,False,46,4,314,51,False,10,False,False,0.25263157894736304,96.58666666666666,0.9810877967973497,,,,,,,,
2025-11-11,PROD_017,The North Face Borealis,Outdoor,Mochila Trekking,95,False,,93.7,,89.43,87.67,97.16,2025,11,11,Tuesday,1,False,False,False,False,False,False,,False,False,True,False,False,False,46,4,315,50,False,11,False,False,1.3684210526315759,91.42,1.0249398381098227,,,,,,,,
2025-11-12,PROD_017,The North Face Borealis,Outdoor,Mochila Trekking,95,False,,96.74,,100.47,83.98,91.23,2025,11,12,Wednesday,2,False,False,False,False,False,False,,False,False,True,False,False,False,46,4,316,49,False,12,False,False,-1.8315789473684156,91.89333333333333,1.05274230992455,,,,,,,,
2025-11-13,PROD_017,The North Face Borealis,Outdoor,Mochila Trekking,95,False,,94.04,,93.26,87.86,97.69,2025,11,13,Thursday,3,False,False,False,False,False,False,,False,False,True,False,False,False,46,4,317,48,False,13,False,False,1.010526315789467,92.93666666666667,1.0118718840787633,,,,,,,,
2025-11-14,PROD_017,The North Face Borealis,Outdoor,Mochila Trekking,95,False,,94.81,,90.39,85.28,94.37,2025,11,14,Friday,4,False,False,True,False,False,False,,False,False,True,False,False,False,46,4,318,47,False,14,False,False,0.19999999999999762,90.01333333333334,1.053288401718264,,,,,,,,
2025-11-15,PROD_017,The North Face Borealis,Outdoor,Mochila Trekking,95,False,,93.34,,82.35,89.34,97.05,2025,11,15,Saturday,5,True,False,False,True,False,False,,False,False,True,False,False,False,46,4,319,46,False,15,False,False,1.7473684210526281,89.58,1.0419736548336682,,,,,,,,
2025-11-16,PROD_017,The North Face Borealis,Outdoor,Mochila Trekking,95,False,,93.18,,92.98,87.51,94.73,2025,11,16,Sunday,6,True,False,False,False,True,False,,False,False,True,False,False,False,46,4,320,45,False,16,False,False,1.9157894736842034,91.74000000000001,1.015696533682145,,,,,,,,
2025-11-17,PROD_017,The North Face Borealis,Outdoor,Mochila Trekking,95,False,,95.23,,86.63,85.27,97.26,2025,11,17,Monday,0,False,True,False,False,False,False,,False,False,True,False,False,False,47,4,321,44,False,17,False,False,-0.2421052631578989,89.71999999999998,1.0614132857779761,,,,,,,,
2025-11-18,PROD_017,The North Face Borealis,Outdoor,Mochila Trekking,95,False,,93.85,,88.16,82.96,103.06,2025,11,18,Tuesday,1,False,False,False,False,False,False,,False,False,True,False,False,False,47,4,322,43,False,18,False,False,1.2105263157894797,91.39333333333333,1.026880151725144,,,,,,,,
2025-11-19,PROD_017,The North Face Borealis,Outdoor,Mochila Trekking,95,False,,96.79,,86.37,90.15,91.79,2025,11,19,Wednesday,2,False,False,False,False,False,False,,False,False,True,False,False,False,47,4,323,42,False,19,False,False,-1.8842105263157962,89.43666666666667,1.082218329544184,,,,,,,,
2025-11-20,PROD_017,The North Face Borealis,Outdoor,Mochila Trekking,95,False,,96.33,,90.36,89.73,103.95,2025,11,20,Thursday,3,False,False,False,False,False,False,,False,False,True,False,False,False,47,4,324,41,False,20,False,False,-1.3999999999999981,94.68,1.0174271229404308,,,,,,,,
2025-11-21,PROD_017,The North Face Borealis,Outdoor,Mochila Trekking,95,False,,93.54,,96.51,88.79,95.05,2025,11,21,Friday,4,False,False,True,False,False,False,,False,False,True,False,False,False,47,4,325,40,False,21,False,False,1.5368421052631513,93.45,1.0009630818619584,,,,,,,,
2025-11-22,PROD_017,The North Face Borealis,Outdoor,Mochila Trekking,95,False,,95.17,,92.56,86.56,91.45,2025,11,22,Saturday,5,True,False,False,True,False,False,,False,False,True,False,False,False,47,4,326,39,False,22,False,False,-0.17894736842105444,90.19,1.0552167646080497,,,,,,,,
2025-11-23,PROD_017,The North Face Borealis,Outdoor,Mochila Trekking,95,False,,94.94,,96.55,89.4,85.96,2025,11,23,Sunday,6,True,False,False,False,True,False,,False,False,True,False,False,False,47,4,327,38,False,23,False,False,0.06315789473684451,90.63666666666666,1.0474789452392337,,,,,,,,
2025-11-24,PROD_017,The North Face Borealis,Outdoor,Mochila Trekking,95,False,,95.57,,89.37,84.75,94.68,2025,11,24,Monday,0,False,True,False,False,False,False,,False,False,True,False,False,False,48,4,328,37,False,24,False,False,-0.5999999999999928,89.60000000000001,1.0666294642857141,,,,,,,,
2025-11-25,PROD_017,The North Face Borealis,Outdoor,Mochila Trekking,95,False,,95.05,,93.47,90.76,92.11,2025,11,25,Tuesday,1,False,False,False,False,False,False,,False,False,True,False,False,False,48,4,329,36,False,25,False,False,-0.05263157894736543,92.11333333333334,1.0318810161395382,,,,,,,,
2025-11-26,PROD_017,The North Face Borealis,Outdoor,Mochila Trekking,95,False,,93.73,,90.41,90.15,91.67,2025,11,26,Wednesday,2,False,False,False,False,False,False,,False,False,True,False,False,False,48,4,330,35,False,26,False,False,1.3368421052631536,90.74333333333334,1.0329133453329904,,,,,,,,
2025-11-27,PROD_017,The North Face Borealis,Outdoor,Mochila Trekking,95,False,,95.07,,95.98,86.07,93.37,2025,11,27,Thursday,3,False,False,False,False,False,False,,False,False,True,False,False,False,48,4,331,34,False,27,False,False,-0.07368421052630861,91.80666666666667,1.0355457120034854,,,,,,,,
2025-11-28,PROD_017,The North Face Borealis,Outdoor,Mochila Trekking,95,False,,80.75,,91.25,82.14,91.87,2025,11,28,Friday,4,False,False,True,False,False,False,,True,False,True,False,False,False,48,4,332,33,False,28,True,False,15.0,88.42,0.913254919701425,,,,,,,,
2025-11-29,PROD_017,The North Face Borealis,Outdoor,Mochila Trekking,95,False,,94.99,,98.75,87.66,91.73,2025,11,29,Saturday,5,True,False,False,True,False,False,,False,False,True,False,False,False,48,4,333,32,False,29,True,False,0.010526315789479069,92.71333333333332,1.0245559790033796,,,,,,,,
2025-11-30,PROD_017,The North Face Borealis,Outdoor,Mochila Trekking,95,False,,96.22,,100.88,85.16,87.87,2025,11,30,Sunday,6,True,False,False,False,True,False,,False,False,True,False,False,False,48,4,334,31,False,30,True,False,-1.2842105263157881,91.30333333333333,1.0538498046803695,,,,,,,,
2025-11-01,PROD_018,Columbia Silver Ridge,Outdoor,Ropa Montaña,70,False,,69.12,,68.51,64.55,70.53,2025,11,1,Saturday,5,True,False,False,True,False,True,Todos los Santos,False,False,True,False,False,False,44,4,305,60,False,1,False,True,1.2571428571428507,67.86333333333333,1.0185176089198882,2.0,4.0,3.0,4.0,4.0,5.0,3.0,3.5714285714285716
2025-11-02,PROD_018,Columbia Silver Ridge,Outdoor,Ropa Montaña,70,False,,70.11,,66.18,66.35,73.14,2025,11,2,Sunday,6,True,False,False,False,True,False,,False,False,True,False,False,False,44,4,306,59,False,2,False,True,-0.15714285714285633,68.55666666666667,1.0226576554674964,,,,,,,,
2025-11-03,PROD_018,Columbia Silver Ridge,Outdoor,Ropa Montaña,70,False,,69.89,,69.35,63.8,63.99,2025,11,3,Monday,0,False,True,False,False,False,False,,False,False,True,False,False,False,45,4,307,58,False,3,False,True,0.15714285714285633,65.71333333333332,1.0635588921578576,,,,,,,,
2025-11-04,PROD_018,Columbia Silver Ridge,Outdoor,Ropa Montaña,70,False,,70.92,,66.2,62.94,71.92,2025,11,4,Tuesday,1,False,False,False,False,False,False,,False,False,True,False,False,False,45,4,308,57,False,4,False,False,-1.3142857142857167,67.02,1.0581915846016114,,,,,,,,
2025-11-05,PROD_018,Columbia Silver Ridge,Outdoor,Ropa Montaña,70,False,,68.88,,71.72,62.82,68.7,2025,11,5,Wednesday,2,False,False,False,False,False,False,,False,False,True,False,False,False,45,4,309,56,False,5,False,False,1.6000000000000065,67.74666666666667,1.0167289903562289,,,,,,,,
2025-11-06,PROD_018,Columbia Silver Ridge,Outdoor,Ropa Montaña,70,False,,69.57,,75.53,63.32,72.88,2025,11,6,Thursday,3,False,False,False,False,False,False,,False,False,True,False,False,False,45,4,310,55,False,6,False,False,0.6142857142857241,70.57666666666667,0.9857365512681244,,,,,,,,
2025-11-07,PROD_018,Columbia Silver Ridge,Outdoor,Ropa Montaña,70,False,,69.59,,75.2,63.77,72.9,2025,11,7,Friday,4,False,False,True,False,False,False,,False,False,True,False,False,False,45,4,311,54,False,7,False,False,0.5857142857142809,70.62333333333333,0.9853683862746023,,,,,,,,
2025-11-08,PROD_018,Columbia Silver Ridge,Outdoor,Ropa Montaña,70,False,,71.34,,66.54,64.66,66.72,2025,11,8,Saturday,5,True,False,False,True,False,False,,False,False,True,False,False,False,45,4,312,53,False,8,False,False,-1.914285714285719,65.97333333333333,1.0813459983831852,,,,,,,,
2025-11-09,PROD_018,Columbia Silver Ridge,Outdoor,Ropa Montaña,70,False,,70.52,,74.01,63.15,71.1,2025,11,9,Sunday,6,True,False,False,False,True,False,,False,False,True,False,False,False,45,4,313,52,False,9,False,False,-0.7428571428571372,69.42,1.0158455776433304,,,,,,,,
2025-11-10,PROD_018,Columbia Silver Ridge,Outdoor,Ropa Montaña,70,False,,70.94,,72.88,61.2,70.08,2025,11,10,Monday,0,False,True,False,False,False,False,,False,False,True,False,False,False,46,4,314,51,False,10,False,False,-1.3428571428571396,68.05333333333333,1.042417711598746,,,,,,,,
2025-11-11,PROD_018,Columbia Silver Ridge,Outdoor,Ropa Montaña,70,False,,69.45,,76.69,66.12,66.36,2025,11,11,Tuesday,1,False,False,False,False,False,False,,False,False,True,False,False,False,46,4,315,50,False,11,False,False,0.7857142857142816,69.72333333333334,0.9960797437491035,,,,,,,,
2025-11-12,PROD_018,Columbia Silver Ridge,Outdoor,Ropa Montaña,70,False,,71.23,,71.02,65.0,71.39,2025,11,12,Wednesday,2,False,False,False,False,False,False,,False,False,True,False,False,False,46,4,316,49,False,12,False,False,-1.7571428571428627,69.13666666666666,1.0302781929511597,,,,,,,,
2025-11-13,PROD_018,Columbia Silver Ridge,Outdoor,Ropa Montaña,70,False,,69.33,,73.73,64.55,71.43,2025,11,13,Thursday,3,False,False,False,False,False,False,,False,False,True,False,False,False,46,4,317,48,False,13,False,False,0.9571428571428595,69.90333333333334,0.9917981975108483,,,,,,,,
2025-11-14,PROD_018,Columbia Silver Ridge,Outdoor,Ropa Montaña,70,False,,70.17,,69.29,61.97,72.6,2025,11,14,Friday,4,False,False,True,False,False,False,,False,False,True,False,False,False,46,4,318,47,False,14,False,False,-0.2428571428571453,67.95333333333333,1.0326204257823997,,,,,,,,
2025-11-15,PROD_018,Columbia Silver Ridge,Outdoor,Ropa Montaña,70,False,,70.13,,69.34,64.51,69.59,2025,11,15,Saturday,5,True,False,False,True,False,False,,False,False,True,False,False,False,46,4,319,46,False,15,False,False,-0.18571428571427923,67.81333333333335,1.0341624066063702,,,,,,,,
2025-11-16,PROD_018,Columbia Silver Ridge,Outdoor,Ropa Montaña,70,False,,68.91,,67.86,63.8,70.61,2025,11,16,Sunday,6,True,False,False,False,True,False,,False,False,True,False,False,False,46,4,320,45,False,16,False,False,1.557142857142862,67.42333333333333,1.0220497355020517,,,,,,,,
2025-11-17,PROD_018,Columbia Silver Ridge,Outdoor,Ropa Montaña,70,False,,69.38,,70.45,63.09,71.68,2025,11,17,Monday,0,False,True,False,False,False,False,,False,False,True,False,False,False,47,4,321,44,False,17,False,False,0.8857142857142922,68.40666666666668,1.0142286326868724,,,,,,,,
2025-11-18,PROD_018,Columbia Silver Ridge,Outdoor,Ropa Montaña,70,False,,71.15,,72.4,65.26,67.35,2025,11,18,Tuesday,1,False,False,False,False,False,False,,False,False,True,False,False,False,47,4,322,43,False,18,False,False,-1.642857142857151,68.33666666666667,1.0411687234769036,,,,,,,,
2025-11-19,PROD_018,Columbia Silver Ridge,Outdoor,Ropa Montaña,70,False,,70.92,,73.64,65.35,68.76,2025,11,19,Wednesday,2,False,False,False,False,False,False,,False,False,True,False,False,False,47,4,323,42,False,19,False,False,-1.3142857142857167,69.25,1.024115523465704,,,,,,,,
2025-11-20,PROD_018,Columbia Silver Ridge,Outdoor,Ropa Montaña,70,False,,68.92,,71.08,67.8,69.18,2025,11,20,Thursday,3,False,False,False,False,False,False,,False,False,True,False,False,False,47,4,324,41,False,20,False,False,1.5428571428571405,69.35333333333334,0.9937518023647024,,,,,,,,
2025-11-21,PROD_018,Columbia Silver Ridge,Outdoor,Ropa Montaña,70,False,,68.63,,68.52,60.08,68.99,2025,11,21,Friday,4,False,False,True,False,False,False,,False,False,True,False,False,False,47,4,325,40,False,21,False,False,1.9571428571428635,65.86333333333333,1.0420061744015385,,,,,,,,
2025-11-22,PROD_018,Columbia Silver Ridge,Outdoor,Ropa Montaña,70,False,,70.28,,66.01,61.77,72.2,2025,11,22,Saturday,5,True,False,False,True,False,False,,False,False,True,False,False,False,47,4,326,39,False,22,False,False,-0.40000000000000163,66.66000000000001,1.0543054305430541,,,,,,,,
2025-11-23,PROD_018,Columbia Silver Ridge,Outdoor,Ropa Montaña,70,False,,71.1,,75.87,65.51,68.08,2025,11,23,Sunday,6,True,False,False,False,True,False,,False,False,True,False,False,False,47,4,327,38,False,23,False,False,-1.5714285714285632,69.82,1.0183328559152105,,,,,,,,
2025-11-24,PROD_018,Columbia Silver Ridge,Outdoor,Ropa Montaña,70,False,,68.7,,70.02,66.4,67.37,2025,11,24,Monday,0,False,True,False,False,False,False,,False,False,True,False,False,False,48,4,328,37,False,24,False,False,1.857142857142853,67.93,1.011335197997939,,,,,,,,
2025-11-25,PROD_018,Columbia Silver Ridge,Outdoor,Ropa Montaña,70,False,,68.86,,70.62,64.54,71.4,2025,11,25,Tuesday,1,False,False,False,False,False,False,,False,False,True,False,False,False,48,4,329,36,False,25,False,False,1.6285714285714292,68.85333333333334,1.000096824167312,,,,,,,,
2025-11-26,PROD_018,Columbia Silver Ridge,Outdoor,Ropa Montaña,70,False,,70.92,,70.44,66.06,62.8,2025,11,26,Wednesday,2,False,False,False,False,False,False,,False,False,True,False,False,False,48,4,330,35,False,26,False,False,-1.3142857142857167,66.43333333333334,1.0675363773206221,,,,,,,,
2025-11-27,PROD_018,Columbia Silver Ridge,Outdoor,Ropa Montaña,70,False,,69.49,,72.19,67.04,68.85,2025,11,27,Thursday,3,False,False,False,False,False,False,,False,False,True,False,False,False,48,4,331,34,False,27,False,False,0.7285714285714359,69.36,1.001874279123414,,,,,,,,
2025-11-28,PROD_018,Columbia Silver Ridge,Outdoor,Ropa Montaña,70,False,,59.5,,68.47,65.31,70.94,2025,11,28,Friday,4,False,False,True,False,False,False,,True,False,True,False,False,False,48,4,332,33,False,28,True,False,15.0,68.24,0.8719226260257914,,,,,,,,
2025-11-29,PROD_018,Columbia Silver Ridge,Outdoor,Ropa Montaña,70,False,,70.26,,66.15,65.61,67.27,2025,11,29,Saturday,5,True,False,False,True,False,False,,False,False,True,False,False,False,48,4,333,32,False,29,True,False,-0.37142857142857877,66.34333333333332,1.0590363261819828,,,,,,,,
2025-11-30,PROD_018,Columbia Silver Ridge,Outdoor,Ropa Montaña,70,False,,69.68,,69.88,68.49,69.3,2025,11,30,Sunday,6,True,False,False,False,True,False,,False,False,True,False,False,False,48,4,334,31,False,30,True,False,0.45714285714284736,69.22333333333334,1.0065970048634854,,,,,,,,
2025-11-01,PROD_019,Merrell Moab 2 GTX,Outdoor,Zapatillas Trail,110,False,,110.89,,106.15,95.04,101.69,2025,11,1,Saturday,5,True,False,False,True,False,True,Todos los Santos,False,False,True,False,False,False,44,4,305,60,False,1,False,True,-0.8090909090909096,100.96,1.0983557844690968,2.0,4.0,2.0,4.0,2.0,3.0,3.0,2.857142857142857
2025-11-02,PROD_019,Merrell Moab 2 GTX,Outdoor,Zapatillas Trail,110,False,,111.79,,101.22,102.72,116.18,2025,11,2,Sunday,6,True,False,False,False,True,False,,False,False,True,False,False,False,44,4,306,59,False,2,False,True,-1.6272727272727332,106.70666666666666,1.0476383856053981,,,,,,,,
2025-11-03,PROD_019,Merrell Moab 2 GTX,Outdoor,Zapatillas Trail,110,False,,109.16,,107.42,100.62,116.53,2025,11,3,Monday,0,False,True,False,False,False,False,,False,False,True,False,False,False,45,4,307,58,False,3,False,True,0.7636363636363668,108.19000000000001,1.0089657084758294,,,,,,,,
2025-11-04,PROD_019,Merrell Moab 2 GTX,Outdoor,Zapatillas Trail,110,False,,108.3,,115.2,97.33,99.93,2025,11,4,Tuesday,1,False,False,False,False,False,False,,False,False,True,False,False,False,45,4,308,57,False,4,False,False,1.545454545454548,104.15333333333335,1.0398130960762975,,,,,,,,
2025-11-05,PROD_019,Merrell Moab 2 GTX,Outdoor,Zapatillas Trail,110,False,,109.42,,108.96,96.81,108.95,2025,11,5,Wednesday,2,False,False,False,False,False,False,,False,False,True,False,False,False,45,4,309,56,False,5,False,False,0.5272727272727257,104.90666666666665,1.043022369089985,,,,,,,,
2025-11-06,PROD_019,Merrell Moab 2 GTX,Outdoor,Zapatillas Trail,110,False,,108.15,,110.58,101.85,108.79,2025,11,6,Thursday,3,False,False,False,False,False,False,,False,False,True,False,False,False,45,4,310,55,False,6,False,False,1.6818181818181768,107.07333333333334,1.0100554137351347,,,,,,,,
2025-11-07,PROD_019,Merrell Moab 2 GTX,Outdoor,Zapatillas Trail,110,False,,110.74,,104.0,104.87,109.1,2025,11,7,Friday,4,False,False,True,False,False,False,,False,False,True,False,False,False,45,4,311,54,False,7,False,False,-0.6727272727272681,105.99000000000001,1.0448155486366637,,,,,,,,
2025-11-08,PROD_019,Merrell Moab 2 GTX,Outdoor,Zapatillas Trail,110,False,,110.6,,110.25,100.82,112.82,2025,11,8,Saturday,5,True,False,False,True,False,False,,False,False,True,False,False,False,45,4,312,53,False,8,False,False,-0.5454545454545403,107.96333333333332,1.024421871623082,,,,,,,,
2025-11-09,PROD_019,Merrell Moab 2 GTX,Outdoor,Zapatillas Trail,110,False,,111.64,,106.69,101.34,104.55,2025,11,9,Sunday,6,True,False,False,False,True,False,,False,False,True,False,False,False,45,4,313,52,False,9,False,False,-1.4909090909090914,104.19333333333333,1.0714697037558385,,,,,,,,
2025-11-10,PROD_019,Merrell Moab 2 GTX,Outdoor,Zapatillas Trail,110,False,,107.85,,110.76,94.42,106.72,2025,11,10,Monday,0,False,True,False,False,False,False,,False,False,True,False,False,False,46,4,314,51,False,10,False,False,1.95454545454546,103.96666666666665,1.0373517152933633,,,,,,,,
2025-11-11,PROD_019,Merrell Moab 2 GTX,Outdoor,Zapatillas Trail,110,False,,109.94,,107.05,100.44,110.22,2025,11,11,Tuesday,1,False,False,False,False,False,False,,False,False,True,False,False,False,46,4,315,50,False,11,False,False,0.05454545454545661,105.90333333333335,1.0381165213559533,,,,,,,,
2025-11-12,PROD_019,Merrell Moab 2 GTX,Outdoor,Zapatillas Trail,110,False,,109.31,,104.35,103.0,115.12,2025,11,12,Wednesday,2,False,False,False,False,False,False,,False,False,True,False,False,False,46,4,316,49,False,12,False,False,0.6272727272727252,107.49000000000001,1.0169318076100102,,,,,,,,
2025-11-13,PROD_019,Merrell Moab 2 GTX,Outdoor,Zapatillas Trail,110,False,,111.52,,106.5,106.09,104.34,2025,11,13,Thursday,3,False,False,False,False,False,False,,False,False,True,False,False,False,46,4,317,48,False,13,False,False,-1.381818181818178,105.64333333333333,1.055627425614489,,,,,,,,
2025-11-14,PROD_019,Merrell Moab 2 GTX,Outdoor,Zapatillas Trail,110,False,,109.15,,115.33,99.23,115.75,2025,11,14,Friday,4,False,False,True,False,False,False,,False,False,True,False,False,False,46,4,318,47,False,14,False,False,0.7727272727272676,110.10333333333334,0.9913414671066574,,,,,,,,
2025-11-15,PROD_019,Merrell Moab 2 GTX,Outdoor,Zapatillas Trail,110,False,,111.31,,111.77,101.0,108.94,2025,11,15,Saturday,5,True,False,False,True,False,False,,False,False,True,False,False,False,46,4,319,46,False,15,False,False,-1.190909090909093,107.23666666666666,1.037984520220074,,,,,,,,
2025-11-16,PROD_019,Merrell Moab 2 GTX,Outdoor,Zapatillas Trail,110,False,,109.2,,114.71,93.96,114.61,2025,11,16,Sunday,6,True,False,False,False,True,False,,False,False,True,False,False,False,46,4,320,45,False,16,False,False,0.7272727272727246,107.75999999999999,1.0133630289532296,,,,,,,,
2025-11-17,PROD_019,Merrell Moab 2 GTX,Outdoor,Zapatillas Trail,110,False,,110.44,,115.96,103.91,104.78,2025,11,17,Monday,0,False,True,False,False,False,False,,False,False,True,False,False,False,47,4,321,44,False,17,False,False,-0.3999999999999979,108.21666666666665,1.020545202525797,,,,,,,,
2025-11-18,PROD_019,Merrell Moab 2 GTX,Outdoor,Zapatillas Trail,110,False,,109.69,,107.83,96.88,107.66,2025,11,18,Tuesday,1,False,False,False,False,False,False,,False,False,True,False,False,False,47,4,322,43,False,18,False,False,0.2818181818181839,104.12333333333333,1.0534622402919613,,,,,,,,
2025-11-19,PROD_019,Merrell Moab 2 GTX,Outdoor,Zapatillas Trail,110,False,,107.91,,117.53,104.81,107.08,2025,11,19,Wednesday,2,False,False,False,False,False,False,,False,False,True,False,False,False,47,4,323,42,False,19,False,False,1.900000000000003,109.80666666666667,0.9827272175338473,,,,,,,,
2025-11-20,PROD_019,Merrell Moab 2 GTX,Outdoor,Zapatillas Trail,110,False,,109.6,,108.97,103.86,104.38,2025,11,20,Thursday,3,False,False,False,False,False,False,,False,False,True,False,False,False,47,4,324,41,False,20,False,False,0.3636363636363688,105.73666666666666,1.0365373096686736,,,,,,,,
2025-11-21,PROD_019,Merrell Moab 2 GTX,Outdoor,Zapatillas Trail,110,False,,110.47,,103.19,98.13,109.41,2025,11,21,Friday,4,False,False,True,False,False,False,,False,False,True,False,False,False,47,4,325,40,False,21,False,False,-0.42727272727272625,103.57666666666667,1.066552955942458,,,,,,,,
2025-11-22,PROD_019,Merrell Moab 2 GTX,Outdoor,Zapatillas Trail,110,False,,110.83,,111.72,99.97,104.54,2025,11,22,Saturday,5,True,False,False,True,False,False,,False,False,True,False,False,False,47,4,326,39,False,22,False,False,-0.754545454545453,105.41000000000001,1.0514182715112417,,,,,,,,
2025-11-23,PROD_019,Merrell Moab 2 GTX,Outdoor,Zapatillas Trail,110,False,,107.92,,113.22,100.15,107.63,2025,11,23,Sunday,6,True,False,False,False,True,False,,False,False,True,False,False,False,47,4,327,38,False,23,False,False,1.8909090909090893,107.0,1.0085981308411216,,,,,,,,
2025-11-24,PROD_019,Merrell Moab 2 GTX,Outdoor,Zapatillas Trail,110,False,,107.94,,109.53,96.44,107.95,2025,11,24,Monday,0,False,True,False,False,False,False,,False,False,True,False,False,False,48,4,328,37,False,24,False,False,1.8727272727272748,104.64,1.0315366972477065,,,,,,,,
2025-11-25,PROD_019,Merrell Moab 2 GTX,Outdoor,Zapatillas Trail,110,False,,107.9,,108.69,105.5,111.96,2025,11,25,Tuesday,1,False,False,False,False,False,False,,False,False,True,False,False,False,48,4,329,36,False,25,False,False,1.909090909090904,108.71666666666665,0.9924881189636672,,,,,,,,
2025-11-26,PROD_019,Merrell Moab 2 GTX,Outdoor,Zapatillas Trail,110,False,,108.31,,108.48,99.81,110.52,2025,11,26,Wednesday,2,False,False,False,False,False,False,,False,False,True,False,False,False,48,4,330,35,False,26,False,False,1.5363636363636344,106.27,1.0191963865625295,,,,,,,,
2025-11-27,PROD_019,Merrell Moab 2 GTX,Outdoor,Zapatillas Trail,110,False,,111.71,,116.76,101.37,109.06,2025,11,27,Thursday,3,False,False,False,False,False,False,,False,False,True,False,False,False,48,4,331,34,False,27,False,False,-1.554545454545449,109.06333333333333,1.0242672453314587,,,,,,,,
2025-11-28,PROD_019,Merrell Moab 2 GTX,Outdoor,Zapatillas Trail,110,False,,93.5,,109.73,90.48,107.01,2025,11,28,Friday,4,False,False,True,False,False,False,,True,False,True,False,False,False,48,4,332,33,False,28,True,False,15.0,102.40666666666668,0.9130264956708546,,,,,,,,
2025-11-29,PROD_019,Merrell Moab 2 GTX,Outdoor,Zapatillas Trail,110,False,,110.18,,103.49,102.27,111.7,2025,11,29,Saturday,5,True,False,False,True,False,False,,False,False,True,False,False,False,48,4,333,32,False,29,True,False,-0.16363636363636982,105.82,1.0412020412020413,,,,,,,,
2025-11-30,PROD_019,Merrell Moab 2 GTX,Outdoor,Zapatillas Trail,110,False,,109.74,,104.15,97.19,104.04,2025,11,30,Sunday,6,True,False,False,False,True,False,,False,False,True,False,False,False,48,4,334,31,False,30,True,False,0.23636363636364102,101.79333333333334,1.0780666710328115,,,,,,,,
2025-11-01,PROD_020,Quechua MH500,Outdoor,Ropa Montaña,80,False,,80.84,,76.87,73.58,72.79,2025,11,1,Saturday,5,True,False,False,True,False,True,Todos los Santos,False,False,True,False,False,False,44,4,305,60,False,1,False,True,-1.0500000000000043,74.41333333333334,1.0863644508152661,3.0,2.0,6.0,2.0,4.0,3.0,1.0,3.0
2025-11-02,PROD_020,Quechua MH500,Outdoor,Ropa Montaña,80,False,,79.98,,84.17,73.54,79.47,2025,11,2,Sunday,6,True,False,False,False,True,False,,False,False,True,False,False,False,44,4,306,59,False,2,False,True,0.024999999999995023,79.06,1.011636731596256,,,,,,,,
2025-11-03,PROD_020,Quechua MH500,Outdoor,Ropa Montaña,80,False,,81.05,,80.88,73.97,83.84,2025,11,3,Monday,0,False,True,False,False,False,False,,False,False,True,False,False,False,45,4,307,58,False,3,False,True,-1.3124999999999964,79.56333333333333,1.018685324060497,,,,,,,,
2025-11-04,PROD_020,Quechua MH500,Outdoor,Ropa Montaña,80,False,,81.46,,78.82,72.71,79.07,2025,11,4,Tuesday,1,False,False,False,False,False,False,,False,False,True,False,False,False,45,4,308,57,False,4,False,False,-1.8249999999999922,76.86666666666666,1.0597571552471812,,,,,,,,
2025-11-05,PROD_020,Quechua MH500,Outdoor,Ropa Montaña,80,False,,81.11,,84.5,72.74,82.46,2025,11,5,Wednesday,2,False,False,False,False,False,False,,False,False,True,False,False,False,45,4,309,56,False,5,False,False,-1.3874999999999993,79.89999999999999,1.0151439299123906,,,,,,,,
2025-11-06,PROD_020,Quechua MH500,Outdoor,Ropa Montaña,80,False,,80.03,,82.46,73.48,79.57,2025,11,6,Thursday,3,False,False,False,False,False,False,,False,False,True,False,False,False,45,4,310,55,False,6,False,False,-0.03750000000000142,78.50333333333333,1.0194471572332386,,,,,,,,
2025-11-07,PROD_020,Quechua MH500,Outdoor,Ropa Montaña,80,False,,80.6,,78.0,75.17,82.73,2025,11,7,Friday,4,False,False,True,False,False,False,,False,False,True,False,False,False,45,4,311,54,False,7,False,False,-0.7499999999999929,78.63333333333334,1.0250105977108943,,,,,,,,
2025-11-08,PROD_020,Quechua MH500,Outdoor,Ropa Montaña,80,False,,78.83,,75.51,69.96,77.85,2025,11,8,Saturday,5,True,False,False,True,False,False,,False,False,True,False,False,False,45,4,312,53,False,8,False,False,1.4625000000000021,74.44,1.0589736700698549,,,,,,,,
2025-11-09,PROD_020,Quechua MH500,Outdoor,Ropa Montaña,80,False,,79.07,,83.34,71.85,82.04,2025,11,9,Sunday,6,True,False,False,False,True,False,,False,False,True,False,False,False,45,4,313,52,False,9,False,False,1.1625000000000085,79.07666666666667,0.9999156936306537,,,,,,,,
2025-11-10,PROD_020,Quechua MH500,Outdoor,Ropa Montaña,80,False,,78.45,,82.76,74.2,77.81,2025,11,10,Monday,0,False,True,False,False,False,False,,False,False,True,False,False,False,46,4,314,51,False,10,False,False,1.9374999999999964,78.25666666666667,1.0024705030455339,,,,,,,,
2025-11-11,PROD_020,Quechua MH500,Outdoor,Ropa Montaña,80,False,,80.81,,81.5,74.6,82.96,2025,11,11,Tuesday,1,False,False,False,False,False,False,,False,False,True,False,False,False,46,4,315,50,False,11,False,False,-1.0125000000000028,79.68666666666667,1.014096879444491,,,,,,,,
2025-11-12,PROD_020,Quechua MH500,Outdoor,Ropa Montaña,80,False,,80.85,,81.16,75.43,79.55,2025,11,12,Wednesday,2,False,False,False,False,False,False,,False,False,True,False,False,False,46,4,316,49,False,12,False,False,-1.062499999999993,78.71333333333332,1.0271449140340476,,,,,,,,
2025-11-13,PROD_020,Quechua MH500,Outdoor,Ropa Montaña,80,False,,78.65,,75.89,69.38,75.01,2025,11,13,Thursday,3,False,False,False,False,False,False,,False,False,True,False,False,False,46,4,317,48,False,13,False,False,1.687499999999993,73.42666666666666,1.0711367350644636,,,,,,,,
2025-11-14,PROD_020,Quechua MH500,Outdoor,Ropa Montaña,80,False,,78.61,,76.27,72.36,74.28,2025,11,14,Friday,4,False,False,True,False,False,False,,False,False,True,False,False,False,46,4,318,47,False,14,False,False,1.737500000000001,74.30333333333333,1.0579606119061506,,,,,,,,
2025-11-15,PROD_020,Quechua MH500,Outdoor,Ropa Montaña,80,False,,78.65,,80.57,76.29,79.63,2025,11,15,Saturday,5,True,False,False,True,False,False,,False,False,True,False,False,False,46,4,319,46,False,15,False,False,1.687499999999993,78.83,0.997716605353292,,,,,,,,
2025-11-16,PROD_020,Quechua MH500,Outdoor,Ropa Montaña,80,False,,80.66,,72.79,71.34,77.45,2025,11,16,Sunday,6,True,False,False,False,True,False,,False,False,True,False,False,False,46,4,320,45,False,16,False,False,-0.8249999999999957,73.86,1.0920660709450312,,,,,,,,
2025-11-17,PROD_020,Quechua MH500,Outdoor,Ropa Montaña,80,False,,80.97,,75.64,72.7,81.6,2025,11,17,Monday,0,False,True,False,False,False,False,,False,False,True,False,False,False,47,4,321,44,False,17,False,False,-1.2124999999999986,76.64666666666666,1.0564060189614684,,,,,,,,
2025-11-18,PROD_020,Quechua MH500,Outdoor,Ropa Montaña,80,False,,81.3,,78.53,68.57,81.42,2025,11,18,Tuesday,1,False,False,False,False,False,False,,False,False,True,False,False,False,47,4,322,43,False,18,False,False,-1.6249999999999967,76.17333333333333,1.0673026430946964,,,,,,,,
2025-11-19,PROD_020,Quechua MH500,Outdoor,Ropa Montaña,80,False,,81.53,,74.36,69.35,83.02,2025,11,19,Wednesday,2,False,False,False,False,False,False,,False,False,True,False,False,False,47,4,323,42,False,19,False,False,-1.9125000000000014,75.57666666666665,1.078772107793411,,,,,,,,
2025-11-20,PROD_020,Quechua MH500,Outdoor,Ropa Montaña,80,False,,80.47,,66.76,73.45,84.71,2025,11,20,Thursday,3,False,False,False,False,False,False,,False,False,True,False,False,False,47,4,324,41,False,20,False,False,-0.5874999999999986,74.97333333333334,1.0733149564289524,,,,,,,,
2025-11-21,PROD_020,Quechua MH500,Outdoor,Ropa Montaña,80,False,,78.63,,84.95,70.57,81.83,2025,11,21,Friday,4,False,False,True,False,False,False,,False,False,True,False,False,False,47,4,325,40,False,21,False,False,1.7125000000000057,79.11666666666666,0.9938487465767853,,,,,,,,
2025-11-22,PROD_020,Quechua MH500,Outdoor,Ropa Montaña,80,False,,80.68,,81.69,74.17,82.62,2025,11,22,Saturday,5,True,False,False,True,False,False,,False,False,True,False,False,False,47,4,326,39,False,22,False,False,-0.8500000000000085,79.49333333333334,1.0149278765514929,,,,,,,,
2025-11-23,PROD_020,Quechua MH500,Outdoor,Ropa Montaña,80,False,,78.86,,91.45,71.39,82.14,2025,11,23,Sunday,6,True,False,False,False,True,False,,False,False,True,False,False,False,47,4,327,38,False,23,False,False,1.4250000000000007,81.66000000000001,0.9657114866519715,,,,,,,,
2025-11-24,PROD_020,Quechua MH500,Outdoor,Ropa Montaña,80,False,,79.99,,76.69,72.13,78.14,2025,11,24,Monday,0,False,True,False,False,False,False,,False,False,True,False,False,False,48,4,328,37,False,24,False,False,0.012500000000006395,75.65333333333332,1.0573228762777582,,,,,,,,
2025-11-25,PROD_020,Quechua MH500,Outdoor,Ropa Montaña,80,False,,80.8,,80.31,71.64,79.67,2025,11,25,Tuesday,1,False,False,False,False,False,False,,False,False,True,False,False,False,48,4,329,36,False,25,False,False,-0.9999999999999963,77.20666666666666,1.0465417494171487,,,,,,,,
2025-11-26,PROD_020,Quechua MH500,Outdoor,Ropa Montaña,80,False,,79.28,,78.26,73.39,81.95,2025,11,26,Wednesday,2,False,False,False,False,False,False,,False,False,True,False,False,False,48,4,330,35,False,26,False,False,0.8999999999999986,77.86666666666667,1.0181506849315067,,,,,,,,
2025-11-27,PROD_020,Quechua MH500,Outdoor,Ropa Montaña,80,False,,79.41,,75.95,72.43,77.43,2025,11,27,Thursday,3,False,False,False,False,False,False,,False,False,True,False,False,False,48,4,331,34,False,27,False,False,0.7375000000000043,75.27,1.055001992825827,,,,,,,,
2025-11-28,PROD_020,Quechua MH500,Outdoor,Ropa Montaña,80,False,,68.0,,75.25,71.42,77.76,2025,11,28,Friday,4,False,False,True,False,False,False,,True,False,True,False,False,False,48,4,332,33,False,28,True,False,15.0,74.81,0.9089693891191017,,,,,,,,
2025-11-29,PROD_020,Quechua MH500,Outdoor,Ropa Montaña,80,False,,79.79,,78.69,74.73,79.44,2025,11,29,Saturday,5,True,False,False,True,False,False,,False,False,True,False,False,False,48,4,333,32,False,29,True,False,0.2624999999999922,77.62,1.0279567121875806,,,,,,,,
2025-11-30,PROD_020,Quechua MH500,Outdoor,Ropa Montaña,80,False,,79.64,,88.13,76.22,82.24,2025,11,30,Sunday,6,True,False,False,False,True,False,,False,False,True,False,False,False,48,4,334,31,False,30,True,False,0.4499999999999993,82.19666666666666,0.9688957378644715,,,,,,,,
2025-11-01,PROD_021,Manduka PRO Yoga Mat,Wellness,Esterilla Yoga,130,True,,130.0,,135.86,118.93,136.38,2025,11,1,Saturday,5,True,False,False,True,False,True,Todos los Santos,False,False,True,False,False,False,44,4,305,60,False,1,False,True,0.0,130.39000000000001,0.9970089730807576,6.0,5.0,6.0,6.0,6.0,7.0,10.0,6.571428571428571
2025-11-02,PROD_021,Manduka PRO Yoga Mat,Wellness,Esterilla Yoga,130,True,,130.0,,136.26,113.57,119.26,2025,11,2,Sunday,6,True,False,False,False,True,False,,False,False,True,False,False,False,44,4,306,59,False,2,False,True,0.0,123.02999999999999,1.0566528488986426,,,,,,,,
2025-11-03,PROD_021,Manduka PRO Yoga Mat,Wellness,Esterilla Yoga,130,True,,130.0,,136.53,117.09,137.02,2025,11,3,Monday,0,False,True,False,False,False,False,,False,False,True,False,False,False,45,4,307,58,False,3,False,True,0.0,130.21333333333334,0.9983616629121441,,,,,,,,
2025-11-04,PROD_021,Manduka PRO Yoga Mat,Wellness,Esterilla Yoga,130,True,,130.0,,128.38,118.07,119.98,2025,11,4,Tuesday,1,False,False,False,False,False,False,,False,False,True,False,False,False,45,4,308,57,False,4,False,False,0.0,122.14333333333333,1.0643233359713997,,,,,,,,
2025-11-05,PROD_021,Manduka PRO Yoga Mat,Wellness,Esterilla Yoga,130,True,,130.0,,135.81,106.47,130.27,2025,11,5,Wednesday,2,False,False,False,False,False,False,,False,False,True,False,False,False,45,4,309,56,False,5,False,False,0.0,124.18333333333334,1.046839350422762,,,,,,,,
2025-11-06,PROD_021,Manduka PRO Yoga Mat,Wellness,Esterilla Yoga,130,True,,130.0,,142.68,105.42,131.8,2025,11,6,Thursday,3,False,False,False,False,False,False,,False,False,True,False,False,False,45,4,310,55,False,6,False,False,0.0,126.63333333333334,1.0265859436693867,,,,,,,,
2025-11-07,PROD_021,Manduka PRO Yoga Mat,Wellness,Esterilla Yoga,130,True,,130.0,,129.85,110.49,129.84,2025,11,7,Friday,4,False,False,True,False,False,False,,False,False,True,False,False,False,45,4,311,54,False,7,False,False,0.0,123.39333333333332,1.0535415203414555,,,,,,,,
2025-11-08,PROD_021,Manduka PRO Yoga Mat,Wellness,Esterilla Yoga,130,True,,130.0,,138.59,118.87,132.69,2025,11,8,Saturday,5,True,False,False,True,False,False,,False,False,True,False,False,False,45,4,312,53,False,8,False,False,0.0,130.05,0.9996155324875047,,,,,,,,
2025-11-09,PROD_021,Manduka PRO Yoga Mat,Wellness,Esterilla Yoga,130,True,,130.0,,128.63,119.84,123.62,2025,11,9,Sunday,6,True,False,False,False,True,False,,False,False,True,False,False,False,45,4,313,52,False,9,False,False,0.0,124.03000000000002,1.048133516084818,,,,,,,,
2025-11-10,PROD_021,Manduka PRO Yoga Mat,Wellness,Esterilla Yoga,130,True,,130.0,,132.99,108.01,124.42,2025,11,10,Monday,0,False,True,False,False,False,False,,False,False,True,False,False,False,46,4,314,51,False,10,False,False,0.0,121.80666666666667,1.0672650648568769,,,,,,,,
2025-11-11,PROD_021,Manduka PRO Yoga Mat,Wellness,Esterilla Yoga,130,True,,130.0,,128.03,119.23,125.68,2025,11,11,Tuesday,1,False,False,False,False,False,False,,False,False,True,False,False,False,46,4,315,50,False,11,False,False,0.0,124.31333333333333,1.0457446238000752,,,,,,,,
2025-11-12,PROD_021,Manduka PRO Yoga Mat,Wellness,Esterilla Yoga,130,True,,130.0,,121.76,122.11,123.83,2025,11,12,Wednesday,2,False,False,False,False,False,False,,False,False,True,False,False,False,46,4,316,49,False,12,False,False,0.0,122.56666666666666,1.0606472667935818,,,,,,,,
2025-11-13,PROD_021,Manduka PRO Yoga Mat,Wellness,Esterilla Yoga,130,True,,130.0,,133.89,121.06,124.96,2025,11,13,Thursday,3,False,False,False,False,False,False,,False,False,True,False,False,False,46,4,317,48,False,13,False,False,0.0,126.63666666666666,1.0265589218499118,,,,,,,,
2025-11-14,PROD_021,Manduka PRO Yoga Mat,Wellness,Esterilla Yoga,130,True,,130.0,,121.83,113.68,126.94,2025,11,14,Friday,4,False,False,True,False,False,False,,False,False,True,False,False,False,46,4,318,47,False,14,False,False,0.0,120.81666666666666,1.076010484204718,,,,,,,,
2025-11-15,PROD_021,Manduka PRO Yoga Mat,Wellness,Esterilla Yoga,130,True,,130.0,,125.18,125.76,124.76,2025,11,15,Saturday,5,True,False,False,True,False,False,,False,False,True,False,False,False,46,4,319,46,False,15,False,False,0.0,125.23333333333333,1.0380622837370241,,,,,,,,
2025-11-16,PROD_021,Manduka PRO Yoga Mat,Wellness,Esterilla Yoga,130,True,,130.0,,132.27,108.3,114.52,2025,11,16,Sunday,6,True,False,False,False,True,False,,False,False,True,False,False,False,46,4,320,45,False,16,False,False,0.0,118.36333333333333,1.0983131037201836,,,,,,,,
2025-11-17,PROD_021,Manduka PRO Yoga Mat,Wellness,Esterilla Yoga,130,True,,130.0,,145.78,105.65,128.05,2025,11,17,Monday,0,False,True,False,False,False,False,,False,False,True,False,False,False,47,4,321,44,False,17,False,False,0.0,126.49333333333334,1.0277221460946557,,,,,,,,
2025-11-18,PROD_021,Manduka PRO Yoga Mat,Wellness,Esterilla Yoga,130,True,,130.0,,128.73,117.42,119.78,2025,11,18,Tuesday,1,False,False,False,False,False,False,,False,False,True,False,False,False,47,4,322,43,False,18,False,False,0.0,121.97666666666665,1.0657776077391852,,,,,,,,
2025-11-19,PROD_021,Manduka PRO Yoga Mat,Wellness,Esterilla Yoga,130,True,,130.0,,142.68,102.05,119.57,2025,11,19,Wednesday,2,False,False,False,False,False,False,,False,False,True,False,False,False,47,4,323,42,False,19,False,False,0.0,121.43333333333334,1.0705462530881142,,,,,,,,
2025-11-20,PROD_021,Manduka PRO Yoga Mat,Wellness,Esterilla Yoga,130,True,,130.0,,141.08,111.57,112.06,2025,11,20,Thursday,3,False,False,False,False,False,False,,False,False,True,False,False,False,47,4,324,41,False,20,False,False,0.0,121.57000000000001,1.0693427654849057,,,,,,,,
2025-11-21,PROD_021,Manduka PRO Yoga Mat,Wellness,Esterilla Yoga,130,True,,130.0,,134.77,111.26,119.24,2025,11,21,Friday,4,False,False,True,False,False,False,,False,False,True,False,False,False,47,4,325,40,False,21,False,False,0.0,121.75666666666667,1.067703342732773,,,,,,,,
2025-11-22,PROD_021,Manduka PRO Yoga Mat,Wellness,Esterilla Yoga,130,True,,130.0,,127.99,106.57,113.44,2025,11,22,Saturday,5,True,False,False,True,False,False,,False,False,True,False,False,False,47,4,326,39,False,22,False,False,0.0,116.0,1.1206896551724137,,,,,,,,
2025-11-23,PROD_021,Manduka PRO Yoga Mat,Wellness,Esterilla Yoga,130,True,,130.0,,132.29,114.34,131.37,2025,11,23,Sunday,6,True,False,False,False,True,False,,False,False,True,False,False,False,47,4,327,38,False,23,False,False,0.0,126.0,1.0317460317460319,,,,,,,,
2025-11-24,PROD_021,Manduka PRO Yoga Mat,Wellness,Esterilla Yoga,130,True,,130.0,,131.59,118.17,136.08,2025,11,24,Monday,0,False,True,False,False,False,False,,False,False,True,False,False,False,48,4,328,37,False,24,False,False,0.0,128.61333333333334,1.0107816711590296,,,,,,,,
2025-11-25,PROD_021,Manduka PRO Yoga Mat,Wellness,Esterilla Yoga,130,True,,130.0,,140.36,121.46,112.06,2025,11,25,Tuesday,1,False,False,False,False,False,False,,False,False,True,False,False,False,48,4,329,36,False,25,False,False,0.0,124.62666666666667,1.043115438108484,,,,,,,,
2025-11-26,PROD_021,Manduka PRO Yoga Mat,Wellness,Esterilla Yoga,130,True,,130.0,,130.73,120.94,117.79,2025,11,26,Wednesday,2,False,False,False,False,False,False,,False,False,True,False,False,False,48,4,330,35,False,26,False,False,0.0,123.15333333333332,1.055594651653765,,,,,,,,
2025-11-27,PROD_021,Manduka PRO Yoga Mat,Wellness,Esterilla Yoga,130,True,,130.0,,132.48,110.75,127.03,2025,11,27,Thursday,3,False,False,False,False,False,False,,False,False,True,False,False,False,48,4,331,34,False,27,False,False,0.0,123.42,1.0533138875384864,,,,,,,,
2025-11-28,PROD_021,Manduka PRO Yoga Mat,Wellness,Esterilla Yoga,130,True,,110.5,,131.75,100.71,127.03,2025,11,28,Friday,4,False,False,True,False,False,False,,True,False,True,False,False,False,48,4,332,33,False,28,True,False,15.0,119.83,0.922139697905366,,,,,,,,
2025-11-29,PROD_021,Manduka PRO Yoga Mat,Wellness,Esterilla Yoga,130,True,,130.0,,140.11,108.33,137.02,2025,11,29,Saturday,5,True,False,False,True,False,False,,False,False,True,False,False,False,48,4,333,32,False,29,True,False,0.0,128.48666666666668,1.0117781352150677,,,,,,,,
2025-11-30,PROD_021,Manduka PRO Yoga Mat,Wellness,Esterilla Yoga,130,True,,130.0,,137.24,104.62,120.0,2025,11,30,Sunday,6,True,False,False,False,True,False,,False,False,True,False,False,False,48,4,334,31,False,30,True,False,0.0,120.62,1.077764881445863,,,,,,,,
2025-11-01,PROD_022,Gaiam Premium Yoga Block,Wellness,Bloque Yoga,20,False,,19.92,,19.09,18.63,19.73,2025,11,1,Saturday,5,True,False,False,True,False,True,Todos los Santos,False,False,True,False,False,False,44,4,305,60,False,1,False,True,0.39999999999999153,19.150000000000002,1.0402088772845952,3.0,2.0,3.0,1.0,2.0,2.0,3.0,2.2857142857142856
2025-11-02,PROD_022,Gaiam Premium Yoga Block,Wellness,Bloque Yoga,20,False,,19.89,,20.55,17.17,20.07,2025,11,2,Sunday,6,True,False,False,False,True,False,,False,False,True,False,False,False,44,4,306,59,False,2,False,True,0.5499999999999972,19.263333333333332,1.032531579858107,,,,,,,,
2025-11-03,PROD_022,Gaiam Premium Yoga Block,Wellness,Bloque Yoga,20,False,,20.27,,19.75,17.63,18.04,2025,11,3,Monday,0,False,True,False,False,False,False,,False,False,True,False,False,False,45,4,307,58,False,3,False,True,-1.3499999999999979,18.473333333333333,1.0972573078311079,,,,,,,,
2025-11-04,PROD_022,Gaiam Premium Yoga Block,Wellness,Bloque Yoga,20,False,,20.02,,19.78,18.19,19.99,2025,11,4,Tuesday,1,False,False,False,False,False,False,,False,False,True,False,False,False,45,4,308,57,False,4,False,False,-0.09999999999999788,19.319999999999997,1.0362318840579712,,,,,,,,
2025-11-05,PROD_022,Gaiam Premium Yoga Block,Wellness,Bloque Yoga,20,False,,19.97,,19.99,18.57,19.08,2025,11,5,Wednesday,2,False,False,False,False,False,False,,False,False,True,False,False,False,45,4,309,56,False,5,False,False,0.15000000000000568,19.213333333333335,1.0393823733518388,,,,,,,,
2025-11-06,PROD_022,Gaiam Premium Yoga Block,Wellness,Bloque Yoga,20,False,,20.22,,21.05,18.31,21.15,2025,11,6,Thursday,3,False,False,False,False,False,False,,False,False,True,False,False,False,45,4,310,55,False,6,False,False,-1.0999999999999943,20.169999999999998,1.0024789291026277,,,,,,,,
2025-11-07,PROD_022,Gaiam Premium Yoga Block,Wellness,Bloque Yoga,20,False,,20.38,,20.62,18.6,19.71,2025,11,7,Friday,4,False,False,True,False,False,False,,False,False,True,False,False,False,45,4,311,54,False,7,False,False,-1.899999999999995,19.643333333333334,1.037502121160699,,,,,,,,
2025-11-08,PROD_022,Gaiam Premium Yoga Block,Wellness,Bloque Yoga,20,False,,19.61,,19.41,18.84,19.41,2025,11,8,Saturday,5,True,False,False,True,False,False,,False,False,True,False,False,False,45,4,312,53,False,8,False,False,1.9500000000000028,19.22,1.0202913631633714,,,,,,,,
2025-11-09,PROD_022,Gaiam Premium Yoga Block,Wellness,Bloque Yoga,20,False,,20.01,,18.76,17.34,20.1,2025,11,9,Sunday,6,True,False,False,False,True,False,,False,False,True,False,False,False,45,4,313,52,False,9,False,False,-0.050000000000007816,18.733333333333334,1.0681494661921709,,,,,,,,
2025-11-10,PROD_022,Gaiam Premium Yoga Block,Wellness,Bloque Yoga,20,False,,20.28,,20.02,18.65,20.49,2025,11,10,Monday,0,False,True,False,False,False,False,,False,False,True,False,False,False,46,4,314,51,False,10,False,False,-1.4000000000000057,19.72,1.028397565922921,,,,,,,,
2025-11-11,PROD_022,Gaiam Premium Yoga Block,Wellness,Bloque Yoga,20,False,,19.97,,18.41,17.73,19.9,2025,11,11,Tuesday,1,False,False,False,False,False,False,,False,False,True,False,False,False,46,4,315,50,False,11,False,False,0.15000000000000568,18.68,1.0690578158458244,,,,,,,,
2025-11-12,PROD_022,Gaiam Premium Yoga Block,Wellness,Bloque Yoga,20,False,,20.2,,18.37,17.81,19.94,2025,11,12,Wednesday,2,False,False,False,False,False,False,,False,False,True,False,False,False,46,4,316,49,False,12,False,False,-0.9999999999999963,18.706666666666667,1.0798289379900212,,,,,,,,
2025-11-13,PROD_022,Gaiam Premium Yoga Block,Wellness,Bloque Yoga,20,False,,20.37,,19.99,18.38,19.02,2025,11,13,Thursday,3,False,False,False,False,False,False,,False,False,True,False,False,False,46,4,317,48,False,13,False,False,-1.8500000000000052,19.13,1.064819654992159,,,,,,,,
2025-11-14,PROD_022,Gaiam Premium Yoga Block,Wellness,Bloque Yoga,20,False,,19.76,,19.37,18.45,19.22,2025,11,14,Friday,4,False,False,True,False,False,False,,False,False,True,False,False,False,46,4,318,47,False,14,False,False,1.1999999999999922,19.013333333333332,1.0392706872370268,,,,,,,,
2025-11-15,PROD_022,Gaiam Premium Yoga Block,Wellness,Bloque Yoga,20,False,,20.23,,18.89,18.39,20.35,2025,11,15,Saturday,5,True,False,False,True,False,False,,False,False,True,False,False,False,46,4,319,46,False,15,False,False,-1.1500000000000021,19.21,1.0530973451327434,,,,,,,,
2025-11-16,PROD_022,Gaiam Premium Yoga Block,Wellness,Bloque Yoga,20,False,,19.91,,21.08,17.52,20.62,2025,11,16,Sunday,6,True,False,False,False,True,False,,False,False,True,False,False,False,46,4,320,45,False,16,False,False,0.4499999999999993,19.74,1.0086119554204662,,,,,,,,
2025-11-17,PROD_022,Gaiam Premium Yoga Block,Wellness,Bloque Yoga,20,False,,19.88,,19.74,18.53,20.72,2025,11,17,Monday,0,False,True,False,False,False,False,,False,False,True,False,False,False,47,4,321,44,False,17,False,False,0.600000000000005,19.66333333333333,1.0110188167486016,,,,,,,,
2025-11-18,PROD_022,Gaiam Premium Yoga Block,Wellness,Bloque Yoga,20,False,,20.17,,19.89,17.57,19.86,2025,11,18,Tuesday,1,False,False,False,False,False,False,,False,False,True,False,False,False,47,4,322,43,False,18,False,False,-0.8500000000000085,19.106666666666666,1.055652477320307,,,,,,,,
2025-11-19,PROD_022,Gaiam Premium Yoga Block,Wellness,Bloque Yoga,20,False,,20.37,,18.41,18.35,21.51,2025,11,19,Wednesday,2,False,False,False,False,False,False,,False,False,True,False,False,False,47,4,323,42,False,19,False,False,-1.8500000000000052,19.423333333333336,1.0487386305131285,,,,,,,,
2025-11-20,PROD_022,Gaiam Premium Yoga Block,Wellness,Bloque Yoga,20,False,,19.66,,19.98,18.75,19.51,2025,11,20,Thursday,3,False,False,False,False,False,False,,False,False,True,False,False,False,47,4,324,41,False,20,False,False,1.6999999999999995,19.413333333333338,1.0127060439560438,,,,,,,,
2025-11-21,PROD_022,Gaiam Premium Yoga Block,Wellness,Bloque Yoga,20,False,,19.97,,17.82,19.18,18.9,2025,11,21,Friday,4,False,False,True,False,False,False,,False,False,True,False,False,False,47,4,325,40,False,21,False,False,0.15000000000000568,18.633333333333333,1.0717352415026833,,,,,,,,
2025-11-22,PROD_022,Gaiam Premium Yoga Block,Wellness,Bloque Yoga,20,False,,19.64,,19.71,18.51,20.26,2025,11,22,Saturday,5,True,False,False,True,False,False,,False,False,True,False,False,False,47,4,326,39,False,22,False,False,1.7999999999999972,19.493333333333336,1.0075239398084814,,,,,,,,
2025-11-23,PROD_022,Gaiam Premium Yoga Block,Wellness,Bloque Yoga,20,False,,19.79,,18.42,18.52,21.51,2025,11,23,Sunday,6,True,False,False,False,True,False,,False,False,True,False,False,False,47,4,327,38,False,23,False,False,1.0500000000000043,19.483333333333334,1.0157399486740804,,,,,,,,
2025-11-24,PROD_022,Gaiam Premium Yoga Block,Wellness,Bloque Yoga,20,False,,19.66,,18.64,18.34,20.01,2025,11,24,Monday,0,False,True,False,False,False,False,,False,False,True,False,False,False,48,4,328,37,False,24,False,False,1.6999999999999995,18.99666666666667,1.0349184067380242,,,,,,,,
2025-11-25,PROD_022,Gaiam Premium Yoga Block,Wellness,Bloque Yoga,20,False,,19.75,,20.38,18.25,19.49,2025,11,25,Tuesday,1,False,False,False,False,False,False,,False,False,True,False,False,False,48,4,329,36,False,25,False,False,1.25,19.37333333333333,1.0194425326909842,,,,,,,,
2025-11-26,PROD_022,Gaiam Premium Yoga Block,Wellness,Bloque Yoga,20,False,,19.98,,20.44,17.65,20.6,2025,11,26,Wednesday,2,False,False,False,False,False,False,,False,False,True,False,False,False,48,4,330,35,False,26,False,False,0.09999999999999788,19.563333333333336,1.0212983472482533,,,,,,,,
2025-11-27,PROD_022,Gaiam Premium Yoga Block,Wellness,Bloque Yoga,20,False,,20.11,,19.04,18.53,21.1,2025,11,27,Thursday,3,False,False,False,False,False,False,,False,False,True,False,False,False,48,4,331,34,False,27,False,False,-0.5499999999999972,19.55666666666667,1.0282938469405147,,,,,,,,
2025-11-28,PROD_022,Gaiam Premium Yoga Block,Wellness,Bloque Yoga,20,False,,17.0,,19.95,17.57,19.84,2025,11,28,Friday,4,False,False,True,False,False,False,,True,False,True,False,False,False,48,4,332,33,False,28,True,False,15.0,19.12,0.8891213389121339,,,,,,,,
2025-11-29,PROD_022,Gaiam Premium Yoga Block,Wellness,Bloque Yoga,20,False,,19.78,,18.74,18.78,19.63,2025,11,29,Saturday,5,True,False,False,True,False,False,,False,False,True,False,False,False,48,4,333,32,False,29,True,False,1.0999999999999943,19.049999999999997,1.0383202099737534,,,,,,,,
2025-11-30,PROD_022,Gaiam Premium Yoga Block,Wellness,Bloque Yoga,20,False,,20.18,,19.82,17.71,19.96,2025,11,30,Sunday,6,True,False,False,False,True,False,,False,False,True,False,False,False,48,4,334,31,False,30,True,False,-0.8999999999999986,19.163333333333334,1.0530527048182292,,,,,,,,
2025-11-01,PROD_023,Liforme Yoga Pad,Wellness,Rodillera Yoga,35,False,,35.39,,36.57,31.64,30.44,2025,11,1,Saturday,5,True,False,False,True,False,True,Todos los Santos,False,False,True,False,False,False,44,4,305,60,False,1,False,True,-1.1142857142857159,32.88333333333333,1.076229092752154,6.0,3.0,1.0,3.0,2.0,2.0,1.0,2.5714285714285716
2025-11-02,PROD_023,Liforme Yoga Pad,Wellness,Rodillera Yoga,35,False,,34.59,,32.73,32.41,36.12,2025,11,2,Sunday,6,True,False,False,False,True,False,,False,False,True,False,False,False,44,4,306,59,False,2,False,True,1.1714285714285617,33.75333333333333,1.0247876752913294,,,,,,,,
2025-11-03,PROD_023,Liforme Yoga Pad,Wellness,Rodillera Yoga,35,False,,34.59,,34.2,32.03,35.89,2025,11,3,Monday,0,False,True,False,False,False,False,,False,False,True,False,False,False,45,4,307,58,False,3,False,True,1.1714285714285617,34.04,1.0161574618096358,,,,,,,,
2025-11-04,PROD_023,Liforme Yoga Pad,Wellness,Rodillera Yoga,35,False,,34.87,,35.71,32.45,36.57,2025,11,4,Tuesday,1,False,False,False,False,False,False,,False,False,True,False,False,False,45,4,308,57,False,4,False,False,0.37142857142857877,34.91,0.9988541965052994,,,,,,,,
2025-11-05,PROD_023,Liforme Yoga Pad,Wellness,Rodillera Yoga,35,False,,35.38,,33.05,31.01,35.51,2025,11,5,Wednesday,2,False,False,False,False,False,False,,False,False,True,False,False,False,45,4,309,56,False,5,False,False,-1.085714285714293,33.19,1.0659837300391686,,,,,,,,
2025-11-06,PROD_023,Liforme Yoga Pad,Wellness,Rodillera Yoga,35,False,,35.53,,31.8,32.36,34.31,2025,11,6,Thursday,3,False,False,False,False,False,False,,False,False,True,False,False,False,45,4,310,55,False,6,False,False,-1.5142857142857176,32.82333333333333,1.0824616634507973,,,,,,,,
2025-11-07,PROD_023,Liforme Yoga Pad,Wellness,Rodillera Yoga,35,False,,34.48,,34.8,32.75,31.63,2025,11,7,Friday,4,False,False,True,False,False,False,,False,False,True,False,False,False,45,4,311,54,False,7,False,False,1.4857142857142946,33.059999999999995,1.042952208106473,,,,,,,,
2025-11-08,PROD_023,Liforme Yoga Pad,Wellness,Rodillera Yoga,35,False,,34.38,,33.02,30.87,35.85,2025,11,8,Saturday,5,True,False,False,True,False,False,,False,False,True,False,False,False,45,4,312,53,False,8,False,False,1.771428571428564,33.24666666666667,1.0340886304391417,,,,,,,,
2025-11-09,PROD_023,Liforme Yoga Pad,Wellness,Rodillera Yoga,35,False,,35.34,,32.91,31.75,36.44,2025,11,9,Sunday,6,True,False,False,False,True,False,,False,False,True,False,False,False,45,4,313,52,False,9,False,False,-0.9714285714285812,33.699999999999996,1.0486646884272999,,,,,,,,
2025-11-10,PROD_023,Liforme Yoga Pad,Wellness,Rodillera Yoga,35,False,,34.72,,37.05,30.98,34.36,2025,11,10,Monday,0,False,True,False,False,False,False,,False,False,True,False,False,False,46,4,314,51,False,10,False,False,0.8000000000000033,34.13,1.0172868444184002,,,,,,,,
2025-11-11,PROD_023,Liforme Yoga Pad,Wellness,Rodillera Yoga,35,False,,34.82,,35.76,33.57,32.72,2025,11,11,Tuesday,1,False,False,False,False,False,False,,False,False,True,False,False,False,46,4,315,50,False,11,False,False,0.5142857142857135,34.016666666666666,1.0236158745712887,,,,,,,,
2025-11-12,PROD_023,Liforme Yoga Pad,Wellness,Rodillera Yoga,35,False,,35.23,,35.09,31.17,33.88,2025,11,12,Wednesday,2,False,False,False,False,False,False,,False,False,True,False,False,False,46,4,316,49,False,12,False,False,-0.6571428571428483,33.38,1.0554224086279207,,,,,,,,
2025-11-13,PROD_023,Liforme Yoga Pad,Wellness,Rodillera Yoga,35,False,,35.39,,35.86,32.62,35.1,2025,11,13,Thursday,3,False,False,False,False,False,False,,False,False,True,False,False,False,46,4,317,48,False,13,False,False,-1.1142857142857159,34.526666666666664,1.0250048271867156,,,,,,,,
2025-11-14,PROD_023,Liforme Yoga Pad,Wellness,Rodillera Yoga,35,False,,34.36,,36.09,30.43,36.33,2025,11,14,Friday,4,False,False,True,False,False,False,,False,False,True,False,False,False,46,4,318,47,False,14,False,False,1.82857142857143,34.28333333333334,1.0022362664073892,,,,,,,,
2025-11-15,PROD_023,Liforme Yoga Pad,Wellness,Rodillera Yoga,35,False,,35.36,,33.18,32.06,33.72,2025,11,15,Saturday,5,True,False,False,True,False,False,,False,False,True,False,False,False,46,4,319,46,False,15,False,False,-1.028571428571427,32.98666666666667,1.0719482619240095,,,,,,,,
2025-11-16,PROD_023,Liforme Yoga Pad,Wellness,Rodillera Yoga,35,False,,35.01,,36.01,31.83,35.66,2025,11,16,Sunday,6,True,False,False,False,True,False,,False,False,True,False,False,False,46,4,320,45,False,16,False,False,-0.028571428571422888,34.5,1.0147826086956522,,,,,,,,
2025-11-17,PROD_023,Liforme Yoga Pad,Wellness,Rodillera Yoga,35,False,,35.3,,36.51,32.89,34.87,2025,11,17,Monday,0,False,True,False,False,False,False,,False,False,True,False,False,False,47,4,321,44,False,17,False,False,-0.857142857142849,34.75666666666667,1.015632492567373,,,,,,,,
2025-11-18,PROD_023,Liforme Yoga Pad,Wellness,Rodillera Yoga,35,False,,35.27,,36.12,32.47,36.05,2025,11,18,Tuesday,1,False,False,False,False,False,False,,False,False,True,False,False,False,47,4,322,43,False,18,False,False,-0.7714285714285803,34.88,1.0111811926605505,,,,,,,,
2025-11-19,PROD_023,Liforme Yoga Pad,Wellness,Rodillera Yoga,35,False,,34.57,,33.85,30.65,33.37,2025,11,19,Wednesday,2,False,False,False,False,False,False,,False,False,True,False,False,False,47,4,323,42,False,19,False,False,1.2285714285714278,32.623333333333335,1.0596709921324206,,,,,,,,
2025-11-20,PROD_023,Liforme Yoga Pad,Wellness,Rodillera Yoga,35,False,,35.67,,35.72,32.85,35.56,2025,11,20,Thursday,3,False,False,False,False,False,False,,False,False,True,False,False,False,47,4,324,41,False,20,False,False,-1.914285714285719,34.71,1.0276577355229042,,,,,,,,
2025-11-21,PROD_023,Liforme Yoga Pad,Wellness,Rodillera Yoga,35,False,,35.63,,37.9,29.49,34.86,2025,11,21,Friday,4,False,False,True,False,False,False,,False,False,True,False,False,False,47,4,325,40,False,21,False,False,-1.8000000000000071,34.083333333333336,1.0453789731051344,,,,,,,,
2025-11-22,PROD_023,Liforme Yoga Pad,Wellness,Rodillera Yoga,35,False,,34.53,,36.17,32.92,34.58,2025,11,22,Saturday,5,True,False,False,True,False,False,,False,False,True,False,False,False,47,4,326,39,False,22,False,False,1.3428571428571396,34.556666666666665,0.9992283206327771,,,,,,,,
2025-11-23,PROD_023,Liforme Yoga Pad,Wellness,Rodillera Yoga,35,False,,35.47,,34.81,31.96,35.55,2025,11,23,Sunday,6,True,False,False,False,True,False,,False,False,True,False,False,False,47,4,327,38,False,23,False,False,-1.3428571428571396,34.10666666666667,1.0399726348709928,,,,,,,,
2025-11-24,PROD_023,Liforme Yoga Pad,Wellness,Rodillera Yoga,35,False,,34.63,,36.51,32.63,35.61,2025,11,24,Monday,0,False,True,False,False,False,False,,False,False,True,False,False,False,48,4,328,37,False,24,False,False,1.0571428571428498,34.916666666666664,0.9917899761336517,,,,,,,,
2025-11-25,PROD_023,Liforme Yoga Pad,Wellness,Rodillera Yoga,35,False,,34.37,,35.03,33.95,35.01,2025,11,25,Tuesday,1,False,False,False,False,False,False,,False,False,True,False,False,False,48,4,329,36,False,25,False,False,1.8000000000000071,34.663333333333334,0.9915376478507548,,,,,,,,
2025-11-26,PROD_023,Liforme Yoga Pad,Wellness,Rodillera Yoga,35,False,,35.51,,35.81,31.46,32.16,2025,11,26,Wednesday,2,False,False,False,False,False,False,,False,False,True,False,False,False,48,4,330,35,False,26,False,False,-1.4571428571428515,33.14333333333334,1.07140702001408,,,,,,,,
2025-11-27,PROD_023,Liforme Yoga Pad,Wellness,Rodillera Yoga,35,False,,34.48,,36.88,30.84,33.64,2025,11,27,Thursday,3,False,False,False,False,False,False,,False,False,True,False,False,False,48,4,331,34,False,27,False,False,1.4857142857142946,33.78666666666667,1.0205209155485397,,,,,,,,
2025-11-28,PROD_023,Liforme Yoga Pad,Wellness,Rodillera Yoga,35,False,,29.75,,35.28,31.76,32.19,2025,11,28,Friday,4,False,False,True,False,False,False,,True,False,True,False,False,False,48,4,332,33,False,28,True,False,15.0,33.07666666666667,0.8994255769424568,,,,,,,,
2025-11-29,PROD_023,Liforme Yoga Pad,Wellness,Rodillera Yoga,35,False,,35.1,,35.06,31.34,33.66,2025,11,29,Saturday,5,True,False,False,True,False,False,,False,False,True,False,False,False,48,4,333,32,False,29,True,False,-0.2857142857142898,33.35333333333333,1.0523685788526884,,,,,,,,
2025-11-30,PROD_023,Liforme Yoga Pad,Wellness,Rodillera Yoga,35,False,,34.79,,33.0,30.41,36.41,2025,11,30,Sunday,6,True,False,False,False,True,False,,False,False,True,False,False,False,48,4,334,31,False,30,True,False,0.6000000000000024,33.27333333333333,1.0455820476858344,,,,,,,,
2025-11-01,PROD_024,Lotuscrafts Yoga Bolster,Wellness,Cojín Yoga,50,False,,49.57,,50.29,45.71,48.43,2025,11,1,Saturday,5,True,False,False,True,False,True,Todos los Santos,False,False,True,False,False,False,44,4,305,60,False,1,False,True,0.8599999999999994,48.14333333333334,1.0296337326040295,1.0,4.0,2.0,4.0,2.0,4.0,1.0,2.5714285714285716
2025-11-02,PROD_024,Lotuscrafts Yoga Bolster,Wellness,Cojín Yoga,50,False,,49.15,,50.21,45.47,50.19,2025,11,2,Sunday,6,True,False,False,False,True,False,,False,False,True,False,False,False,44,4,306,59,False,2,False,True,1.7000000000000028,48.623333333333335,1.0108315623500377,,,,,,,,
2025-11-03,PROD_024,Lotuscrafts Yoga Bolster,Wellness,Cojín Yoga,50,False,,49.18,,54.22,47.73,47.3,2025,11,3,Monday,0,False,True,False,False,False,False,,False,False,True,False,False,False,45,4,307,58,False,3,False,True,1.6400000000000006,49.75,0.9885427135678392,,,,,,,,
2025-11-04,PROD_024,Lotuscrafts Yoga Bolster,Wellness,Cojín Yoga,50,False,,49.03,,51.96,47.49,51.81,2025,11,4,Tuesday,1,False,False,False,False,False,False,,False,False,True,False,False,False,45,4,308,57,False,4,False,False,1.9399999999999977,50.419999999999995,0.972431574771916,,,,,,,,
2025-11-05,PROD_024,Lotuscrafts Yoga Bolster,Wellness,Cojín Yoga,50,False,,50.22,,46.72,44.15,51.82,2025,11,5,Wednesday,2,False,False,False,False,False,False,,False,False,True,False,False,False,45,4,309,56,False,5,False,False,-0.43999999999999767,47.56333333333333,1.0558553507603896,,,,,,,,
2025-11-06,PROD_024,Lotuscrafts Yoga Bolster,Wellness,Cojín Yoga,50,False,,50.89,,50.46,45.26,50.37,2025,11,6,Thursday,3,False,False,False,False,False,False,,False,False,True,False,False,False,45,4,310,55,False,6,False,False,-1.7800000000000011,48.696666666666665,1.04504072831816,,,,,,,,
2025-11-07,PROD_024,Lotuscrafts Yoga Bolster,Wellness,Cojín Yoga,50,False,,50.18,,52.54,47.46,49.39,2025,11,7,Friday,4,False,False,True,False,False,False,,False,False,True,False,False,False,45,4,311,54,False,7,False,False,-0.35999999999999943,49.79666666666666,1.0076979717517907,,,,,,,,
2025-11-08,PROD_024,Lotuscrafts Yoga Bolster,Wellness,Cojín Yoga,50,False,,50.17,,49.61,45.08,46.67,2025,11,8,Saturday,5,True,False,False,True,False,False,,False,False,True,False,False,False,45,4,312,53,False,8,False,False,-0.3400000000000034,47.120000000000005,1.0647283531409168,,,,,,,,
2025-11-09,PROD_024,Lotuscrafts Yoga Bolster,Wellness,Cojín Yoga,50,False,,50.92,,52.75,45.07,50.93,2025,11,9,Sunday,6,True,False,False,False,True,False,,False,False,True,False,False,False,45,4,313,52,False,9,False,False,-1.8400000000000034,49.583333333333336,1.0269579831932774,,,,,,,,
2025-11-10,PROD_024,Lotuscrafts Yoga Bolster,Wellness,Cojín Yoga,50,False,,50.95,,46.99,44.23,49.56,2025,11,10,Monday,0,False,True,False,False,False,False,,False,False,True,False,False,False,46,4,314,51,False,10,False,False,-1.900000000000006,46.92666666666667,1.085736610313965,,,,,,,,
2025-11-11,PROD_024,Lotuscrafts Yoga Bolster,Wellness,Cojín Yoga,50,False,,50.5,,49.38,46.91,48.98,2025,11,11,Tuesday,1,False,False,False,False,False,False,,False,False,True,False,False,False,46,4,315,50,False,11,False,False,-1.0,48.423333333333325,1.0428856611826256,,,,,,,,
2025-11-12,PROD_024,Lotuscrafts Yoga Bolster,Wellness,Cojín Yoga,50,False,,50.45,,45.42,45.63,49.66,2025,11,12,Wednesday,2,False,False,False,False,False,False,,False,False,True,False,False,False,46,4,316,49,False,12,False,False,-0.9000000000000057,46.903333333333336,1.0756165162390732,,,,,,,,
2025-11-13,PROD_024,Lotuscrafts Yoga Bolster,Wellness,Cojín Yoga,50,False,,50.23,,46.26,46.7,48.85,2025,11,13,Thursday,3,False,False,False,False,False,False,,False,False,True,False,False,False,46,4,317,48,False,13,False,False,-0.45999999999999375,47.27,1.0626189972498412,,,,,,,,
2025-11-14,PROD_024,Lotuscrafts Yoga Bolster,Wellness,Cojín Yoga,50,False,,49.4,,50.44,46.17,50.94,2025,11,14,Friday,4,False,False,True,False,False,False,,False,False,True,False,False,False,46,4,318,47,False,14,False,False,1.2000000000000028,49.18333333333334,1.0044052863436121,,,,,,,,
2025-11-15,PROD_024,Lotuscrafts Yoga Bolster,Wellness,Cojín Yoga,50,False,,49.03,,47.63,44.51,48.05,2025,11,15,Saturday,5,True,False,False,True,False,False,,False,False,True,False,False,False,46,4,319,46,False,15,False,False,1.9399999999999977,46.73,1.049218917183822,,,,,,,,
2025-11-16,PROD_024,Lotuscrafts Yoga Bolster,Wellness,Cojín Yoga,50,False,,49.13,,47.5,48.31,49.25,2025,11,16,Sunday,6,True,False,False,False,True,False,,False,False,True,False,False,False,46,4,320,45,False,16,False,False,1.739999999999995,48.35333333333333,1.0160623190403972,,,,,,,,
2025-11-17,PROD_024,Lotuscrafts Yoga Bolster,Wellness,Cojín Yoga,50,False,,50.21,,48.17,45.98,50.81,2025,11,17,Monday,0,False,True,False,False,False,False,,False,False,True,False,False,False,47,4,321,44,False,17,False,False,-0.4200000000000017,48.32,1.039114238410596,,,,,,,,
2025-11-18,PROD_024,Lotuscrafts Yoga Bolster,Wellness,Cojín Yoga,50,False,,50.87,,51.0,43.38,50.24,2025,11,18,Tuesday,1,False,False,False,False,False,False,,False,False,True,False,False,False,47,4,322,43,False,18,False,False,-1.739999999999995,48.20666666666667,1.0552482367584013,,,,,,,,
2025-11-19,PROD_024,Lotuscrafts Yoga Bolster,Wellness,Cojín Yoga,50,False,,50.23,,52.06,47.01,48.34,2025,11,19,Wednesday,2,False,False,False,False,False,False,,False,False,True,False,False,False,47,4,323,42,False,19,False,False,-0.45999999999999375,49.13666666666666,1.0222508649345363,,,,,,,,
2025-11-20,PROD_024,Lotuscrafts Yoga Bolster,Wellness,Cojín Yoga,50,False,,49.74,,49.83,45.85,51.33,2025,11,20,Thursday,3,False,False,False,False,False,False,,False,False,True,False,False,False,47,4,324,41,False,20,False,False,0.519999999999996,49.00333333333333,1.0150329909529965,,,,,,,,
2025-11-21,PROD_024,Lotuscrafts Yoga Bolster,Wellness,Cojín Yoga,50,False,,50.08,,47.62,43.41,50.43,2025,11,21,Friday,4,False,False,True,False,False,False,,False,False,True,False,False,False,47,4,325,40,False,21,False,False,-0.1599999999999966,47.153333333333336,1.0620670154107168,,,,,,,,
2025-11-22,PROD_024,Lotuscrafts Yoga Bolster,Wellness,Cojín Yoga,50,False,,50.57,,51.67,49.0,48.37,2025,11,22,Saturday,5,True,False,False,True,False,False,,False,False,True,False,False,False,47,4,326,39,False,22,False,False,-1.1400000000000006,49.68,1.017914653784219,,,,,,,,
2025-11-23,PROD_024,Lotuscrafts Yoga Bolster,Wellness,Cojín Yoga,50,False,,49.5,,48.1,48.33,53.72,2025,11,23,Sunday,6,True,False,False,False,True,False,,False,False,True,False,False,False,47,4,327,38,False,23,False,False,1.0,50.050000000000004,0.9890109890109889,,,,,,,,
2025-11-24,PROD_024,Lotuscrafts Yoga Bolster,Wellness,Cojín Yoga,50,False,,50.87,,47.67,44.84,46.37,2025,11,24,Monday,0,False,True,False,False,False,False,,False,False,True,False,False,False,48,4,328,37,False,24,False,False,-1.739999999999995,46.29333333333333,1.0988623271889402,,,,,,,,
2025-11-25,PROD_024,Lotuscrafts Yoga Bolster,Wellness,Cojín Yoga,50,False,,49.04,,49.8,42.56,49.81,2025,11,25,Tuesday,1,False,False,False,False,False,False,,False,False,True,False,False,False,48,4,329,36,False,25,False,False,1.9200000000000015,47.39000000000001,1.0348174720405148,,,,,,,,
2025-11-26,PROD_024,Lotuscrafts Yoga Bolster,Wellness,Cojín Yoga,50,False,,50.85,,47.88,46.0,49.1,2025,11,26,Wednesday,2,False,False,False,False,False,False,,False,False,True,False,False,False,48,4,330,35,False,26,False,False,-1.7000000000000028,47.66,1.0669324381032312,,,,,,,,
2025-11-27,PROD_024,Lotuscrafts Yoga Bolster,Wellness,Cojín Yoga,50,False,,49.82,,46.36,46.89,49.29,2025,11,27,Thursday,3,False,False,False,False,False,False,,False,False,True,False,False,False,48,4,331,34,False,27,False,False,0.35999999999999943,47.51333333333333,1.0485477760628596,,,,,,,,
2025-11-28,PROD_024,Lotuscrafts Yoga Bolster,Wellness,Cojín Yoga,50,False,,42.5,,49.65,42.64,48.59,2025,11,28,Friday,4,False,False,True,False,False,False,,True,False,True,False,False,False,48,4,332,33,False,28,True,False,15.0,46.96,0.9050255536626917,,,,,,,,
2025-11-29,PROD_024,Lotuscrafts Yoga Bolster,Wellness,Cojín Yoga,50,False,,50.37,,50.17,45.08,48.64,2025,11,29,Saturday,5,True,False,False,True,False,False,,False,False,True,False,False,False,48,4,333,32,False,29,True,False,-0.7399999999999949,47.96333333333333,1.050177218708736,,,,,,,,
2025-11-30,PROD_024,Lotuscrafts Yoga Bolster,Wellness,Cojín Yoga,50,False,,49.62,,50.0,42.97,45.65,2025,11,30,Sunday,6,True,False,False,False,True,False,,False,False,True,False,False,False,48,4,334,31,False,30,True,False,0.7600000000000051,46.20666666666667,1.073871014283653,,,,,,,,
